[2026-09-20 22:11:05] Cliente ID 1 conectado
[2026-09-20 22:11:05] Cliente ID 1 -> LOGIN SEU_USUARIO SUA_SENHA
[2026-09-20 22:11:05] Cliente ID 1 <- ERROR INVALID_CREDENTIALS
[2026-09-20 22:11:05] Cliente ID 2 conectado
[2026-09-20 22:11:05] Cliente ID 2 -> LOGIN SEU_USUARIO SUA_SENHA
[2026-09-20 22:11:05] Cliente ID 2 <- ERROR INVALID_CREDENTIALS
[2026-09-20 22:11:05] Cliente ID 3 conectado
[2026-09-20 22:11:05] Cliente ID 4 conectado
[2026-09-20 22:11:05] Cliente ID 3 -> LOGIN SEU_USUARIO SUA_SENHA
[2026-09-20 22:11:05] Cliente ID 3 <- ERROR INVALID_CREDENTIALS
[2026-09-20 22:11:05] Cliente ID 4 -> LOGIN SEU_USUARIO SUA_SENHA
[2026-09-20 22:11:05] Cliente ID 4 <- ERROR INVALID_CREDENTIALS
[2026-09-20 22:11:05] Recursos do cliente ID 3 liberados automaticamente
[2026-09-20 22:11:05] Cliente ID 3 desconectado
[2026-09-20 22:11:05] Cliente ID 5 conectado
[2026-09-20 22:11:05] Cliente ID 5 -> LOGIN SEU_USUARIO SUA_SENHA
[2026-09-20 22:11:05] Cliente ID 5 <- ERROR INVALID_CREDENTIALS
[2026-09-20 22:11:05] Recursos do cliente ID 4 liberados automaticamente
[2026-09-20 22:11:05] Cliente ID 4 desconectado
[2026-09-20 22:11:05] Recursos do cliente ID 2 liberados automaticamente
[2026-09-20 22:11:05] Cliente ID 2 desconectado
[2026-09-20 22:11:05] Recursos do cliente ID 5 liberados automaticamente
[2026-09-20 22:11:05] Recursos do cliente ID 1 liberados automaticamente
[2026-09-20 22:11:05] Cliente ID 5 desconectado
[2026-09-20 22:11:05] Cliente ID 1 desconectado
[2026-09-20 22:11:06] Cliente ID 6 conectado
[2026-09-20 22:11:06] Cliente ID 7 conectado
[2026-09-20 22:11:06] Cliente ID 8 conectado
[2026-09-20 22:11:06] Cliente ID 7 -> LOGIN SEU_USUARIO SUA_SENHA
[2026-09-20 22:11:06] Cliente ID 7 <- ERROR INVALID_CREDENTIALS
[2026-09-20 22:11:06] Cliente ID 6 -> LOGIN SEU_USUARIO SUA_SENHA
[2026-09-20 22:11:06] Cliente ID 6 <- ERROR INVALID_CREDENTIALS
[2026-09-20 22:11:06] Cliente ID 9 conectado
[2026-09-20 22:11:06] Recursos do cliente ID 7 liberados automaticamente
[2026-09-20 22:11:06] Cliente ID 7 desconectado
[2026-09-20 22:11:06] Cliente ID 10 conectado
[2026-09-20 22:11:06] Cliente ID 9 -> LOGIN SEU_USUARIO SUA_SENHA
[2026-09-20 22:11:06] Cliente ID 9 <- ERROR INVALID_CREDENTIALS
[2026-09-20 22:11:06] Recursos do cliente ID 6 liberados automaticamente
[2026-09-20 22:11:06] Cliente ID 6 desconectado
[2026-09-20 22:11:06] Cliente ID 10 -> LOGIN SEU_USUARIO SUA_SENHA
[2026-09-20 22:11:06] Cliente ID 10 <- ERROR INVALID_CREDENTIALS
[2026-09-20 22:11:06] Cliente ID 8 -> LOGIN SEU_USUARIO SUA_SENHA
[2026-09-20 22:11:06] Cliente ID 8 <- ERROR INVALID_CREDENTIALS
[2026-09-20 22:11:06] Recursos do cliente ID 9 liberados automaticamente
[2026-09-20 22:11:06] Cliente ID 9 desconectado
[2026-09-20 22:11:06] Recursos do cliente ID 8 liberados automaticamente
[2026-09-20 22:11:06] Cliente ID 8 desconectado
[2026-09-20 22:11:06] Cliente ID 11 conectado
[2026-09-20 22:11:06] Cliente ID 12 conectado
[2026-09-20 22:11:06] Cliente ID 11 -> LOGIN SEU_USUARIO SUA_SENHA
[2026-09-20 22:11:06] Cliente ID 11 <- ERROR INVALID_CREDENTIALS
[2026-09-20 22:11:06] Cliente ID 13 conectado
[2026-09-20 22:11:06] Recursos do cliente ID 11 liberados automaticamente
[2026-09-20 22:11:06] Cliente ID 11 desconectado
[2026-09-20 22:11:06] Cliente ID 14 conectado
[2026-09-20 22:11:06] Cliente ID 13 -> LOGIN SEU_USUARIO SUA_SENHA
[2026-09-20 22:11:06] Cliente ID 13 <- ERROR INVALID_CREDENTIALS
[2026-09-20 22:11:06] Cliente ID 12 -> LOGIN SEU_USUARIO SUA_SENHA
[2026-09-20 22:11:06] Cliente ID 12 <- ERROR INVALID_CREDENTIALS
[2026-09-20 22:11:06] Cliente ID 14 -> LOGIN SEU_USUARIO SUA_SENHA
[2026-09-20 22:11:06] Cliente ID 14 <- ERROR INVALID_CREDENTIALS
[2026-09-20 22:11:06] Cliente ID 15 conectado
[2026-09-20 22:11:06] Cliente ID 15 -> LOGIN SEU_USUARIO SUA_SENHA
[2026-09-20 22:11:06] Cliente ID 15 <- ERROR INVALID_CREDENTIALS
[2026-09-20 22:11:06] Recursos do cliente ID 10 liberados automaticamente
[2026-09-20 22:11:06] Cliente ID 10 desconectado
[2026-09-20 22:11:06] Recursos do cliente ID 12 liberados automaticamente
[2026-09-20 22:11:06] Cliente ID 12 desconectado
[2026-09-20 22:11:06] Recursos do cliente ID 14 liberados automaticamente
[2026-09-20 22:11:06] Cliente ID 14 desconectado
[2026-09-20 22:11:06] Recursos do cliente ID 13 liberados automaticamente
[2026-09-20 22:11:06] Recursos do cliente ID 15 liberados automaticamente
[2026-09-20 22:11:06] Cliente ID 13 desconectado
[2026-09-20 22:11:06] Cliente ID 15 desconectado
[2026-09-20 22:11:07] Cliente ID 16 conectado
[2026-09-20 22:11:07] Cliente ID 16 -> LOGIN SEU_USUARIO SUA_SENHA
[2026-09-20 22:11:07] Cliente ID 16 <- ERROR INVALID_CREDENTIALS
[2026-09-20 22:11:07] Cliente ID 17 conectado
[2026-09-20 22:11:07] Cliente ID 17 -> LOGIN SEU_USUARIO SUA_SENHA
[2026-09-20 22:11:07] Cliente ID 17 <- ERROR INVALID_CREDENTIALS
[2026-09-20 22:11:07] Cliente ID 18 conectado
[2026-09-20 22:11:07] Recursos do cliente ID 17 liberados automaticamente
[2026-09-20 22:11:07] Cliente ID 17 desconectado
[2026-09-20 22:11:07] Cliente ID 18 -> LOGIN SEU_USUARIO SUA_SENHA
[2026-09-20 22:11:07] Cliente ID 18 <- ERROR INVALID_CREDENTIALS
[2026-09-20 22:11:07] Cliente ID 19 conectado
[2026-09-20 22:11:07] Cliente ID 20 conectado
[2026-09-20 22:11:07] Cliente ID 19 -> LOGIN SEU_USUARIO SUA_SENHA
[2026-09-20 22:11:07] Cliente ID 19 <- ERROR INVALID_CREDENTIALS
[2026-09-20 22:11:07] Cliente ID 20 -> LOGIN SEU_USUARIO SUA_SENHA
[2026-09-20 22:11:07] Cliente ID 20 <- ERROR INVALID_CREDENTIALS
[2026-09-20 22:11:07] Recursos do cliente ID 18 liberados automaticamente
[2026-09-20 22:11:07] Cliente ID 18 desconectado
[2026-09-20 22:11:07] Recursos do cliente ID 16 liberados automaticamente
[2026-09-20 22:11:07] Recursos do cliente ID 20 liberados automaticamente
[2026-09-20 22:11:07] Cliente ID 16 desconectado
[2026-09-20 22:11:07] Cliente ID 20 desconectado
[2026-09-20 22:11:07] Cliente ID 21 conectado
[2026-09-20 22:11:07] Cliente ID 21 -> LOGIN SEU_USUARIO SUA_SENHA
[2026-09-20 22:11:07] Cliente ID 21 <- ERROR INVALID_CREDENTIALS
[2026-09-20 22:11:07] Recursos do cliente ID 19 liberados automaticamente
[2026-09-20 22:11:07] Cliente ID 19 desconectado
[2026-09-20 22:11:07] Recursos do cliente ID 21 liberados automaticamente
[2026-09-20 22:11:07] Cliente ID 21 desconectado
[2026-09-20 22:11:07] Cliente ID 22 conectado
[2026-09-20 22:11:07] Cliente ID 22 -> LOGIN SEU_USUARIO SUA_SENHA
[2026-09-20 22:11:07] Cliente ID 22 <- ERROR INVALID_CREDENTIALS
[2026-09-20 22:11:07] Cliente ID 23 conectado
[2026-09-20 22:11:07] Cliente ID 23 -> LOGIN SEU_USUARIO SUA_SENHA
[2026-09-20 22:11:07] Cliente ID 23 <- ERROR INVALID_CREDENTIALS
[2026-09-20 22:11:07] Cliente ID 24 conectado
[2026-09-20 22:11:07] Recursos do cliente ID 23 liberados automaticamente
[2026-09-20 22:11:07] Cliente ID 23 desconectado
[2026-09-20 22:11:07] Cliente ID 24 -> LOGIN SEU_USUARIO SUA_SENHA
[2026-09-20 22:11:07] Cliente ID 24 <- ERROR INVALID_CREDENTIALS
[2026-09-20 22:11:07] Recursos do cliente ID 22 liberados automaticamente
[2026-09-20 22:11:07] Cliente ID 22 desconectado
[2026-09-20 22:11:07] Recursos do cliente ID 24 liberados automaticamente
[2026-09-20 22:11:07] Cliente ID 24 desconectado
[2026-09-20 22:11:07] Cliente ID 25 conectado
[2026-09-20 22:11:07] Cliente ID 25 -> LOGIN SEU_USUARIO SUA_SENHA
[2026-09-20 22:11:07] Cliente ID 25 <- ERROR INVALID_CREDENTIALS
[2026-09-20 22:11:07] Recursos do cliente ID 25 liberados automaticamente
[2026-09-20 22:11:07] Cliente ID 25 desconectado
[2026-09-20 22:11:07] Cliente ID 26 conectado
[2026-09-20 22:11:07] Cliente ID 27 conectado
[2026-09-20 22:11:07] Cliente ID 27 -> LOGIN SEU_USUARIO SUA_SENHA
[2026-09-20 22:11:07] Cliente ID 27 <- ERROR INVALID_CREDENTIALS
[2026-09-20 22:11:07] Cliente ID 26 -> LOGIN SEU_USUARIO SUA_SENHA
[2026-09-20 22:11:07] Cliente ID 26 <- ERROR INVALID_CREDENTIALS
[2026-09-20 22:11:07] Recursos do cliente ID 27 liberados automaticamente
[2026-09-20 22:11:07] Cliente ID 27 desconectado
[2026-09-20 22:11:07] Recursos do cliente ID 26 liberados automaticamente
[2026-09-20 22:11:07] Cliente ID 26 desconectado
[2026-09-20 22:11:07] Cliente ID 28 conectado
[2026-09-20 22:11:07] Cliente ID 29 conectado
[2026-09-20 22:11:07] Cliente ID 28 -> LOGIN SEU_USUARIO SUA_SENHA
[2026-09-20 22:11:07] Cliente ID 28 <- ERROR INVALID_CREDENTIALS
[2026-09-20 22:11:07] Cliente ID 29 -> LOGIN SEU_USUARIO SUA_SENHA
[2026-09-20 22:11:07] Cliente ID 29 <- ERROR INVALID_CREDENTIALS
[2026-09-20 22:11:07] Cliente ID 30 conectado
[2026-09-20 22:11:07] Cliente ID 30 -> LOGIN SEU_USUARIO SUA_SENHA
[2026-09-20 22:11:07] Cliente ID 30 <- ERROR INVALID_CREDENTIALS
[2026-09-20 22:11:07] Recursos do cliente ID 30 liberados automaticamente
[2026-09-20 22:11:07] Cliente ID 30 desconectado
[2026-09-20 22:11:07] Recursos do cliente ID 28 liberados automaticamente
[2026-09-20 22:11:07] Cliente ID 28 desconectado
[2026-09-20 22:11:07] Recursos do cliente ID 29 liberados automaticamente
[2026-09-20 22:11:07] Cliente ID 29 desconectado
[2026-09-20 22:11:07] Cliente ID 31 conectado
[2026-09-20 22:11:07] Cliente ID 31 -> LOGIN SEU_USUARIO SUA_SENHA
[2026-09-20 22:11:07] Cliente ID 31 <- ERROR INVALID_CREDENTIALS
[2026-09-20 22:11:07] Recursos do cliente ID 31 liberados automaticamente
[2026-09-20 22:11:07] Cliente ID 31 desconectado
[2026-09-20 22:11:07] Cliente ID 32 conectado
[2026-09-20 22:11:07] Cliente ID 33 conectado
[2026-09-20 22:11:07] Cliente ID 34 conectado
[2026-09-20 22:11:07] Cliente ID 32 -> LOGIN SEU_USUARIO SUA_SENHA
[2026-09-20 22:11:07] Cliente ID 32 <- ERROR INVALID_CREDENTIALS
[2026-09-20 22:11:07] Cliente ID 35 conectado
[2026-09-20 22:11:07] Cliente ID 33 -> LOGIN SEU_USUARIO SUA_SENHA
[2026-09-20 22:11:07] Cliente ID 33 <- ERROR INVALID_CREDENTIALS
[2026-09-20 22:11:07] Recursos do cliente ID 32 liberados automaticamente
[2026-09-20 22:11:07] Cliente ID 32 desconectado
[2026-09-20 22:11:07] Recursos do cliente ID 33 liberados automaticamente
[2026-09-20 22:11:07] Cliente ID 33 desconectado
[2026-09-20 22:11:07] Cliente ID 34 -> LOGIN SEU_USUARIO SUA_SENHA
[2026-09-20 22:11:07] Cliente ID 34 <- ERROR INVALID_CREDENTIALS
[2026-09-20 22:11:07] Recursos do cliente ID 34 liberados automaticamente
[2026-09-20 22:11:07] Cliente ID 34 desconectado
[2026-09-20 22:11:07] Cliente ID 35 -> LOGIN SEU_USUARIO SUA_SENHA
[2026-09-20 22:11:07] Cliente ID 35 <- ERROR INVALID_CREDENTIALS
[2026-09-20 22:11:07] Recursos do cliente ID 35 liberados automaticamente
[2026-09-20 22:11:07] Cliente ID 35 desconectado
[2026-09-20 22:11:25] Cliente ID 36 conectado
[2026-09-20 22:11:25] Cliente ID 36 -> LOGIN SEU_USUARIO SUA_SENHA
[2026-09-20 22:11:25] Cliente ID 36 <- ERROR INVALID_CREDENTIALS
[2026-09-20 22:11:25] Cliente ID 37 conectado
[2026-09-20 22:11:25] Cliente ID 37 -> LOGIN SEU_USUARIO SUA_SENHA
[2026-09-20 22:11:25] Cliente ID 37 <- ERROR INVALID_CREDENTIALS
[2026-09-20 22:11:25] Cliente ID 38 conectado
[2026-09-20 22:11:25] Cliente ID 38 -> LOGIN SEU_USUARIO SUA_SENHA
[2026-09-20 22:11:25] Cliente ID 38 <- ERROR INVALID_CREDENTIALS
[2026-09-20 22:11:25] Recursos do cliente ID 36 liberados automaticamente
[2026-09-20 22:11:25] Cliente ID 36 desconectado
[2026-09-20 22:11:25] Recursos do cliente ID 38 liberados automaticamente
[2026-09-20 22:11:25] Cliente ID 38 desconectado
[2026-09-20 22:11:25] Cliente ID 39 conectado
[2026-09-20 22:11:25] Recursos do cliente ID 37 liberados automaticamente
[2026-09-20 22:11:25] Cliente ID 39 -> LOGIN SEU_USUARIO SUA_SENHA
[2026-09-20 22:11:25] Cliente ID 39 <- ERROR INVALID_CREDENTIALS
[2026-09-20 22:11:25] Cliente ID 37 desconectado
[2026-09-20 22:11:25] Recursos do cliente ID 39 liberados automaticamente
[2026-09-20 22:11:25] Cliente ID 40 conectado
[2026-09-20 22:11:25] Cliente ID 39 desconectado
[2026-09-20 22:11:25] Cliente ID 40 -> LOGIN SEU_USUARIO SUA_SENHA
[2026-09-20 22:11:25] Cliente ID 40 <- ERROR INVALID_CREDENTIALS
[2026-09-20 22:11:25] Recursos do cliente ID 40 liberados automaticamente
[2026-09-20 22:11:25] Cliente ID 40 desconectado
[2026-09-20 22:11:26] Cliente ID 41 conectado
[2026-09-20 22:11:26] Cliente ID 42 conectado
[2026-09-20 22:11:26] Cliente ID 42 -> LOGIN SEU_USUARIO SUA_SENHA
[2026-09-20 22:11:26] Cliente ID 42 <- ERROR INVALID_CREDENTIALS
[2026-09-20 22:11:26] Cliente ID 43 conectado
[2026-09-20 22:11:26] Cliente ID 44 conectado
[2026-09-20 22:11:26] Cliente ID 45 conectado
[2026-09-20 22:11:26] Cliente ID 44 -> LOGIN SEU_USUARIO SUA_SENHA
[2026-09-20 22:11:26] Cliente ID 44 <- ERROR INVALID_CREDENTIALS
[2026-09-20 22:11:26] Cliente ID 41 -> LOGIN SEU_USUARIO SUA_SENHA
[2026-09-20 22:11:26] Cliente ID 41 <- ERROR INVALID_CREDENTIALS
[2026-09-20 22:11:26] Cliente ID 45 -> LOGIN SEU_USUARIO SUA_SENHA
[2026-09-20 22:11:26] Cliente ID 45 <- ERROR INVALID_CREDENTIALS
[2026-09-20 22:11:26] Cliente ID 43 -> LOGIN SEU_USUARIO SUA_SENHA
[2026-09-20 22:11:26] Cliente ID 43 <- ERROR INVALID_CREDENTIALS
[2026-09-20 22:11:26] Cliente ID 46 conectado
[2026-09-20 22:11:26] Recursos do cliente ID 42 liberados automaticamente
[2026-09-20 22:11:26] Cliente ID 42 desconectado
[2026-09-20 22:11:26] Cliente ID 46 -> LOGIN SEU_USUARIO SUA_SENHA
[2026-09-20 22:11:26] Cliente ID 46 <- ERROR INVALID_CREDENTIALS
[2026-09-20 22:11:26] Cliente ID 47 conectado
[2026-09-20 22:11:26] Cliente ID 47 -> LOGIN SEU_USUARIO SUA_SENHA
[2026-09-20 22:11:26] Cliente ID 47 <- ERROR INVALID_CREDENTIALS
[2026-09-20 22:11:26] Cliente ID 48 conectado
[2026-09-20 22:11:26] Recursos do cliente ID 44 liberados automaticamente
[2026-09-20 22:11:26] Cliente ID 49 conectado
[2026-09-20 22:11:26] Cliente ID 44 desconectado
[2026-09-20 22:11:26] Cliente ID 48 -> LOGIN SEU_USUARIO SUA_SENHA
[2026-09-20 22:11:26] Cliente ID 48 <- ERROR INVALID_CREDENTIALS
[2026-09-20 22:11:26] Cliente ID 50 conectado
[2026-09-20 22:11:26] Cliente ID 49 -> LOGIN SEU_USUARIO SUA_SENHA
[2026-09-20 22:11:26] Cliente ID 49 <- ERROR INVALID_CREDENTIALS
[2026-09-20 22:11:26] Recursos do cliente ID 41 liberados automaticamente
[2026-09-20 22:11:26] Cliente ID 41 desconectado
[2026-09-20 22:11:26] Cliente ID 50 -> LOGIN SEU_USUARIO SUA_SENHA
[2026-09-20 22:11:26] Cliente ID 50 <- ERROR INVALID_CREDENTIALS
[2026-09-20 22:11:26] Recursos do cliente ID 45 liberados automaticamente
[2026-09-20 22:11:26] Cliente ID 45 desconectado
[2026-09-20 22:11:26] Recursos do cliente ID 48 liberados automaticamente
[2026-09-20 22:11:26] Recursos do cliente ID 47 liberados automaticamente
[2026-09-20 22:11:26] Cliente ID 47 desconectado
[2026-09-20 22:11:26] Recursos do cliente ID 43 liberados automaticamente
[2026-09-20 22:11:26] Cliente ID 48 desconectado
[2026-09-20 22:11:26] Cliente ID 43 desconectado
[2026-09-20 22:11:26] Recursos do cliente ID 49 liberados automaticamente
[2026-09-20 22:11:26] Cliente ID 49 desconectado
[2026-09-20 22:11:26] Recursos do cliente ID 46 liberados automaticamente
[2026-09-20 22:11:26] Cliente ID 46 desconectado
[2026-09-20 22:11:26] Recursos do cliente ID 50 liberados automaticamente
[2026-09-20 22:11:26] Cliente ID 50 desconectado
[2026-09-20 22:11:27] Cliente ID 51 conectado
[2026-09-20 22:11:27] Cliente ID 52 conectado
[2026-09-20 22:11:27] Cliente ID 52 -> LOGIN SEU_USUARIO SUA_SENHA
[2026-09-20 22:11:27] Cliente ID 52 <- ERROR INVALID_CREDENTIALS
[2026-09-20 22:11:27] Cliente ID 51 -> LOGIN SEU_USUARIO SUA_SENHA
[2026-09-20 22:11:27] Cliente ID 51 <- ERROR INVALID_CREDENTIALS
[2026-09-20 22:11:27] Cliente ID 53 conectado
[2026-09-20 22:11:27] Cliente ID 53 -> LOGIN SEU_USUARIO SUA_SENHA
[2026-09-20 22:11:27] Cliente ID 53 <- ERROR INVALID_CREDENTIALS
[2026-09-20 22:11:27] Cliente ID 54 conectado
[2026-09-20 22:11:27] Cliente ID 55 conectado
[2026-09-20 22:11:27] Cliente ID 54 -> LOGIN SEU_USUARIO SUA_SENHA
[2026-09-20 22:11:27] Cliente ID 54 <- ERROR INVALID_CREDENTIALS
[2026-09-20 22:11:27] Cliente ID 55 -> LOGIN SEU_USUARIO SUA_SENHA
[2026-09-20 22:11:27] Cliente ID 55 <- ERROR INVALID_CREDENTIALS
[2026-09-20 22:11:27] Recursos do cliente ID 53 liberados automaticamente
[2026-09-20 22:11:27] Cliente ID 53 desconectado
[2026-09-20 22:11:27] Cliente ID 56 conectado
[2026-09-20 22:11:27] Cliente ID 57 conectado
[2026-09-20 22:11:27] Cliente ID 56 -> LOGIN SEU_USUARIO SUA_SENHA
[2026-09-20 22:11:27] Cliente ID 56 <- ERROR INVALID_CREDENTIALS
[2026-09-20 22:11:27] Cliente ID 57 -> LOGIN SEU_USUARIO SUA_SENHA
[2026-09-20 22:11:27] Cliente ID 57 <- ERROR INVALID_CREDENTIALS
[2026-09-20 22:11:27] Recursos do cliente ID 52 liberados automaticamente
[2026-09-20 22:11:27] Cliente ID 52 desconectado
[2026-09-20 22:11:27] Cliente ID 58 conectado
[2026-09-20 22:11:27] Cliente ID 59 conectado
[2026-09-20 22:11:27] Cliente ID 60 conectado
[2026-09-20 22:11:27] Cliente ID 59 -> LOGIN SEU_USUARIO SUA_SENHA
[2026-09-20 22:11:27] Cliente ID 59 <- ERROR INVALID_CREDENTIALS
[2026-09-20 22:11:27] Cliente ID 60 -> LOGIN SEU_USUARIO SUA_SENHA
[2026-09-20 22:11:27] Cliente ID 60 <- ERROR INVALID_CREDENTIALS
[2026-09-20 22:11:27] Cliente ID 61 conectado
[2026-09-20 22:11:27] Cliente ID 58 -> LOGIN SEU_USUARIO SUA_SENHA
[2026-09-20 22:11:27] Cliente ID 58 <- ERROR INVALID_CREDENTIALS
[2026-09-20 22:11:27] Cliente ID 61 -> LOGIN SEU_USUARIO SUA_SENHA
[2026-09-20 22:11:27] Cliente ID 61 <- ERROR INVALID_CREDENTIALS
[2026-09-20 22:11:27] Cliente ID 62 conectado
[2026-09-20 22:11:27] Cliente ID 63 conectado
[2026-09-20 22:11:27] Recursos do cliente ID 51 liberados automaticamente
[2026-09-20 22:11:27] Cliente ID 51 desconectado
[2026-09-20 22:11:27] Cliente ID 64 conectado
[2026-09-20 22:11:27] Cliente ID 62 -> LOGIN SEU_USUARIO SUA_SENHA
[2026-09-20 22:11:27] Cliente ID 62 <- ERROR INVALID_CREDENTIALS
[2026-09-20 22:11:27] Cliente ID 64 -> LOGIN SEU_USUARIO SUA_SENHA
[2026-09-20 22:11:27] Cliente ID 64 <- ERROR INVALID_CREDENTIALS
[2026-09-20 22:11:27] Cliente ID 63 -> LOGIN SEU_USUARIO SUA_SENHA
[2026-09-20 22:11:27] Cliente ID 63 <- ERROR INVALID_CREDENTIALS
[2026-09-20 22:11:27] Recursos do cliente ID 55 liberados automaticamente
[2026-09-20 22:11:27] Cliente ID 55 desconectado
[2026-09-20 22:11:27] Cliente ID 65 conectado
[2026-09-20 22:11:27] Cliente ID 66 conectado
[2026-09-20 22:11:27] Cliente ID 65 -> LOGIN SEU_USUARIO SUA_SENHA
[2026-09-20 22:11:27] Cliente ID 65 <- ERROR INVALID_CREDENTIALS
[2026-09-20 22:11:27] Cliente ID 67 conectado
[2026-09-20 22:11:27] Recursos do cliente ID 54 liberados automaticamente
[2026-09-20 22:11:27] Cliente ID 67 -> LOGIN SEU_USUARIO SUA_SENHA
[2026-09-20 22:11:27] Cliente ID 67 <- ERROR INVALID_CREDENTIALS
[2026-09-20 22:11:27] Cliente ID 54 desconectado
[2026-09-20 22:11:27] Cliente ID 68 conectado
[2026-09-20 22:11:27] Recursos do cliente ID 57 liberados automaticamente
[2026-09-20 22:11:27] Cliente ID 57 desconectado
[2026-09-20 22:11:27] Cliente ID 69 conectado
[2026-09-20 22:11:27] Cliente ID 66 -> LOGIN SEU_USUARIO SUA_SENHA
[2026-09-20 22:11:27] Cliente ID 66 <- ERROR INVALID_CREDENTIALS
[2026-09-20 22:11:27] Cliente ID 69 -> LOGIN SEU_USUARIO SUA_SENHA
[2026-09-20 22:11:27] Cliente ID 69 <- ERROR INVALID_CREDENTIALS
[2026-09-20 22:11:27] Cliente ID 68 -> LOGIN SEU_USUARIO SUA_SENHA
[2026-09-20 22:11:27] Cliente ID 68 <- ERROR INVALID_CREDENTIALS
[2026-09-20 22:11:27] Cliente ID 70 conectado
[2026-09-20 22:11:27] Recursos do cliente ID 56 liberados automaticamente
[2026-09-20 22:11:27] Cliente ID 56 desconectado
[2026-09-20 22:11:27] Cliente ID 70 -> LOGIN SEU_USUARIO SUA_SENHA
[2026-09-20 22:11:27] Cliente ID 70 <- ERROR INVALID_CREDENTIALS
[2026-09-20 22:11:27] Recursos do cliente ID 59 liberados automaticamente
[2026-09-20 22:11:27] Cliente ID 59 desconectado
[2026-09-20 22:11:27] Recursos do cliente ID 67 liberados automaticamente
[2026-09-20 22:11:27] Cliente ID 67 desconectado
[2026-09-20 22:11:27] Recursos do cliente ID 58 liberados automaticamente
[2026-09-20 22:11:27] Cliente ID 58 desconectado
[2026-09-20 22:11:27] Recursos do cliente ID 61 liberados automaticamente
[2026-09-20 22:11:27] Cliente ID 61 desconectado
[2026-09-20 22:11:27] Recursos do cliente ID 63 liberados automaticamente
[2026-09-20 22:11:27] Cliente ID 63 desconectado
[2026-09-20 22:11:27] Recursos do cliente ID 62 liberados automaticamente
[2026-09-20 22:11:27] Cliente ID 62 desconectado
[2026-09-20 22:11:27] Recursos do cliente ID 65 liberados automaticamente
[2026-09-20 22:11:27] Cliente ID 65 desconectado
[2026-09-20 22:11:27] Recursos do cliente ID 68 liberados automaticamente
[2026-09-20 22:11:27] Cliente ID 68 desconectado
[2026-09-20 22:11:27] Recursos do cliente ID 70 liberados automaticamente
[2026-09-20 22:11:27] Recursos do cliente ID 66 liberados automaticamente
[2026-09-20 22:11:27] Recursos do cliente ID 64 liberados automaticamente
[2026-09-20 22:11:27] Cliente ID 70 desconectado
[2026-09-20 22:11:27] Cliente ID 66 desconectado
[2026-09-20 22:11:27] Cliente ID 64 desconectado
[2026-09-20 22:11:27] Recursos do cliente ID 69 liberados automaticamente
[2026-09-20 22:11:27] Cliente ID 69 desconectado
[2026-09-20 22:11:27] Recursos do cliente ID 60 liberados automaticamente
[2026-09-20 22:11:27] Cliente ID 60 desconectado
[2026-09-20 22:11:58] Cliente ID 71 conectado
[2026-09-20 22:11:58] Cliente ID 71 -> LOGIN andreia 1234
[2026-09-20 22:11:58] Cliente ID 71 <- OK AUTHENTICATED
[2026-09-20 22:11:58] Cliente ID 72 conectado
[2026-09-20 22:11:58] Cliente ID 73 conectado
[2026-09-20 22:11:58] Cliente ID 74 conectado
[2026-09-20 22:11:58] Cliente ID 73 -> LOGIN andreia 1234
[2026-09-20 22:11:58] Cliente ID 73 <- OK AUTHENTICATED
[2026-09-20 22:11:58] Cliente ID 72 -> LOGIN andreia 1234
[2026-09-20 22:11:58] Cliente ID 72 <- OK AUTHENTICATED
[2026-09-20 22:11:58] Cliente ID 74 -> LOGIN andreia 1234
[2026-09-20 22:11:58] Cliente ID 74 <- OK AUTHENTICATED
[2026-09-20 22:11:58] Cliente ID 75 conectado
[2026-09-20 22:11:58] Cliente ID 75 -> LOGIN andreia 1234
[2026-09-20 22:11:58] Cliente ID 75 <- OK AUTHENTICATED
[2026-09-20 22:11:58] Cliente ID 75 -> CREATE bench_tcp_5 100
[2026-09-20 22:11:58] Cliente ID 73 -> CREATE bench_tcp_4 100
[2026-09-20 22:11:58] Cliente ID 71 -> CREATE bench_tcp_1 100
[2026-09-20 22:11:58] Cliente ID 74 -> CREATE bench_tcp_2 100
[2026-09-20 22:11:58] Cliente ID 75 <- OK RESOURCE_CREATED
[2026-09-20 22:11:58] Cliente ID 73 <- OK RESOURCE_CREATED
[2026-09-20 22:11:58] Cliente ID 73 -> GET bench_tcp_4
[2026-09-20 22:11:58] Cliente ID 73 <- OK VALUE 100
[2026-09-20 22:11:58] Cliente ID 75 -> GET bench_tcp_5
[2026-09-20 22:11:58] Cliente ID 75 <- OK VALUE 100
[2026-09-20 22:11:58] Cliente ID 72 -> CREATE bench_tcp_3 100
[2026-09-20 22:11:58] Cliente ID 71 <- OK RESOURCE_CREATED
[2026-09-20 22:11:58] Cliente ID 73 -> SET bench_tcp_4 200
[2026-09-20 22:11:58] Cliente ID 75 -> SET bench_tcp_5 200
[2026-09-20 22:11:58] Cliente ID 74 <- OK RESOURCE_CREATED
[2026-09-20 22:11:58] Cliente ID 74 -> GET bench_tcp_2
[2026-09-20 22:11:58] Cliente ID 74 <- OK VALUE 100
[2026-09-20 22:11:58] Cliente ID 71 -> GET bench_tcp_1
[2026-09-20 22:11:58] Cliente ID 74 -> SET bench_tcp_2 200
[2026-09-20 22:11:58] Cliente ID 72 <- OK RESOURCE_CREATED
[2026-09-20 22:11:58] Cliente ID 71 <- OK VALUE 100
[2026-09-20 22:11:58] Cliente ID 72 -> GET bench_tcp_3
[2026-09-20 22:11:58] Cliente ID 72 <- OK VALUE 100
[2026-09-20 22:11:58] Cliente ID 71 -> SET bench_tcp_1 200
[2026-09-20 22:11:58] Cliente ID 72 -> SET bench_tcp_3 200
[2026-09-20 22:11:58] Cliente ID 74 <- OK VALUE_UPDATED
[2026-09-20 22:11:58] Cliente ID 74 -> RESERVE bench_tcp_2
[2026-09-20 22:11:58] Cliente ID 71 <- OK VALUE_UPDATED
[2026-09-20 22:11:58] Cliente ID 71 -> RESERVE bench_tcp_1
[2026-09-20 22:11:58] Cliente ID 75 <- OK VALUE_UPDATED
[2026-09-20 22:11:58] Cliente ID 73 <- OK VALUE_UPDATED
[2026-09-20 22:11:58] Cliente ID 72 <- OK VALUE_UPDATED
[2026-09-20 22:11:58] Cliente ID 71 <- OK RESOURCE_RESERVED
[2026-09-20 22:11:58] Cliente ID 74 <- OK RESOURCE_RESERVED
[2026-09-20 22:11:58] Cliente ID 75 -> RESERVE bench_tcp_5
[2026-09-20 22:11:58] Cliente ID 73 -> RESERVE bench_tcp_4
[2026-09-20 22:11:58] Cliente ID 72 -> RESERVE bench_tcp_3
[2026-09-20 22:11:58] Cliente ID 75 <- OK RESOURCE_RESERVED
[2026-09-20 22:11:58] Cliente ID 74 -> RELEASE bench_tcp_2
[2026-09-20 22:11:58] Cliente ID 75 -> RELEASE bench_tcp_5
[2026-09-20 22:11:58] Cliente ID 71 -> RELEASE bench_tcp_1
[2026-09-20 22:11:58] Cliente ID 73 <- OK RESOURCE_RESERVED
[2026-09-20 22:11:58] Cliente ID 72 <- OK RESOURCE_RESERVED
[2026-09-20 22:11:58] Cliente ID 73 -> RELEASE bench_tcp_4
[2026-09-20 22:11:58] Cliente ID 72 -> RELEASE bench_tcp_3
[2026-09-20 22:11:58] Cliente ID 74 <- OK RESOURCE_RELEASED
[2026-09-20 22:11:58] Cliente ID 75 <- OK RESOURCE_RELEASED
[2026-09-20 22:11:58] Cliente ID 71 <- OK RESOURCE_RELEASED
[2026-09-20 22:11:58] Cliente ID 73 <- OK RESOURCE_RELEASED
[2026-09-20 22:11:58] Cliente ID 72 <- OK RESOURCE_RELEASED
[2026-09-20 22:11:58] Recursos do cliente ID 74 liberados automaticamente
[2026-09-20 22:11:58] Cliente ID 74 desconectado
[2026-09-20 22:11:58] Recursos do cliente ID 75 liberados automaticamente
[2026-09-20 22:11:58] Cliente ID 75 desconectado
[2026-09-20 22:11:58] Recursos do cliente ID 71 liberados automaticamente
[2026-09-20 22:11:58] Cliente ID 71 desconectado
[2026-09-20 22:11:58] Recursos do cliente ID 73 liberados automaticamente
[2026-09-20 22:11:58] Cliente ID 73 desconectado
[2026-09-20 22:11:58] Recursos do cliente ID 72 liberados automaticamente
[2026-09-20 22:11:58] Cliente ID 72 desconectado
[2026-09-20 22:11:59] Cliente ID 76 conectado
[2026-09-20 22:11:59] Cliente ID 76 -> LOGIN andreia 1234
[2026-09-20 22:11:59] Cliente ID 76 <- OK AUTHENTICATED
[2026-09-20 22:11:59] Cliente ID 77 conectado
[2026-09-20 22:11:59] Cliente ID 77 -> LOGIN andreia 1234
[2026-09-20 22:11:59] Cliente ID 77 <- OK AUTHENTICATED
[2026-09-20 22:11:59] Cliente ID 78 conectado
[2026-09-20 22:11:59] Cliente ID 78 -> LOGIN andreia 1234
[2026-09-20 22:11:59] Cliente ID 78 <- OK AUTHENTICATED
[2026-09-20 22:11:59] Cliente ID 79 conectado
[2026-09-20 22:11:59] Cliente ID 79 -> LOGIN andreia 1234
[2026-09-20 22:11:59] Cliente ID 79 <- OK AUTHENTICATED
[2026-09-20 22:11:59] Cliente ID 80 conectado
[2026-09-20 22:11:59] Cliente ID 80 -> LOGIN andreia 1234
[2026-09-20 22:11:59] Cliente ID 80 <- OK AUTHENTICATED
[2026-09-20 22:11:59] Cliente ID 81 conectado
[2026-09-20 22:11:59] Cliente ID 81 -> LOGIN andreia 1234
[2026-09-20 22:11:59] Cliente ID 81 <- OK AUTHENTICATED
[2026-09-20 22:11:59] Cliente ID 82 conectado
[2026-09-20 22:11:59] Cliente ID 83 conectado
[2026-09-20 22:11:59] Cliente ID 82 -> LOGIN andreia 1234
[2026-09-20 22:11:59] Cliente ID 82 <- OK AUTHENTICATED
[2026-09-20 22:11:59] Cliente ID 84 conectado
[2026-09-20 22:11:59] Cliente ID 85 conectado
[2026-09-20 22:11:59] Cliente ID 85 -> LOGIN andreia 1234
[2026-09-20 22:11:59] Cliente ID 85 <- OK AUTHENTICATED
[2026-09-20 22:11:59] Cliente ID 83 -> LOGIN andreia 1234
[2026-09-20 22:11:59] Cliente ID 83 <- OK AUTHENTICATED
[2026-09-20 22:11:59] Cliente ID 84 -> LOGIN andreia 1234
[2026-09-20 22:11:59] Cliente ID 84 <- OK AUTHENTICATED
[2026-09-20 22:11:59] Cliente ID 77 -> CREATE bench_tcp_3 100
[2026-09-20 22:11:59] Cliente ID 77 <- ERROR RESOURCE_ALREADY_EXISTS
[2026-09-20 22:11:59] Cliente ID 84 -> CREATE bench_tcp_9 100
[2026-09-20 22:11:59] Cliente ID 85 -> CREATE bench_tcp_10 100
[2026-09-20 22:11:59] Cliente ID 84 <- OK RESOURCE_CREATED
[2026-09-20 22:11:59] Cliente ID 80 -> CREATE bench_tcp_5 100
[2026-09-20 22:11:59] Cliente ID 80 <- ERROR RESOURCE_ALREADY_EXISTS
[2026-09-20 22:11:59] Cliente ID 82 -> CREATE bench_tcp_7 100
[2026-09-20 22:11:59] Cliente ID 85 <- OK RESOURCE_CREATED
[2026-09-20 22:11:59] Cliente ID 77 -> GET bench_tcp_3
[2026-09-20 22:11:59] Cliente ID 77 <- OK VALUE 200
[2026-09-20 22:11:59] Cliente ID 83 -> CREATE bench_tcp_8 100
[2026-09-20 22:11:59] Cliente ID 85 -> GET bench_tcp_10
[2026-09-20 22:11:59] Cliente ID 85 <- OK VALUE 100
[2026-09-20 22:11:59] Cliente ID 85 -> SET bench_tcp_10 200
[2026-09-20 22:11:59] Cliente ID 83 <- OK RESOURCE_CREATED
[2026-09-20 22:11:59] Cliente ID 80 -> GET bench_tcp_5
[2026-09-20 22:11:59] Cliente ID 80 <- OK VALUE 200
[2026-09-20 22:11:59] Cliente ID 76 -> CREATE bench_tcp_1 100
[2026-09-20 22:11:59] Cliente ID 76 <- ERROR RESOURCE_ALREADY_EXISTS
[2026-09-20 22:11:59] Cliente ID 78 -> CREATE bench_tcp_2 100
[2026-09-20 22:11:59] Cliente ID 78 <- ERROR RESOURCE_ALREADY_EXISTS
[2026-09-20 22:11:59] Cliente ID 77 -> SET bench_tcp_3 200
[2026-09-20 22:11:59] Cliente ID 85 <- OK VALUE_UPDATED
[2026-09-20 22:11:59] Cliente ID 80 -> SET bench_tcp_5 200
[2026-09-20 22:11:59] Cliente ID 82 <- OK RESOURCE_CREATED
[2026-09-20 22:11:59] Cliente ID 77 <- OK VALUE_UPDATED
[2026-09-20 22:11:59] Cliente ID 76 -> GET bench_tcp_1
[2026-09-20 22:11:59] Cliente ID 76 <- OK VALUE 200
[2026-09-20 22:11:59] Cliente ID 79 -> CREATE bench_tcp_4 100
[2026-09-20 22:11:59] Cliente ID 79 <- ERROR RESOURCE_ALREADY_EXISTS
[2026-09-20 22:11:59] Cliente ID 82 -> GET bench_tcp_7
[2026-09-20 22:11:59] Cliente ID 82 <- OK VALUE 100
[2026-09-20 22:11:59] Cliente ID 80 <- OK VALUE_UPDATED
[2026-09-20 22:11:59] Cliente ID 82 -> SET bench_tcp_7 200
[2026-09-20 22:11:59] Cliente ID 85 -> RESERVE bench_tcp_10
[2026-09-20 22:11:59] Cliente ID 77 -> RESERVE bench_tcp_3
[2026-09-20 22:11:59] Cliente ID 79 -> GET bench_tcp_4
[2026-09-20 22:11:59] Cliente ID 79 <- OK VALUE 200
[2026-09-20 22:11:59] Cliente ID 76 -> SET bench_tcp_1 200
[2026-09-20 22:11:59] Cliente ID 82 <- OK VALUE_UPDATED
[2026-09-20 22:11:59] Cliente ID 81 -> CREATE bench_tcp_6 100
[2026-09-20 22:11:59] Cliente ID 76 <- OK VALUE_UPDATED
[2026-09-20 22:11:59] Cliente ID 81 <- OK RESOURCE_CREATED
[2026-09-20 22:11:59] Cliente ID 85 <- OK RESOURCE_RESERVED
[2026-09-20 22:11:59] Cliente ID 78 -> GET bench_tcp_2
[2026-09-20 22:11:59] Cliente ID 78 <- OK VALUE 200
[2026-09-20 22:11:59] Cliente ID 77 <- OK RESOURCE_RESERVED
[2026-09-20 22:11:59] Cliente ID 81 -> GET bench_tcp_6
[2026-09-20 22:11:59] Cliente ID 81 <- OK VALUE 100
[2026-09-20 22:11:59] Cliente ID 81 -> SET bench_tcp_6 200
[2026-09-20 22:11:59] Cliente ID 80 -> RESERVE bench_tcp_5
[2026-09-20 22:11:59] Cliente ID 81 <- OK VALUE_UPDATED
[2026-09-20 22:11:59] Cliente ID 80 <- OK RESOURCE_RESERVED
[2026-09-20 22:11:59] Cliente ID 77 -> RELEASE bench_tcp_3
[2026-09-20 22:11:59] Cliente ID 78 -> SET bench_tcp_2 200
[2026-09-20 22:11:59] Cliente ID 77 <- OK RESOURCE_RELEASED
[2026-09-20 22:11:59] Cliente ID 85 -> RELEASE bench_tcp_10
[2026-09-20 22:11:59] Cliente ID 82 -> RESERVE bench_tcp_7
[2026-09-20 22:11:59] Cliente ID 78 <- OK VALUE_UPDATED
[2026-09-20 22:11:59] Cliente ID 79 -> SET bench_tcp_4 200
[2026-09-20 22:11:59] Cliente ID 79 <- OK VALUE_UPDATED
[2026-09-20 22:11:59] Cliente ID 85 <- OK RESOURCE_RELEASED
[2026-09-20 22:11:59] Cliente ID 82 <- OK RESOURCE_RESERVED
[2026-09-20 22:11:59] Cliente ID 76 -> RESERVE bench_tcp_1
[2026-09-20 22:11:59] Cliente ID 83 -> GET bench_tcp_8
[2026-09-20 22:11:59] Cliente ID 76 <- OK RESOURCE_RESERVED
[2026-09-20 22:11:59] Cliente ID 79 -> RESERVE bench_tcp_4
[2026-09-20 22:11:59] Cliente ID 83 <- OK VALUE 100
[2026-09-20 22:11:59] Cliente ID 82 -> RELEASE bench_tcp_7
[2026-09-20 22:11:59] Cliente ID 78 -> RESERVE bench_tcp_2
[2026-09-20 22:11:59] Recursos do cliente ID 85 liberados automaticamente
[2026-09-20 22:11:59] Cliente ID 85 desconectado
[2026-09-20 22:11:59] Cliente ID 79 <- OK RESOURCE_RESERVED
[2026-09-20 22:11:59] Cliente ID 78 <- OK RESOURCE_RESERVED
[2026-09-20 22:11:59] Cliente ID 82 <- OK RESOURCE_RELEASED
[2026-09-20 22:11:59] Cliente ID 81 -> RESERVE bench_tcp_6
[2026-09-20 22:11:59] Cliente ID 83 -> SET bench_tcp_8 200
[2026-09-20 22:11:59] Recursos do cliente ID 77 liberados automaticamente
[2026-09-20 22:11:59] Cliente ID 77 desconectado
[2026-09-20 22:11:59] Cliente ID 83 <- OK VALUE_UPDATED
[2026-09-20 22:11:59] Recursos do cliente ID 82 liberados automaticamente
[2026-09-20 22:11:59] Cliente ID 82 desconectado
[2026-09-20 22:11:59] Cliente ID 81 <- OK RESOURCE_RESERVED
[2026-09-20 22:11:59] Cliente ID 84 -> GET bench_tcp_9
[2026-09-20 22:11:59] Cliente ID 84 <- OK VALUE 100
[2026-09-20 22:11:59] Cliente ID 81 -> RELEASE bench_tcp_6
[2026-09-20 22:11:59] Cliente ID 81 <- OK RESOURCE_RELEASED
[2026-09-20 22:11:59] Cliente ID 78 -> RELEASE bench_tcp_2
[2026-09-20 22:11:59] Cliente ID 84 -> SET bench_tcp_9 200
[2026-09-20 22:11:59] Cliente ID 83 -> RESERVE bench_tcp_8
[2026-09-20 22:11:59] Cliente ID 79 -> RELEASE bench_tcp_4
[2026-09-20 22:11:59] Cliente ID 76 -> RELEASE bench_tcp_1
[2026-09-20 22:11:59] Cliente ID 80 -> RELEASE bench_tcp_5
[2026-09-20 22:11:59] Cliente ID 84 <- OK VALUE_UPDATED
[2026-09-20 22:11:59] Cliente ID 78 <- OK RESOURCE_RELEASED
[2026-09-20 22:11:59] Cliente ID 84 -> RESERVE bench_tcp_9
[2026-09-20 22:11:59] Cliente ID 83 <- OK RESOURCE_RESERVED
[2026-09-20 22:11:59] Cliente ID 83 -> RELEASE bench_tcp_8
[2026-09-20 22:11:59] Cliente ID 79 <- OK RESOURCE_RELEASED
[2026-09-20 22:11:59] Cliente ID 80 <- OK RESOURCE_RELEASED
[2026-09-20 22:11:59] Cliente ID 76 <- OK RESOURCE_RELEASED
[2026-09-20 22:11:59] Recursos do cliente ID 81 liberados automaticamente
[2026-09-20 22:11:59] Cliente ID 81 desconectado
[2026-09-20 22:11:59] Cliente ID 84 <- OK RESOURCE_RESERVED
[2026-09-20 22:11:59] Recursos do cliente ID 78 liberados automaticamente
[2026-09-20 22:11:59] Cliente ID 84 -> RELEASE bench_tcp_9
[2026-09-20 22:11:59] Cliente ID 78 desconectado
[2026-09-20 22:11:59] Cliente ID 84 <- OK RESOURCE_RELEASED
[2026-09-20 22:11:59] Cliente ID 83 <- OK RESOURCE_RELEASED
[2026-09-20 22:11:59] Recursos do cliente ID 79 liberados automaticamente
[2026-09-20 22:11:59] Cliente ID 79 desconectado
[2026-09-20 22:11:59] Recursos do cliente ID 80 liberados automaticamente
[2026-09-20 22:11:59] Cliente ID 80 desconectado
[2026-09-20 22:11:59] Recursos do cliente ID 76 liberados automaticamente
[2026-09-20 22:11:59] Cliente ID 76 desconectado
[2026-09-20 22:11:59] Recursos do cliente ID 84 liberados automaticamente
[2026-09-20 22:11:59] Cliente ID 84 desconectado
[2026-09-20 22:11:59] Recursos do cliente ID 83 liberados automaticamente
[2026-09-20 22:11:59] Cliente ID 83 desconectado
[2026-09-20 22:12:00] Cliente ID 86 conectado
[2026-09-20 22:12:00] Cliente ID 87 conectado
[2026-09-20 22:12:00] Cliente ID 86 -> LOGIN andreia 1234
[2026-09-20 22:12:00] Cliente ID 86 <- OK AUTHENTICATED
[2026-09-20 22:12:00] Cliente ID 87 -> LOGIN andreia 1234
[2026-09-20 22:12:00] Cliente ID 87 <- OK AUTHENTICATED
[2026-09-20 22:12:00] Cliente ID 88 conectado
[2026-09-20 22:12:00] Cliente ID 88 -> LOGIN andreia 1234
[2026-09-20 22:12:00] Cliente ID 88 <- OK AUTHENTICATED
[2026-09-20 22:12:00] Cliente ID 89 conectado
[2026-09-20 22:12:00] Cliente ID 90 conectado
[2026-09-20 22:12:00] Cliente ID 89 -> LOGIN andreia 1234
[2026-09-20 22:12:00] Cliente ID 89 <- OK AUTHENTICATED
[2026-09-20 22:12:00] Cliente ID 91 conectado
[2026-09-20 22:12:00] Cliente ID 90 -> LOGIN andreia 1234
[2026-09-20 22:12:00] Cliente ID 90 <- OK AUTHENTICATED
[2026-09-20 22:12:00] Cliente ID 91 -> LOGIN andreia 1234
[2026-09-20 22:12:00] Cliente ID 91 <- OK AUTHENTICATED
[2026-09-20 22:12:00] Cliente ID 92 conectado
[2026-09-20 22:12:00] Cliente ID 93 conectado
[2026-09-20 22:12:00] Cliente ID 92 -> LOGIN andreia 1234
[2026-09-20 22:12:00] Cliente ID 92 <- OK AUTHENTICATED
[2026-09-20 22:12:00] Cliente ID 93 -> LOGIN andreia 1234
[2026-09-20 22:12:00] Cliente ID 93 <- OK AUTHENTICATED
[2026-09-20 22:12:00] Cliente ID 94 conectado
[2026-09-20 22:12:00] Cliente ID 94 -> LOGIN andreia 1234
[2026-09-20 22:12:00] Cliente ID 94 <- OK AUTHENTICATED
[2026-09-20 22:12:00] Cliente ID 95 conectado
[2026-09-20 22:12:00] Cliente ID 96 conectado
[2026-09-20 22:12:00] Cliente ID 95 -> LOGIN andreia 1234
[2026-09-20 22:12:00] Cliente ID 95 <- OK AUTHENTICATED
[2026-09-20 22:12:00] Cliente ID 96 -> LOGIN andreia 1234
[2026-09-20 22:12:00] Cliente ID 96 <- OK AUTHENTICATED
[2026-09-20 22:12:00] Cliente ID 97 conectado
[2026-09-20 22:12:00] Cliente ID 98 conectado
[2026-09-20 22:12:00] Cliente ID 97 -> LOGIN andreia 1234
[2026-09-20 22:12:00] Cliente ID 97 <- OK AUTHENTICATED
[2026-09-20 22:12:00] Cliente ID 99 conectado
[2026-09-20 22:12:00] Cliente ID 98 -> LOGIN andreia 1234
[2026-09-20 22:12:00] Cliente ID 98 <- OK AUTHENTICATED
[2026-09-20 22:12:00] Cliente ID 99 -> LOGIN andreia 1234
[2026-09-20 22:12:00] Cliente ID 99 <- OK AUTHENTICATED
[2026-09-20 22:12:00] Cliente ID 100 conectado
[2026-09-20 22:12:00] Cliente ID 100 -> LOGIN andreia 1234
[2026-09-20 22:12:00] Cliente ID 100 <- OK AUTHENTICATED
[2026-09-20 22:12:00] Cliente ID 101 conectado
[2026-09-20 22:12:00] Cliente ID 102 conectado
[2026-09-20 22:12:00] Cliente ID 101 -> LOGIN andreia 1234
[2026-09-20 22:12:00] Cliente ID 101 <- OK AUTHENTICATED
[2026-09-20 22:12:00] Cliente ID 102 -> LOGIN andreia 1234
[2026-09-20 22:12:00] Cliente ID 102 <- OK AUTHENTICATED
[2026-09-20 22:12:00] Cliente ID 103 conectado
[2026-09-20 22:12:00] Cliente ID 104 conectado
[2026-09-20 22:12:00] Cliente ID 103 -> LOGIN andreia 1234
[2026-09-20 22:12:00] Cliente ID 103 <- OK AUTHENTICATED
[2026-09-20 22:12:00] Cliente ID 104 -> LOGIN andreia 1234
[2026-09-20 22:12:00] Cliente ID 104 <- OK AUTHENTICATED
[2026-09-20 22:12:00] Cliente ID 105 conectado
[2026-09-20 22:12:00] Cliente ID 105 -> LOGIN andreia 1234
[2026-09-20 22:12:00] Cliente ID 105 <- OK AUTHENTICATED
[2026-09-20 22:12:00] Cliente ID 105 -> CREATE bench_tcp_20 100
[2026-09-20 22:12:00] Cliente ID 86 -> CREATE bench_tcp_1 100
[2026-09-20 22:12:00] Cliente ID 86 <- ERROR RESOURCE_ALREADY_EXISTS
[2026-09-20 22:12:00] Cliente ID 98 -> CREATE bench_tcp_14 100
[2026-09-20 22:12:00] Cliente ID 105 <- OK RESOURCE_CREATED
[2026-09-20 22:12:00] Cliente ID 97 -> CREATE bench_tcp_13 100
[2026-09-20 22:12:00] Cliente ID 98 <- OK RESOURCE_CREATED
[2026-09-20 22:12:00] Cliente ID 87 -> CREATE bench_tcp_2 100
[2026-09-20 22:12:00] Cliente ID 87 <- ERROR RESOURCE_ALREADY_EXISTS
[2026-09-20 22:12:00] Cliente ID 97 <- OK RESOURCE_CREATED
[2026-09-20 22:12:00] Cliente ID 91 -> CREATE bench_tcp_6 100
[2026-09-20 22:12:00] Cliente ID 91 <- ERROR RESOURCE_ALREADY_EXISTS
[2026-09-20 22:12:00] Cliente ID 100 -> CREATE bench_tcp_15 100
[2026-09-20 22:12:00] Cliente ID 100 <- OK RESOURCE_CREATED
[2026-09-20 22:12:00] Cliente ID 104 -> CREATE bench_tcp_16 100
[2026-09-20 22:12:00] Cliente ID 103 -> CREATE bench_tcp_19 100
[2026-09-20 22:12:00] Cliente ID 100 -> GET bench_tcp_15
[2026-09-20 22:12:00] Cliente ID 100 <- OK VALUE 100
[2026-09-20 22:12:00] Cliente ID 92 -> CREATE bench_tcp_7 100
[2026-09-20 22:12:00] Cliente ID 92 <- ERROR RESOURCE_ALREADY_EXISTS
[2026-09-20 22:12:00] Cliente ID 91 -> GET bench_tcp_6
[2026-09-20 22:12:00] Cliente ID 91 <- OK VALUE 200
[2026-09-20 22:12:00] Cliente ID 104 <- OK RESOURCE_CREATED
[2026-09-20 22:12:00] Cliente ID 105 -> GET bench_tcp_20
[2026-09-20 22:12:00] Cliente ID 105 <- OK VALUE 100
[2026-09-20 22:12:00] Cliente ID 93 -> CREATE bench_tcp_10 100
[2026-09-20 22:12:00] Cliente ID 93 <- ERROR RESOURCE_ALREADY_EXISTS
[2026-09-20 22:12:00] Cliente ID 102 -> CREATE bench_tcp_18 100
[2026-09-20 22:12:00] Cliente ID 103 <- OK RESOURCE_CREATED
[2026-09-20 22:12:00] Cliente ID 88 -> CREATE bench_tcp_4 100
[2026-09-20 22:12:00] Cliente ID 88 <- ERROR RESOURCE_ALREADY_EXISTS
[2026-09-20 22:12:00] Cliente ID 102 <- OK RESOURCE_CREATED
[2026-09-20 22:12:00] Cliente ID 87 -> GET bench_tcp_2
[2026-09-20 22:12:00] Cliente ID 87 <- OK VALUE 200
[2026-09-20 22:12:00] Cliente ID 103 -> GET bench_tcp_19
[2026-09-20 22:12:00] Cliente ID 99 -> CREATE bench_tcp_9 100
[2026-09-20 22:12:00] Cliente ID 90 -> CREATE bench_tcp_5 100
[2026-09-20 22:12:00] Cliente ID 90 <- ERROR RESOURCE_ALREADY_EXISTS
[2026-09-20 22:12:00] Cliente ID 96 -> CREATE bench_tcp_12 100
[2026-09-20 22:12:00] Cliente ID 100 -> SET bench_tcp_15 200
[2026-09-20 22:12:00] Cliente ID 97 -> GET bench_tcp_13
[2026-09-20 22:12:00] Cliente ID 97 <- OK VALUE 100
[2026-09-20 22:12:00] Cliente ID 103 <- OK VALUE 100
[2026-09-20 22:12:00] Cliente ID 96 <- OK RESOURCE_CREATED
[2026-09-20 22:12:00] Cliente ID 89 -> CREATE bench_tcp_3 100
[2026-09-20 22:12:00] Cliente ID 89 <- ERROR RESOURCE_ALREADY_EXISTS
[2026-09-20 22:12:00] Cliente ID 101 -> CREATE bench_tcp_17 100
[2026-09-20 22:12:00] Cliente ID 99 <- ERROR RESOURCE_ALREADY_EXISTS
[2026-09-20 22:12:00] Cliente ID 92 -> GET bench_tcp_7
[2026-09-20 22:12:00] Cliente ID 92 <- OK VALUE 200
[2026-09-20 22:12:00] Cliente ID 91 -> SET bench_tcp_6 200
[2026-09-20 22:12:00] Cliente ID 100 <- OK VALUE_UPDATED
[2026-09-20 22:12:00] Cliente ID 99 -> GET bench_tcp_9
[2026-09-20 22:12:00] Cliente ID 99 <- OK VALUE 200
[2026-09-20 22:12:00] Cliente ID 87 -> SET bench_tcp_2 200
[2026-09-20 22:12:00] Cliente ID 96 -> GET bench_tcp_12
[2026-09-20 22:12:00] Cliente ID 96 <- OK VALUE 100
[2026-09-20 22:12:00] Cliente ID 88 -> GET bench_tcp_4
[2026-09-20 22:12:00] Cliente ID 88 <- OK VALUE 200
[2026-09-20 22:12:00] Cliente ID 91 <- OK VALUE_UPDATED
[2026-09-20 22:12:00] Cliente ID 93 -> GET bench_tcp_10
[2026-09-20 22:12:00] Cliente ID 93 <- OK VALUE 200
[2026-09-20 22:12:00] Cliente ID 95 -> CREATE bench_tcp_11 100
[2026-09-20 22:12:00] Cliente ID 103 -> SET bench_tcp_19 200
[2026-09-20 22:12:00] Cliente ID 103 <- OK VALUE_UPDATED
[2026-09-20 22:12:00] Cliente ID 101 <- OK RESOURCE_CREATED
[2026-09-20 22:12:00] Cliente ID 100 -> RESERVE bench_tcp_15
[2026-09-20 22:12:00] Cliente ID 93 -> SET bench_tcp_10 200
[2026-09-20 22:12:00] Cliente ID 87 <- OK VALUE_UPDATED
[2026-09-20 22:12:00] Cliente ID 99 -> SET bench_tcp_9 200
[2026-09-20 22:12:00] Cliente ID 92 -> SET bench_tcp_7 200
[2026-09-20 22:12:00] Cliente ID 97 -> SET bench_tcp_13 200
[2026-09-20 22:12:00] Cliente ID 96 -> SET bench_tcp_12 200
[2026-09-20 22:12:00] Cliente ID 95 <- OK RESOURCE_CREATED
[2026-09-20 22:12:00] Cliente ID 104 -> GET bench_tcp_16
[2026-09-20 22:12:00] Cliente ID 104 <- OK VALUE 100
[2026-09-20 22:12:00] Cliente ID 91 -> RESERVE bench_tcp_6
[2026-09-20 22:12:00] Cliente ID 101 -> GET bench_tcp_17
[2026-09-20 22:12:00] Cliente ID 101 <- OK VALUE 100
[2026-09-20 22:12:00] Cliente ID 100 <- OK RESOURCE_RESERVED
[2026-09-20 22:12:00] Cliente ID 94 -> CREATE bench_tcp_8 100
[2026-09-20 22:12:00] Cliente ID 94 <- ERROR RESOURCE_ALREADY_EXISTS
[2026-09-20 22:12:00] Cliente ID 91 <- OK RESOURCE_RESERVED
[2026-09-20 22:12:00] Cliente ID 89 -> GET bench_tcp_3
[2026-09-20 22:12:00] Cliente ID 89 <- OK VALUE 200
[2026-09-20 22:12:00] Cliente ID 93 <- OK VALUE_UPDATED
[2026-09-20 22:12:00] Cliente ID 101 -> SET bench_tcp_17 200
[2026-09-20 22:12:00] Cliente ID 103 -> RESERVE bench_tcp_19
[2026-09-20 22:12:00] Cliente ID 93 -> RESERVE bench_tcp_10
[2026-09-20 22:12:00] Cliente ID 89 -> SET bench_tcp_3 200
[2026-09-20 22:12:00] Cliente ID 98 -> GET bench_tcp_14
[2026-09-20 22:12:00] Cliente ID 98 <- OK VALUE 100
[2026-09-20 22:12:00] Cliente ID 91 -> RELEASE bench_tcp_6
[2026-09-20 22:12:00] Cliente ID 91 <- OK RESOURCE_RELEASED
[2026-09-20 22:12:00] Cliente ID 94 -> GET bench_tcp_8
[2026-09-20 22:12:00] Cliente ID 94 <- OK VALUE 200
[2026-09-20 22:12:00] Cliente ID 104 -> SET bench_tcp_16 200
[2026-09-20 22:12:00] Cliente ID 100 -> RELEASE bench_tcp_15
[2026-09-20 22:12:00] Cliente ID 99 <- OK VALUE_UPDATED
[2026-09-20 22:12:00] Cliente ID 102 -> GET bench_tcp_18
[2026-09-20 22:12:00] Cliente ID 102 <- OK VALUE 100
[2026-09-20 22:12:00] Cliente ID 90 -> GET bench_tcp_5
[2026-09-20 22:12:00] Cliente ID 90 <- OK VALUE 200
[2026-09-20 22:12:00] Cliente ID 92 <- OK VALUE_UPDATED
[2026-09-20 22:12:00] Cliente ID 88 -> SET bench_tcp_4 200
[2026-09-20 22:12:00] Cliente ID 95 -> GET bench_tcp_11
[2026-09-20 22:12:00] Cliente ID 95 <- OK VALUE 100
[2026-09-20 22:12:00] Cliente ID 102 -> SET bench_tcp_18 200
[2026-09-20 22:12:00] Cliente ID 87 -> RESERVE bench_tcp_2
[2026-09-20 22:12:00] Cliente ID 97 <- OK VALUE_UPDATED
[2026-09-20 22:12:00] Cliente ID 96 <- OK VALUE_UPDATED
[2026-09-20 22:12:00] Recursos do cliente ID 91 liberados automaticamente
[2026-09-20 22:12:00] Cliente ID 91 desconectado
[2026-09-20 22:12:00] Cliente ID 95 -> SET bench_tcp_11 200
[2026-09-20 22:12:00] Cliente ID 101 <- OK VALUE_UPDATED
[2026-09-20 22:12:00] Cliente ID 90 -> SET bench_tcp_5 200
[2026-09-20 22:12:00] Cliente ID 105 -> SET bench_tcp_20 200
[2026-09-20 22:12:00] Cliente ID 96 -> RESERVE bench_tcp_12
[2026-09-20 22:12:00] Cliente ID 92 -> RESERVE bench_tcp_7
[2026-09-20 22:12:00] Cliente ID 94 -> SET bench_tcp_8 200
[2026-09-20 22:12:00] Cliente ID 86 -> GET bench_tcp_1
[2026-09-20 22:12:00] Cliente ID 86 <- OK VALUE 200
[2026-09-20 22:12:00] Cliente ID 103 <- OK RESOURCE_RESERVED
[2026-09-20 22:12:00] Cliente ID 99 -> RESERVE bench_tcp_9
[2026-09-20 22:12:00] Cliente ID 93 <- OK RESOURCE_RESERVED
[2026-09-20 22:12:00] Cliente ID 93 -> RELEASE bench_tcp_10
[2026-09-20 22:12:00] Cliente ID 97 -> RESERVE bench_tcp_13
[2026-09-20 22:12:00] Cliente ID 89 <- OK VALUE_UPDATED
[2026-09-20 22:12:00] Cliente ID 104 <- OK VALUE_UPDATED
[2026-09-20 22:12:00] Cliente ID 103 -> RELEASE bench_tcp_19
[2026-09-20 22:12:00] Cliente ID 98 -> SET bench_tcp_14 200
[2026-09-20 22:12:00] Cliente ID 89 -> RESERVE bench_tcp_3
[2026-09-20 22:12:00] Cliente ID 101 -> RESERVE bench_tcp_17
[2026-09-20 22:12:00] Cliente ID 98 <- OK VALUE_UPDATED
[2026-09-20 22:12:00] Cliente ID 102 <- OK VALUE_UPDATED
[2026-09-20 22:12:00] Cliente ID 89 <- OK RESOURCE_RESERVED
[2026-09-20 22:12:00] Cliente ID 86 -> SET bench_tcp_1 200
[2026-09-20 22:12:00] Cliente ID 87 <- OK RESOURCE_RESERVED
[2026-09-20 22:12:00] Cliente ID 104 -> RESERVE bench_tcp_16
[2026-09-20 22:12:00] Cliente ID 98 -> RESERVE bench_tcp_14
[2026-09-20 22:12:00] Cliente ID 87 -> RELEASE bench_tcp_2
[2026-09-20 22:12:00] Cliente ID 95 <- OK VALUE_UPDATED
[2026-09-20 22:12:00] Cliente ID 102 -> RESERVE bench_tcp_18
[2026-09-20 22:12:00] Cliente ID 89 -> RELEASE bench_tcp_3
[2026-09-20 22:12:00] Cliente ID 89 <- OK RESOURCE_RELEASED
[2026-09-20 22:12:00] Cliente ID 90 <- OK VALUE_UPDATED
[2026-09-20 22:12:00] Cliente ID 95 -> RESERVE bench_tcp_11
[2026-09-20 22:12:00] Cliente ID 96 <- OK RESOURCE_RESERVED
[2026-09-20 22:12:00] Cliente ID 95 <- OK RESOURCE_RESERVED
[2026-09-20 22:12:00] Cliente ID 105 <- OK VALUE_UPDATED
[2026-09-20 22:12:00] Cliente ID 90 -> RESERVE bench_tcp_5
[2026-09-20 22:12:00] Cliente ID 96 -> RELEASE bench_tcp_12
[2026-09-20 22:12:00] Cliente ID 105 -> RESERVE bench_tcp_20
[2026-09-20 22:12:00] Cliente ID 95 -> RELEASE bench_tcp_11
[2026-09-20 22:12:00] Cliente ID 92 <- OK RESOURCE_RESERVED
[2026-09-20 22:12:00] Cliente ID 92 -> RELEASE bench_tcp_7
[2026-09-20 22:12:00] Cliente ID 94 <- OK VALUE_UPDATED
[2026-09-20 22:12:00] Cliente ID 94 -> RESERVE bench_tcp_8
[2026-09-20 22:12:00] Cliente ID 99 <- OK RESOURCE_RESERVED
[2026-09-20 22:12:00] Cliente ID 93 <- OK RESOURCE_RELEASED
[2026-09-20 22:12:00] Cliente ID 99 -> RELEASE bench_tcp_9
[2026-09-20 22:12:00] Cliente ID 97 <- OK RESOURCE_RESERVED
[2026-09-20 22:12:00] Cliente ID 97 -> RELEASE bench_tcp_13
[2026-09-20 22:12:00] Cliente ID 100 <- OK RESOURCE_RELEASED
[2026-09-20 22:12:00] Cliente ID 103 <- OK RESOURCE_RELEASED
[2026-09-20 22:12:00] Cliente ID 101 <- OK RESOURCE_RESERVED
[2026-09-20 22:12:00] Cliente ID 88 <- OK VALUE_UPDATED
[2026-09-20 22:12:00] Cliente ID 101 -> RELEASE bench_tcp_17
[2026-09-20 22:12:00] Cliente ID 88 -> RESERVE bench_tcp_4
[2026-09-20 22:12:00] Cliente ID 86 <- OK VALUE_UPDATED
[2026-09-20 22:12:00] Cliente ID 104 <- OK RESOURCE_RESERVED
[2026-09-20 22:12:00] Cliente ID 98 <- OK RESOURCE_RESERVED
[2026-09-20 22:12:00] Cliente ID 98 -> RELEASE bench_tcp_14
[2026-09-20 22:12:00] Cliente ID 86 -> RESERVE bench_tcp_1
[2026-09-20 22:12:00] Cliente ID 87 <- OK RESOURCE_RELEASED
[2026-09-20 22:12:00] Cliente ID 102 <- OK RESOURCE_RESERVED
[2026-09-20 22:12:00] Cliente ID 104 -> RELEASE bench_tcp_16
[2026-09-20 22:12:00] Cliente ID 102 -> RELEASE bench_tcp_18
[2026-09-20 22:12:00] Cliente ID 96 <- OK RESOURCE_RELEASED
[2026-09-20 22:12:00] Cliente ID 105 <- OK RESOURCE_RESERVED
[2026-09-20 22:12:00] Cliente ID 105 -> RELEASE bench_tcp_20
[2026-09-20 22:12:00] Cliente ID 90 <- OK RESOURCE_RESERVED
[2026-09-20 22:12:00] Recursos do cliente ID 89 liberados automaticamente
[2026-09-20 22:12:00] Cliente ID 89 desconectado
[2026-09-20 22:12:00] Cliente ID 90 -> RELEASE bench_tcp_5
[2026-09-20 22:12:00] Cliente ID 95 <- OK RESOURCE_RELEASED
[2026-09-20 22:12:00] Cliente ID 94 <- OK RESOURCE_RESERVED
[2026-09-20 22:12:00] Cliente ID 99 <- OK RESOURCE_RELEASED
[2026-09-20 22:12:00] Cliente ID 92 <- OK RESOURCE_RELEASED
[2026-09-20 22:12:00] Cliente ID 94 -> RELEASE bench_tcp_8
[2026-09-20 22:12:00] Recursos do cliente ID 93 liberados automaticamente
[2026-09-20 22:12:00] Cliente ID 93 desconectado
[2026-09-20 22:12:00] Cliente ID 90 <- OK RESOURCE_RELEASED
[2026-09-20 22:12:00] Cliente ID 97 <- OK RESOURCE_RELEASED
[2026-09-20 22:12:00] Recursos do cliente ID 100 liberados automaticamente
[2026-09-20 22:12:00] Cliente ID 100 desconectado
[2026-09-20 22:12:00] Recursos do cliente ID 103 liberados automaticamente
[2026-09-20 22:12:00] Cliente ID 103 desconectado
[2026-09-20 22:12:00] Cliente ID 86 <- OK RESOURCE_RESERVED
[2026-09-20 22:12:00] Cliente ID 101 <- OK RESOURCE_RELEASED
[2026-09-20 22:12:00] Cliente ID 98 <- OK RESOURCE_RELEASED
[2026-09-20 22:12:00] Cliente ID 88 <- OK RESOURCE_RESERVED
[2026-09-20 22:12:00] Cliente ID 88 -> RELEASE bench_tcp_4
[2026-09-20 22:12:00] Cliente ID 86 -> RELEASE bench_tcp_1
[2026-09-20 22:12:00] Recursos do cliente ID 87 liberados automaticamente
[2026-09-20 22:12:00] Cliente ID 87 desconectado
[2026-09-20 22:12:00] Cliente ID 104 <- OK RESOURCE_RELEASED
[2026-09-20 22:12:00] Cliente ID 102 <- OK RESOURCE_RELEASED
[2026-09-20 22:12:00] Recursos do cliente ID 96 liberados automaticamente
[2026-09-20 22:12:00] Cliente ID 96 desconectado
[2026-09-20 22:12:00] Cliente ID 105 <- OK RESOURCE_RELEASED
[2026-09-20 22:12:00] Recursos do cliente ID 99 liberados automaticamente
[2026-09-20 22:12:00] Cliente ID 99 desconectado
[2026-09-20 22:12:00] Cliente ID 94 <- OK RESOURCE_RELEASED
[2026-09-20 22:12:00] Recursos do cliente ID 95 liberados automaticamente
[2026-09-20 22:12:00] Cliente ID 95 desconectado
[2026-09-20 22:12:00] Recursos do cliente ID 92 liberados automaticamente
[2026-09-20 22:12:00] Cliente ID 92 desconectado
[2026-09-20 22:12:00] Recursos do cliente ID 90 liberados automaticamente
[2026-09-20 22:12:00] Cliente ID 90 desconectado
[2026-09-20 22:12:00] Recursos do cliente ID 97 liberados automaticamente
[2026-09-20 22:12:00] Cliente ID 97 desconectado
[2026-09-20 22:12:00] Recursos do cliente ID 101 liberados automaticamente
[2026-09-20 22:12:00] Cliente ID 101 desconectado
[2026-09-20 22:12:00] Cliente ID 88 <- OK RESOURCE_RELEASED
[2026-09-20 22:12:00] Cliente ID 86 <- OK RESOURCE_RELEASED
[2026-09-20 22:12:00] Recursos do cliente ID 98 liberados automaticamente
[2026-09-20 22:12:00] Cliente ID 98 desconectado
[2026-09-20 22:12:00] Recursos do cliente ID 104 liberados automaticamente
[2026-09-20 22:12:00] Cliente ID 104 desconectado
[2026-09-20 22:12:00] Recursos do cliente ID 102 liberados automaticamente
[2026-09-20 22:12:00] Cliente ID 102 desconectado
[2026-09-20 22:12:00] Recursos do cliente ID 105 liberados automaticamente
[2026-09-20 22:12:00] Cliente ID 105 desconectado
[2026-09-20 22:12:00] Recursos do cliente ID 94 liberados automaticamente
[2026-09-20 22:12:00] Cliente ID 94 desconectado
[2026-09-20 22:12:00] Recursos do cliente ID 88 liberados automaticamente
[2026-09-20 22:12:00] Cliente ID 88 desconectado
[2026-09-20 22:12:00] Recursos do cliente ID 86 liberados automaticamente
[2026-09-20 22:12:00] Cliente ID 86 desconectado
[2026-09-20 22:12:12] Cliente ID 106 conectado
[2026-09-20 22:12:12] Cliente ID 106 -> LOGIN andreia 1234
[2026-09-20 22:12:12] Cliente ID 106 <- OK AUTHENTICATED
[2026-09-20 22:12:12] Cliente ID 107 conectado
[2026-09-20 22:12:12] Cliente ID 107 -> LOGIN andreia 1234
[2026-09-20 22:12:12] Cliente ID 107 <- OK AUTHENTICATED
[2026-09-20 22:12:12] Cliente ID 108 conectado
[2026-09-20 22:12:12] Cliente ID 108 -> LOGIN andreia 1234
[2026-09-20 22:12:12] Cliente ID 108 <- OK AUTHENTICATED
[2026-09-20 22:12:12] Cliente ID 109 conectado
[2026-09-20 22:12:12] Cliente ID 109 -> LOGIN andreia 1234
[2026-09-20 22:12:12] Cliente ID 109 <- OK AUTHENTICATED
[2026-09-20 22:12:12] Cliente ID 110 conectado
[2026-09-20 22:12:12] Cliente ID 110 -> LOGIN andreia 1234
[2026-09-20 22:12:12] Cliente ID 110 <- OK AUTHENTICATED
[2026-09-20 22:12:12] Cliente ID 107 -> CREATE bench_tcp_2 100
[2026-09-20 22:12:12] Cliente ID 107 <- ERROR RESOURCE_ALREADY_EXISTS
[2026-09-20 22:12:12] Cliente ID 106 -> CREATE bench_tcp_1 100
[2026-09-20 22:12:12] Cliente ID 106 <- ERROR RESOURCE_ALREADY_EXISTS
[2026-09-20 22:12:12] Cliente ID 108 -> CREATE bench_tcp_3 100
[2026-09-20 22:12:12] Cliente ID 108 <- ERROR RESOURCE_ALREADY_EXISTS
[2026-09-20 22:12:12] Cliente ID 109 -> CREATE bench_tcp_4 100
[2026-09-20 22:12:12] Cliente ID 109 <- ERROR RESOURCE_ALREADY_EXISTS
[2026-09-20 22:12:12] Cliente ID 108 -> GET bench_tcp_3
[2026-09-20 22:12:12] Cliente ID 108 <- OK VALUE 200
[2026-09-20 22:12:12] Cliente ID 110 -> CREATE bench_tcp_5 100
[2026-09-20 22:12:12] Cliente ID 110 <- ERROR RESOURCE_ALREADY_EXISTS
[2026-09-20 22:12:12] Cliente ID 107 -> GET bench_tcp_2
[2026-09-20 22:12:12] Cliente ID 107 <- OK VALUE 200
[2026-09-20 22:12:12] Cliente ID 108 -> SET bench_tcp_3 200
[2026-09-20 22:12:12] Cliente ID 108 <- OK VALUE_UPDATED
[2026-09-20 22:12:12] Cliente ID 110 -> GET bench_tcp_5
[2026-09-20 22:12:12] Cliente ID 110 <- OK VALUE 200
[2026-09-20 22:12:12] Cliente ID 107 -> SET bench_tcp_2 200
[2026-09-20 22:12:12] Cliente ID 107 <- OK VALUE_UPDATED
[2026-09-20 22:12:12] Cliente ID 109 -> GET bench_tcp_4
[2026-09-20 22:12:12] Cliente ID 109 <- OK VALUE 200
[2026-09-20 22:12:12] Cliente ID 108 -> RESERVE bench_tcp_3
[2026-09-20 22:12:12] Cliente ID 108 <- OK RESOURCE_RESERVED
[2026-09-20 22:12:12] Cliente ID 110 -> SET bench_tcp_5 200
[2026-09-20 22:12:12] Cliente ID 107 -> RESERVE bench_tcp_2
[2026-09-20 22:12:12] Cliente ID 109 -> SET bench_tcp_4 200
[2026-09-20 22:12:12] Cliente ID 108 -> RELEASE bench_tcp_3
[2026-09-20 22:12:12] Cliente ID 110 <- OK VALUE_UPDATED
[2026-09-20 22:12:12] Cliente ID 107 <- OK RESOURCE_RESERVED
[2026-09-20 22:12:12] Cliente ID 108 <- OK RESOURCE_RELEASED
[2026-09-20 22:12:12] Cliente ID 106 -> GET bench_tcp_1
[2026-09-20 22:12:12] Cliente ID 106 <- OK VALUE 200
[2026-09-20 22:12:12] Cliente ID 109 <- OK VALUE_UPDATED
[2026-09-20 22:12:12] Cliente ID 110 -> RESERVE bench_tcp_5
[2026-09-20 22:12:12] Cliente ID 106 -> SET bench_tcp_1 200
[2026-09-20 22:12:12] Cliente ID 109 -> RESERVE bench_tcp_4
[2026-09-20 22:12:12] Cliente ID 107 -> RELEASE bench_tcp_2
[2026-09-20 22:12:12] Recursos do cliente ID 108 liberados automaticamente
[2026-09-20 22:12:12] Cliente ID 108 desconectado
[2026-09-20 22:12:12] Cliente ID 110 <- OK RESOURCE_RESERVED
[2026-09-20 22:12:12] Cliente ID 110 -> RELEASE bench_tcp_5
[2026-09-20 22:12:12] Cliente ID 106 <- OK VALUE_UPDATED
[2026-09-20 22:12:12] Cliente ID 106 -> RESERVE bench_tcp_1
[2026-09-20 22:12:12] Cliente ID 110 <- OK RESOURCE_RELEASED
[2026-09-20 22:12:12] Cliente ID 109 <- OK RESOURCE_RESERVED
[2026-09-20 22:12:12] Cliente ID 109 -> RELEASE bench_tcp_4
[2026-09-20 22:12:12] Recursos do cliente ID 110 liberados automaticamente
[2026-09-20 22:12:12] Cliente ID 110 desconectado
[2026-09-20 22:12:12] Cliente ID 107 <- OK RESOURCE_RELEASED
[2026-09-20 22:12:12] Cliente ID 106 <- OK RESOURCE_RESERVED
[2026-09-20 22:12:12] Cliente ID 106 -> RELEASE bench_tcp_1
[2026-09-20 22:12:12] Cliente ID 109 <- OK RESOURCE_RELEASED
[2026-09-20 22:12:12] Recursos do cliente ID 107 liberados automaticamente
[2026-09-20 22:12:12] Cliente ID 107 desconectado
[2026-09-20 22:12:12] Cliente ID 106 <- OK RESOURCE_RELEASED
[2026-09-20 22:12:12] Recursos do cliente ID 109 liberados automaticamente
[2026-09-20 22:12:12] Cliente ID 109 desconectado
[2026-09-20 22:12:12] Recursos do cliente ID 106 liberados automaticamente
[2026-09-20 22:12:12] Cliente ID 106 desconectado
[2026-09-20 22:12:13] Cliente ID 111 conectado
[2026-09-20 22:12:13] Cliente ID 112 conectado
[2026-09-20 22:12:13] Cliente ID 111 -> LOGIN andreia 1234
[2026-09-20 22:12:13] Cliente ID 111 <- OK AUTHENTICATED
[2026-09-20 22:12:13] Cliente ID 112 -> LOGIN andreia 1234
[2026-09-20 22:12:13] Cliente ID 112 <- OK AUTHENTICATED
[2026-09-20 22:12:13] Cliente ID 113 conectado
[2026-09-20 22:12:13] Cliente ID 114 conectado
[2026-09-20 22:12:13] Cliente ID 115 conectado
[2026-09-20 22:12:13] Cliente ID 113 -> LOGIN andreia 1234
[2026-09-20 22:12:13] Cliente ID 113 <- OK AUTHENTICATED
[2026-09-20 22:12:13] Cliente ID 114 -> LOGIN andreia 1234
[2026-09-20 22:12:13] Cliente ID 114 <- OK AUTHENTICATED
[2026-09-20 22:12:13] Cliente ID 115 -> LOGIN andreia 1234
[2026-09-20 22:12:13] Cliente ID 115 <- OK AUTHENTICATED
[2026-09-20 22:12:13] Cliente ID 116 conectado
[2026-09-20 22:12:13] Cliente ID 117 conectado
[2026-09-20 22:12:13] Cliente ID 116 -> LOGIN andreia 1234
[2026-09-20 22:12:13] Cliente ID 116 <- OK AUTHENTICATED
[2026-09-20 22:12:13] Cliente ID 118 conectado
[2026-09-20 22:12:13] Cliente ID 119 conectado
[2026-09-20 22:12:13] Cliente ID 117 -> LOGIN andreia 1234
[2026-09-20 22:12:13] Cliente ID 117 <- OK AUTHENTICATED
[2026-09-20 22:12:13] Cliente ID 118 -> LOGIN andreia 1234
[2026-09-20 22:12:13] Cliente ID 118 <- OK AUTHENTICATED
[2026-09-20 22:12:13] Cliente ID 120 conectado
[2026-09-20 22:12:13] Cliente ID 119 -> LOGIN andreia 1234
[2026-09-20 22:12:13] Cliente ID 119 <- OK AUTHENTICATED
[2026-09-20 22:12:13] Cliente ID 120 -> LOGIN andreia 1234
[2026-09-20 22:12:13] Cliente ID 120 <- OK AUTHENTICATED
[2026-09-20 22:12:13] Cliente ID 120 -> CREATE bench_tcp_10 100
[2026-09-20 22:12:13] Cliente ID 120 <- ERROR RESOURCE_ALREADY_EXISTS
[2026-09-20 22:12:13] Cliente ID 119 -> CREATE bench_tcp_9 100
[2026-09-20 22:12:13] Cliente ID 119 <- ERROR RESOURCE_ALREADY_EXISTS
[2026-09-20 22:12:13] Cliente ID 118 -> CREATE bench_tcp_8 100
[2026-09-20 22:12:13] Cliente ID 118 <- ERROR RESOURCE_ALREADY_EXISTS
[2026-09-20 22:12:13] Cliente ID 114 -> CREATE bench_tcp_3 100
[2026-09-20 22:12:13] Cliente ID 114 <- ERROR RESOURCE_ALREADY_EXISTS
[2026-09-20 22:12:13] Cliente ID 116 -> CREATE bench_tcp_6 100
[2026-09-20 22:12:13] Cliente ID 116 <- ERROR RESOURCE_ALREADY_EXISTS
[2026-09-20 22:12:13] Cliente ID 118 -> GET bench_tcp_8
[2026-09-20 22:12:13] Cliente ID 118 <- OK VALUE 200
[2026-09-20 22:12:13] Cliente ID 117 -> CREATE bench_tcp_7 100
[2026-09-20 22:12:13] Cliente ID 117 <- ERROR RESOURCE_ALREADY_EXISTS
[2026-09-20 22:12:13] Cliente ID 120 -> GET bench_tcp_10
[2026-09-20 22:12:13] Cliente ID 120 <- OK VALUE 200
[2026-09-20 22:12:13] Cliente ID 111 -> CREATE bench_tcp_1 100
[2026-09-20 22:12:13] Cliente ID 111 <- ERROR RESOURCE_ALREADY_EXISTS
[2026-09-20 22:12:13] Cliente ID 113 -> CREATE bench_tcp_4 100
[2026-09-20 22:12:13] Cliente ID 113 <- ERROR RESOURCE_ALREADY_EXISTS
[2026-09-20 22:12:13] Cliente ID 118 -> SET bench_tcp_8 200
[2026-09-20 22:12:13] Cliente ID 116 -> GET bench_tcp_6
[2026-09-20 22:12:13] Cliente ID 116 <- OK VALUE 200
[2026-09-20 22:12:13] Cliente ID 118 <- OK VALUE_UPDATED
[2026-09-20 22:12:13] Cliente ID 120 -> SET bench_tcp_10 200
[2026-09-20 22:12:13] Cliente ID 112 -> CREATE bench_tcp_2 100
[2026-09-20 22:12:13] Cliente ID 112 <- ERROR RESOURCE_ALREADY_EXISTS
[2026-09-20 22:12:13] Cliente ID 120 <- OK VALUE_UPDATED
[2026-09-20 22:12:13] Cliente ID 115 -> CREATE bench_tcp_5 100
[2026-09-20 22:12:13] Cliente ID 115 <- ERROR RESOURCE_ALREADY_EXISTS
[2026-09-20 22:12:13] Cliente ID 111 -> GET bench_tcp_1
[2026-09-20 22:12:13] Cliente ID 111 <- OK VALUE 200
[2026-09-20 22:12:13] Cliente ID 113 -> GET bench_tcp_4
[2026-09-20 22:12:13] Cliente ID 113 <- OK VALUE 200
[2026-09-20 22:12:13] Cliente ID 119 -> GET bench_tcp_9
[2026-09-20 22:12:13] Cliente ID 119 <- OK VALUE 200
[2026-09-20 22:12:13] Cliente ID 115 -> GET bench_tcp_5
[2026-09-20 22:12:13] Cliente ID 115 <- OK VALUE 200
[2026-09-20 22:12:13] Cliente ID 113 -> SET bench_tcp_4 200
[2026-09-20 22:12:13] Cliente ID 118 -> RESERVE bench_tcp_8
[2026-09-20 22:12:13] Cliente ID 113 <- OK VALUE_UPDATED
[2026-09-20 22:12:13] Cliente ID 114 -> GET bench_tcp_3
[2026-09-20 22:12:13] Cliente ID 114 <- OK VALUE 200
[2026-09-20 22:12:13] Cliente ID 115 -> SET bench_tcp_5 200
[2026-09-20 22:12:13] Cliente ID 118 <- OK RESOURCE_RESERVED
[2026-09-20 22:12:13] Cliente ID 120 -> RESERVE bench_tcp_10
[2026-09-20 22:12:13] Cliente ID 117 -> GET bench_tcp_7
[2026-09-20 22:12:13] Cliente ID 115 <- OK VALUE_UPDATED
[2026-09-20 22:12:13] Cliente ID 111 -> SET bench_tcp_1 200
[2026-09-20 22:12:13] Cliente ID 117 <- OK VALUE 200
[2026-09-20 22:12:13] Cliente ID 116 -> SET bench_tcp_6 200
[2026-09-20 22:12:13] Cliente ID 120 <- OK RESOURCE_RESERVED
[2026-09-20 22:12:13] Cliente ID 114 -> SET bench_tcp_3 200
[2026-09-20 22:12:13] Cliente ID 115 -> RESERVE bench_tcp_5
[2026-09-20 22:12:13] Cliente ID 113 -> RESERVE bench_tcp_4
[2026-09-20 22:12:13] Cliente ID 115 <- OK RESOURCE_RESERVED
[2026-09-20 22:12:13] Cliente ID 119 -> SET bench_tcp_9 200
[2026-09-20 22:12:13] Cliente ID 112 -> GET bench_tcp_2
[2026-09-20 22:12:13] Cliente ID 112 <- OK VALUE 200
[2026-09-20 22:12:13] Cliente ID 117 -> SET bench_tcp_7 200
[2026-09-20 22:12:13] Cliente ID 111 <- OK VALUE_UPDATED
[2026-09-20 22:12:13] Cliente ID 117 <- OK VALUE_UPDATED
[2026-09-20 22:12:13] Cliente ID 118 -> RELEASE bench_tcp_8
[2026-09-20 22:12:13] Cliente ID 112 -> SET bench_tcp_2 200
[2026-09-20 22:12:13] Cliente ID 114 <- OK VALUE_UPDATED
[2026-09-20 22:12:13] Cliente ID 120 -> RELEASE bench_tcp_10
[2026-09-20 22:12:13] Cliente ID 117 -> RESERVE bench_tcp_7
[2026-09-20 22:12:13] Cliente ID 116 <- OK VALUE_UPDATED
[2026-09-20 22:12:13] Cliente ID 111 -> RESERVE bench_tcp_1
[2026-09-20 22:12:13] Cliente ID 115 -> RELEASE bench_tcp_5
[2026-09-20 22:12:13] Cliente ID 112 <- OK VALUE_UPDATED
[2026-09-20 22:12:13] Cliente ID 114 -> RESERVE bench_tcp_3
[2026-09-20 22:12:13] Cliente ID 113 <- OK RESOURCE_RESERVED
[2026-09-20 22:12:13] Cliente ID 116 -> RESERVE bench_tcp_6
[2026-09-20 22:12:13] Cliente ID 112 -> RESERVE bench_tcp_2
[2026-09-20 22:12:13] Cliente ID 113 -> RELEASE bench_tcp_4
[2026-09-20 22:12:13] Cliente ID 113 <- OK RESOURCE_RELEASED
[2026-09-20 22:12:13] Cliente ID 119 <- OK VALUE_UPDATED
[2026-09-20 22:12:13] Cliente ID 118 <- OK RESOURCE_RELEASED
[2026-09-20 22:12:13] Cliente ID 120 <- OK RESOURCE_RELEASED
[2026-09-20 22:12:13] Cliente ID 119 -> RESERVE bench_tcp_9
[2026-09-20 22:12:13] Recursos do cliente ID 113 liberados automaticamente
[2026-09-20 22:12:13] Cliente ID 113 desconectado
[2026-09-20 22:12:13] Cliente ID 117 <- OK RESOURCE_RESERVED
[2026-09-20 22:12:13] Cliente ID 117 -> RELEASE bench_tcp_7
[2026-09-20 22:12:13] Cliente ID 111 <- OK RESOURCE_RESERVED
[2026-09-20 22:12:13] Cliente ID 111 -> RELEASE bench_tcp_1
[2026-09-20 22:12:13] Cliente ID 115 <- OK RESOURCE_RELEASED
[2026-09-20 22:12:13] Cliente ID 114 <- OK RESOURCE_RESERVED
[2026-09-20 22:12:13] Cliente ID 114 -> RELEASE bench_tcp_3
[2026-09-20 22:12:13] Cliente ID 116 <- OK RESOURCE_RESERVED
[2026-09-20 22:12:13] Cliente ID 112 <- OK RESOURCE_RESERVED
[2026-09-20 22:12:13] Cliente ID 116 -> RELEASE bench_tcp_6
[2026-09-20 22:12:13] Cliente ID 112 -> RELEASE bench_tcp_2
[2026-09-20 22:12:13] Recursos do cliente ID 118 liberados automaticamente
[2026-09-20 22:12:13] Cliente ID 118 desconectado
[2026-09-20 22:12:13] Cliente ID 119 <- OK RESOURCE_RESERVED
[2026-09-20 22:12:13] Cliente ID 119 -> RELEASE bench_tcp_9
[2026-09-20 22:12:13] Recursos do cliente ID 120 liberados automaticamente
[2026-09-20 22:12:13] Cliente ID 120 desconectado
[2026-09-20 22:12:13] Cliente ID 119 <- OK RESOURCE_RELEASED
[2026-09-20 22:12:13] Cliente ID 117 <- OK RESOURCE_RELEASED
[2026-09-20 22:12:13] Cliente ID 111 <- OK RESOURCE_RELEASED
[2026-09-20 22:12:13] Recursos do cliente ID 115 liberados automaticamente
[2026-09-20 22:12:13] Cliente ID 115 desconectado
[2026-09-20 22:12:13] Cliente ID 112 <- OK RESOURCE_RELEASED
[2026-09-20 22:12:13] Cliente ID 114 <- OK RESOURCE_RELEASED
[2026-09-20 22:12:13] Cliente ID 116 <- OK RESOURCE_RELEASED
[2026-09-20 22:12:13] Recursos do cliente ID 119 liberados automaticamente
[2026-09-20 22:12:13] Cliente ID 119 desconectado
[2026-09-20 22:12:13] Recursos do cliente ID 117 liberados automaticamente
[2026-09-20 22:12:13] Cliente ID 117 desconectado
[2026-09-20 22:12:13] Recursos do cliente ID 111 liberados automaticamente
[2026-09-20 22:12:13] Cliente ID 111 desconectado
[2026-09-20 22:12:13] Recursos do cliente ID 114 liberados automaticamente
[2026-09-20 22:12:13] Cliente ID 114 desconectado
[2026-09-20 22:12:13] Recursos do cliente ID 112 liberados automaticamente
[2026-09-20 22:12:13] Cliente ID 112 desconectado
[2026-09-20 22:12:13] Recursos do cliente ID 116 liberados automaticamente
[2026-09-20 22:12:13] Cliente ID 116 desconectado
[2026-09-20 22:12:14] Cliente ID 121 conectado
[2026-09-20 22:12:14] Cliente ID 121 -> LOGIN andreia 1234
[2026-09-20 22:12:14] Cliente ID 121 <- OK AUTHENTICATED
[2026-09-20 22:12:14] Cliente ID 122 conectado
[2026-09-20 22:12:14] Cliente ID 123 conectado
[2026-09-20 22:12:14] Cliente ID 123 -> LOGIN andreia 1234
[2026-09-20 22:12:14] Cliente ID 123 <- OK AUTHENTICATED
[2026-09-20 22:12:14] Cliente ID 122 -> LOGIN andreia 1234
[2026-09-20 22:12:14] Cliente ID 122 <- OK AUTHENTICATED
[2026-09-20 22:12:14] Cliente ID 124 conectado
[2026-09-20 22:12:14] Cliente ID 124 -> LOGIN andreia 1234
[2026-09-20 22:12:14] Cliente ID 124 <- OK AUTHENTICATED
[2026-09-20 22:12:14] Cliente ID 125 conectado
[2026-09-20 22:12:14] Cliente ID 125 -> LOGIN andreia 1234
[2026-09-20 22:12:14] Cliente ID 125 <- OK AUTHENTICATED
[2026-09-20 22:12:14] Cliente ID 126 conectado
[2026-09-20 22:12:14] Cliente ID 127 conectado
[2026-09-20 22:12:14] Cliente ID 126 -> LOGIN andreia 1234
[2026-09-20 22:12:14] Cliente ID 126 <- OK AUTHENTICATED
[2026-09-20 22:12:14] Cliente ID 128 conectado
[2026-09-20 22:12:14] Cliente ID 127 -> LOGIN andreia 1234
[2026-09-20 22:12:14] Cliente ID 127 <- OK AUTHENTICATED
[2026-09-20 22:12:14] Cliente ID 128 -> LOGIN andreia 1234
[2026-09-20 22:12:14] Cliente ID 128 <- OK AUTHENTICATED
[2026-09-20 22:12:14] Cliente ID 129 conectado
[2026-09-20 22:12:14] Cliente ID 129 -> LOGIN andreia 1234
[2026-09-20 22:12:14] Cliente ID 129 <- OK AUTHENTICATED
[2026-09-20 22:12:14] Cliente ID 130 conectado
[2026-09-20 22:12:14] Cliente ID 131 conectado
[2026-09-20 22:12:14] Cliente ID 130 -> LOGIN andreia 1234
[2026-09-20 22:12:14] Cliente ID 130 <- OK AUTHENTICATED
[2026-09-20 22:12:14] Cliente ID 132 conectado
[2026-09-20 22:12:14] Cliente ID 131 -> LOGIN andreia 1234
[2026-09-20 22:12:14] Cliente ID 131 <- OK AUTHENTICATED
[2026-09-20 22:12:14] Cliente ID 132 -> LOGIN andreia 1234
[2026-09-20 22:12:14] Cliente ID 132 <- OK AUTHENTICATED
[2026-09-20 22:12:14] Cliente ID 133 conectado
[2026-09-20 22:12:14] Cliente ID 134 conectado
[2026-09-20 22:12:14] Cliente ID 133 -> LOGIN andreia 1234
[2026-09-20 22:12:14] Cliente ID 133 <- OK AUTHENTICATED
[2026-09-20 22:12:14] Cliente ID 135 conectado
[2026-09-20 22:12:14] Cliente ID 134 -> LOGIN andreia 1234
[2026-09-20 22:12:14] Cliente ID 134 <- OK AUTHENTICATED
[2026-09-20 22:12:14] Cliente ID 135 -> LOGIN andreia 1234
[2026-09-20 22:12:14] Cliente ID 135 <- OK AUTHENTICATED
[2026-09-20 22:12:14] Cliente ID 136 conectado
[2026-09-20 22:12:14] Cliente ID 136 -> LOGIN andreia 1234
[2026-09-20 22:12:14] Cliente ID 136 <- OK AUTHENTICATED
[2026-09-20 22:12:14] Cliente ID 137 conectado
[2026-09-20 22:12:14] Cliente ID 137 -> LOGIN andreia 1234
[2026-09-20 22:12:14] Cliente ID 137 <- OK AUTHENTICATED
[2026-09-20 22:12:14] Cliente ID 138 conectado
[2026-09-20 22:12:14] Cliente ID 139 conectado
[2026-09-20 22:12:14] Cliente ID 140 conectado
[2026-09-20 22:12:14] Cliente ID 139 -> LOGIN andreia 1234
[2026-09-20 22:12:14] Cliente ID 139 <- OK AUTHENTICATED
[2026-09-20 22:12:14] Cliente ID 138 -> LOGIN andreia 1234
[2026-09-20 22:12:14] Cliente ID 138 <- OK AUTHENTICATED
[2026-09-20 22:12:14] Cliente ID 140 -> LOGIN andreia 1234
[2026-09-20 22:12:14] Cliente ID 140 <- OK AUTHENTICATED
[2026-09-20 22:12:14] Cliente ID 140 -> CREATE bench_tcp_20 100
[2026-09-20 22:12:14] Cliente ID 140 <- ERROR RESOURCE_ALREADY_EXISTS
[2026-09-20 22:12:14] Cliente ID 123 -> CREATE bench_tcp_2 100
[2026-09-20 22:12:14] Cliente ID 123 <- ERROR RESOURCE_ALREADY_EXISTS
[2026-09-20 22:12:14] Cliente ID 122 -> CREATE bench_tcp_3 100
[2026-09-20 22:12:14] Cliente ID 122 <- ERROR RESOURCE_ALREADY_EXISTS
[2026-09-20 22:12:14] Cliente ID 132 -> CREATE bench_tcp_12 100
[2026-09-20 22:12:14] Cliente ID 132 <- ERROR RESOURCE_ALREADY_EXISTS
[2026-09-20 22:12:14] Cliente ID 124 -> CREATE bench_tcp_4 100
[2026-09-20 22:12:14] Cliente ID 124 <- ERROR RESOURCE_ALREADY_EXISTS
[2026-09-20 22:12:14] Cliente ID 126 -> CREATE bench_tcp_7 100
[2026-09-20 22:12:14] Cliente ID 126 <- ERROR RESOURCE_ALREADY_EXISTS
[2026-09-20 22:12:14] Cliente ID 131 -> CREATE bench_tcp_11 100
[2026-09-20 22:12:14] Cliente ID 131 <- ERROR RESOURCE_ALREADY_EXISTS
[2026-09-20 22:12:14] Cliente ID 125 -> CREATE bench_tcp_5 100
[2026-09-20 22:12:14] Cliente ID 125 <- ERROR RESOURCE_ALREADY_EXISTS
[2026-09-20 22:12:14] Cliente ID 130 -> CREATE bench_tcp_10 100
[2026-09-20 22:12:14] Cliente ID 130 <- ERROR RESOURCE_ALREADY_EXISTS
[2026-09-20 22:12:14] Cliente ID 135 -> CREATE bench_tcp_15 100
[2026-09-20 22:12:14] Cliente ID 135 <- ERROR RESOURCE_ALREADY_EXISTS
[2026-09-20 22:12:14] Cliente ID 134 -> CREATE bench_tcp_14 100
[2026-09-20 22:12:14] Cliente ID 134 <- ERROR RESOURCE_ALREADY_EXISTS
[2026-09-20 22:12:14] Cliente ID 127 -> CREATE bench_tcp_8 100
[2026-09-20 22:12:14] Cliente ID 127 <- ERROR RESOURCE_ALREADY_EXISTS
[2026-09-20 22:12:14] Cliente ID 136 -> CREATE bench_tcp_16 100
[2026-09-20 22:12:14] Cliente ID 136 <- ERROR RESOURCE_ALREADY_EXISTS
[2026-09-20 22:12:14] Cliente ID 121 -> CREATE bench_tcp_1 100
[2026-09-20 22:12:14] Cliente ID 121 <- ERROR RESOURCE_ALREADY_EXISTS
[2026-09-20 22:12:14] Cliente ID 123 -> GET bench_tcp_2
[2026-09-20 22:12:14] Cliente ID 123 <- OK VALUE 200
[2026-09-20 22:12:14] Cliente ID 130 -> GET bench_tcp_10
[2026-09-20 22:12:14] Cliente ID 130 <- OK VALUE 200
[2026-09-20 22:12:14] Cliente ID 133 -> CREATE bench_tcp_13 100
[2026-09-20 22:12:14] Cliente ID 133 <- ERROR RESOURCE_ALREADY_EXISTS
[2026-09-20 22:12:14] Cliente ID 132 -> GET bench_tcp_12
[2026-09-20 22:12:14] Cliente ID 132 <- OK VALUE 200
[2026-09-20 22:12:14] Cliente ID 131 -> GET bench_tcp_11
[2026-09-20 22:12:14] Cliente ID 131 <- OK VALUE 200
[2026-09-20 22:12:14] Cliente ID 135 -> GET bench_tcp_15
[2026-09-20 22:12:14] Cliente ID 135 <- OK VALUE 200
[2026-09-20 22:12:14] Cliente ID 123 -> SET bench_tcp_2 200
[2026-09-20 22:12:14] Cliente ID 129 -> CREATE bench_tcp_9 100
[2026-09-20 22:12:14] Cliente ID 131 -> SET bench_tcp_11 200
[2026-09-20 22:12:14] Cliente ID 129 <- ERROR RESOURCE_ALREADY_EXISTS
[2026-09-20 22:12:14] Cliente ID 123 <- OK VALUE_UPDATED
[2026-09-20 22:12:14] Cliente ID 121 -> GET bench_tcp_1
[2026-09-20 22:12:14] Cliente ID 121 <- OK VALUE 200
[2026-09-20 22:12:14] Cliente ID 136 -> GET bench_tcp_16
[2026-09-20 22:12:14] Cliente ID 136 <- OK VALUE 200
[2026-09-20 22:12:14] Cliente ID 128 -> CREATE bench_tcp_6 100
[2026-09-20 22:12:14] Cliente ID 128 <- ERROR RESOURCE_ALREADY_EXISTS
[2026-09-20 22:12:14] Cliente ID 125 -> GET bench_tcp_5
[2026-09-20 22:12:14] Cliente ID 140 -> GET bench_tcp_20
[2026-09-20 22:12:14] Cliente ID 140 <- OK VALUE 200
[2026-09-20 22:12:14] Cliente ID 131 <- OK VALUE_UPDATED
[2026-09-20 22:12:14] Cliente ID 123 -> RESERVE bench_tcp_2
[2026-09-20 22:12:14] Cliente ID 126 -> GET bench_tcp_7
[2026-09-20 22:12:14] Cliente ID 126 <- OK VALUE 200
[2026-09-20 22:12:14] Cliente ID 125 <- OK VALUE 200
[2026-09-20 22:12:14] Cliente ID 133 -> GET bench_tcp_13
[2026-09-20 22:12:14] Cliente ID 133 <- OK VALUE 200
[2026-09-20 22:12:14] Cliente ID 139 -> CREATE bench_tcp_19 100
[2026-09-20 22:12:14] Cliente ID 139 <- ERROR RESOURCE_ALREADY_EXISTS
[2026-09-20 22:12:14] Cliente ID 136 -> SET bench_tcp_16 200
[2026-09-20 22:12:14] Cliente ID 123 <- OK RESOURCE_RESERVED
[2026-09-20 22:12:14] Cliente ID 122 -> GET bench_tcp_3
[2026-09-20 22:12:14] Cliente ID 122 <- OK VALUE 200
[2026-09-20 22:12:14] Cliente ID 123 -> RELEASE bench_tcp_2
[2026-09-20 22:12:14] Cliente ID 126 -> SET bench_tcp_7 200
[2026-09-20 22:12:14] Cliente ID 121 -> SET bench_tcp_1 200
[2026-09-20 22:12:14] Cliente ID 125 -> SET bench_tcp_5 200
[2026-09-20 22:12:14] Cliente ID 136 <- OK VALUE_UPDATED
[2026-09-20 22:12:14] Cliente ID 138 -> CREATE bench_tcp_18 100
[2026-09-20 22:12:14] Cliente ID 138 <- ERROR RESOURCE_ALREADY_EXISTS
[2026-09-20 22:12:14] Cliente ID 140 -> SET bench_tcp_20 200
[2026-09-20 22:12:14] Cliente ID 124 -> GET bench_tcp_4
[2026-09-20 22:12:14] Cliente ID 124 <- OK VALUE 200
[2026-09-20 22:12:14] Cliente ID 129 -> GET bench_tcp_9
[2026-09-20 22:12:14] Cliente ID 129 <- OK VALUE 200
[2026-09-20 22:12:14] Cliente ID 125 <- OK VALUE_UPDATED
[2026-09-20 22:12:14] Cliente ID 139 -> GET bench_tcp_19
[2026-09-20 22:12:14] Cliente ID 139 <- OK VALUE 200
[2026-09-20 22:12:14] Cliente ID 130 -> SET bench_tcp_10 200
[2026-09-20 22:12:14] Cliente ID 128 -> GET bench_tcp_6
[2026-09-20 22:12:14] Cliente ID 128 <- OK VALUE 200
[2026-09-20 22:12:14] Cliente ID 133 -> SET bench_tcp_13 200
[2026-09-20 22:12:14] Cliente ID 128 -> SET bench_tcp_6 200
[2026-09-20 22:12:14] Cliente ID 123 <- OK RESOURCE_RELEASED
[2026-09-20 22:12:14] Cliente ID 121 <- OK VALUE_UPDATED
[2026-09-20 22:12:14] Cliente ID 125 -> RESERVE bench_tcp_5
[2026-09-20 22:12:15] Cliente ID 131 -> RESERVE bench_tcp_11
[2026-09-20 22:12:15] Cliente ID 126 <- OK VALUE_UPDATED
[2026-09-20 22:12:15] Cliente ID 124 -> SET bench_tcp_4 200
[2026-09-20 22:12:15] Cliente ID 132 -> SET bench_tcp_12 200
[2026-09-20 22:12:15] Cliente ID 125 <- OK RESOURCE_RESERVED
[2026-09-20 22:12:15] Cliente ID 124 <- OK VALUE_UPDATED
[2026-09-20 22:12:15] Cliente ID 127 -> GET bench_tcp_8
[2026-09-20 22:12:15] Cliente ID 127 <- OK VALUE 200
[2026-09-20 22:12:15] Cliente ID 125 -> RELEASE bench_tcp_5
[2026-09-20 22:12:15] Cliente ID 122 -> SET bench_tcp_3 200
[2026-09-20 22:12:15] Cliente ID 129 -> SET bench_tcp_9 200
[2026-09-20 22:12:15] Cliente ID 137 -> CREATE bench_tcp_17 100
[2026-09-20 22:12:15] Cliente ID 137 <- ERROR RESOURCE_ALREADY_EXISTS
[2026-09-20 22:12:15] Cliente ID 124 -> RESERVE bench_tcp_4
[2026-09-20 22:12:15] Cliente ID 126 -> RESERVE bench_tcp_7
[2026-09-20 22:12:15] Cliente ID 135 -> SET bench_tcp_15 200
[2026-09-20 22:12:15] Cliente ID 127 -> SET bench_tcp_8 200
[2026-09-20 22:12:15] Cliente ID 121 -> RESERVE bench_tcp_1
[2026-09-20 22:12:15] Cliente ID 121 <- OK RESOURCE_RESERVED
[2026-09-20 22:12:15] Cliente ID 126 <- OK RESOURCE_RESERVED
[2026-09-20 22:12:15] Cliente ID 130 <- OK VALUE_UPDATED
[2026-09-20 22:12:15] Cliente ID 127 <- OK VALUE_UPDATED
[2026-09-20 22:12:15] Cliente ID 121 -> RELEASE bench_tcp_1
[2026-09-20 22:12:15] Cliente ID 139 -> SET bench_tcp_19 200
[2026-09-20 22:12:15] Cliente ID 127 -> RESERVE bench_tcp_8
[2026-09-20 22:12:15] Cliente ID 126 -> RELEASE bench_tcp_7
[2026-09-20 22:12:15] Cliente ID 130 -> RESERVE bench_tcp_10
[2026-09-20 22:12:15] Cliente ID 136 -> RESERVE bench_tcp_16
[2026-09-20 22:12:15] Cliente ID 138 -> GET bench_tcp_18
[2026-09-20 22:12:15] Cliente ID 128 <- OK VALUE_UPDATED
[2026-09-20 22:12:15] Cliente ID 131 <- OK RESOURCE_RESERVED
[2026-09-20 22:12:15] Cliente ID 140 <- OK VALUE_UPDATED
[2026-09-20 22:12:15] Cliente ID 140 -> RESERVE bench_tcp_20
[2026-09-20 22:12:15] Cliente ID 128 -> RESERVE bench_tcp_6
[2026-09-20 22:12:15] Cliente ID 133 <- OK VALUE_UPDATED
[2026-09-20 22:12:15] Cliente ID 137 -> GET bench_tcp_17
[2026-09-20 22:12:15] Cliente ID 134 -> GET bench_tcp_14
[2026-09-20 22:12:15] Cliente ID 133 -> RESERVE bench_tcp_13
[2026-09-20 22:12:15] Cliente ID 125 <- OK RESOURCE_RELEASED
[2026-09-20 22:12:15] Cliente ID 131 -> RELEASE bench_tcp_11
[2026-09-20 22:12:15] Cliente ID 135 <- OK VALUE_UPDATED
[2026-09-20 22:12:15] Cliente ID 135 -> RESERVE bench_tcp_15
[2026-09-20 22:12:15] Cliente ID 124 <- OK RESOURCE_RESERVED
[2026-09-20 22:12:15] Cliente ID 124 -> RELEASE bench_tcp_4
[2026-09-20 22:12:15] Cliente ID 122 <- OK VALUE_UPDATED
[2026-09-20 22:12:15] Cliente ID 132 <- OK VALUE_UPDATED
[2026-09-20 22:12:15] Cliente ID 122 -> RESERVE bench_tcp_3
[2026-09-20 22:12:15] Cliente ID 132 -> RESERVE bench_tcp_12
[2026-09-20 22:12:15] Cliente ID 129 <- OK VALUE_UPDATED
[2026-09-20 22:12:15] Cliente ID 129 -> RESERVE bench_tcp_9
[2026-09-20 22:12:15] Recursos do cliente ID 123 liberados automaticamente
[2026-09-20 22:12:15] Cliente ID 123 desconectado
[2026-09-20 22:12:15] Cliente ID 121 <- OK RESOURCE_RELEASED
[2026-09-20 22:12:15] Cliente ID 138 <- OK VALUE 200
[2026-09-20 22:12:15] Cliente ID 126 <- OK RESOURCE_RELEASED
[2026-09-20 22:12:15] Cliente ID 139 <- OK VALUE_UPDATED
[2026-09-20 22:12:15] Cliente ID 138 -> SET bench_tcp_18 200
[2026-09-20 22:12:15] Cliente ID 139 -> RESERVE bench_tcp_19
[2026-09-20 22:12:15] Cliente ID 127 <- OK RESOURCE_RESERVED
[2026-09-20 22:12:15] Cliente ID 127 -> RELEASE bench_tcp_8
[2026-09-20 22:12:15] Cliente ID 130 <- OK RESOURCE_RESERVED
[2026-09-20 22:12:15] Cliente ID 130 -> RELEASE bench_tcp_10
[2026-09-20 22:12:15] Cliente ID 136 <- OK RESOURCE_RESERVED
[2026-09-20 22:12:15] Cliente ID 136 -> RELEASE bench_tcp_16
[2026-09-20 22:12:15] Recursos do cliente ID 121 liberados automaticamente
[2026-09-20 22:12:15] Cliente ID 121 desconectado
[2026-09-20 22:12:15] Cliente ID 137 <- OK VALUE 200
[2026-09-20 22:12:15] Cliente ID 134 <- OK VALUE 200
[2026-09-20 22:12:15] Cliente ID 128 <- OK RESOURCE_RESERVED
[2026-09-20 22:12:15] Cliente ID 137 -> SET bench_tcp_17 200
[2026-09-20 22:12:15] Recursos do cliente ID 125 liberados automaticamente
[2026-09-20 22:12:15] Cliente ID 133 <- OK RESOURCE_RESERVED
[2026-09-20 22:12:15] Cliente ID 125 desconectado
[2026-09-20 22:12:15] Cliente ID 128 -> RELEASE bench_tcp_6
[2026-09-20 22:12:15] Cliente ID 134 -> SET bench_tcp_14 200
[2026-09-20 22:12:15] Cliente ID 133 -> RELEASE bench_tcp_13
[2026-09-20 22:12:15] Cliente ID 122 <- OK RESOURCE_RESERVED
[2026-09-20 22:12:15] Cliente ID 122 -> RELEASE bench_tcp_3
[2026-09-20 22:12:15] Cliente ID 131 <- OK RESOURCE_RELEASED
[2026-09-20 22:12:15] Cliente ID 135 <- OK RESOURCE_RESERVED
[2026-09-20 22:12:15] Cliente ID 128 <- OK RESOURCE_RELEASED
[2026-09-20 22:12:15] Cliente ID 134 <- OK VALUE_UPDATED
[2026-09-20 22:12:15] Cliente ID 135 -> RELEASE bench_tcp_15
[2026-09-20 22:12:15] Cliente ID 134 -> RESERVE bench_tcp_14
[2026-09-20 22:12:15] Cliente ID 124 <- OK RESOURCE_RELEASED
[2026-09-20 22:12:15] Cliente ID 133 <- OK RESOURCE_RELEASED
[2026-09-20 22:12:15] Cliente ID 132 <- OK RESOURCE_RESERVED
[2026-09-20 22:12:15] Cliente ID 129 <- OK RESOURCE_RESERVED
[2026-09-20 22:12:15] Cliente ID 132 -> RELEASE bench_tcp_12
[2026-09-20 22:12:15] Cliente ID 140 <- OK RESOURCE_RESERVED
[2026-09-20 22:12:15] Cliente ID 129 -> RELEASE bench_tcp_9
[2026-09-20 22:12:15] Cliente ID 140 -> RELEASE bench_tcp_20
[2026-09-20 22:12:15] Recursos do cliente ID 126 liberados automaticamente
[2026-09-20 22:12:15] Cliente ID 126 desconectado
[2026-09-20 22:12:15] Cliente ID 138 <- OK VALUE_UPDATED
[2026-09-20 22:12:15] Cliente ID 138 -> RESERVE bench_tcp_18
[2026-09-20 22:12:15] Cliente ID 139 <- OK RESOURCE_RESERVED
[2026-09-20 22:12:15] Cliente ID 139 -> RELEASE bench_tcp_19
[2026-09-20 22:12:15] Recursos do cliente ID 131 liberados automaticamente
[2026-09-20 22:12:15] Cliente ID 131 desconectado
[2026-09-20 22:12:15] Cliente ID 130 <- OK RESOURCE_RELEASED
[2026-09-20 22:12:15] Cliente ID 127 <- OK RESOURCE_RELEASED
[2026-09-20 22:12:15] Cliente ID 138 <- OK RESOURCE_RESERVED
[2026-09-20 22:12:15] Cliente ID 136 <- OK RESOURCE_RELEASED
[2026-09-20 22:12:15] Cliente ID 138 -> RELEASE bench_tcp_18
[2026-09-20 22:12:15] Cliente ID 137 <- OK VALUE_UPDATED
[2026-09-20 22:12:15] Cliente ID 137 -> RESERVE bench_tcp_17
[2026-09-20 22:12:15] Cliente ID 122 <- OK RESOURCE_RELEASED
[2026-09-20 22:12:15] Recursos do cliente ID 128 liberados automaticamente
[2026-09-20 22:12:15] Cliente ID 128 desconectado
[2026-09-20 22:12:15] Cliente ID 135 <- OK RESOURCE_RELEASED
[2026-09-20 22:12:15] Cliente ID 134 <- OK RESOURCE_RESERVED
[2026-09-20 22:12:15] Recursos do cliente ID 124 liberados automaticamente
[2026-09-20 22:12:15] Cliente ID 134 -> RELEASE bench_tcp_14
[2026-09-20 22:12:15] Cliente ID 124 desconectado
[2026-09-20 22:12:15] Cliente ID 134 <- OK RESOURCE_RELEASED
[2026-09-20 22:12:15] Recursos do cliente ID 133 liberados automaticamente
[2026-09-20 22:12:15] Cliente ID 133 desconectado
[2026-09-20 22:12:15] Cliente ID 132 <- OK RESOURCE_RELEASED
[2026-09-20 22:12:15] Recursos do cliente ID 130 liberados automaticamente
[2026-09-20 22:12:15] Cliente ID 130 desconectado
[2026-09-20 22:12:15] Cliente ID 129 <- OK RESOURCE_RELEASED
[2026-09-20 22:12:15] Cliente ID 140 <- OK RESOURCE_RELEASED
[2026-09-20 22:12:15] Recursos do cliente ID 127 liberados automaticamente
[2026-09-20 22:12:15] Cliente ID 127 desconectado
[2026-09-20 22:12:15] Cliente ID 139 <- OK RESOURCE_RELEASED
[2026-09-20 22:12:15] Cliente ID 138 <- OK RESOURCE_RELEASED
[2026-09-20 22:12:15] Recursos do cliente ID 136 liberados automaticamente
[2026-09-20 22:12:15] Cliente ID 136 desconectado
[2026-09-20 22:12:15] Cliente ID 137 <- OK RESOURCE_RESERVED
[2026-09-20 22:12:15] Cliente ID 137 -> RELEASE bench_tcp_17
[2026-09-20 22:12:15] Recursos do cliente ID 122 liberados automaticamente
[2026-09-20 22:12:15] Cliente ID 122 desconectado
[2026-09-20 22:12:15] Recursos do cliente ID 135 liberados automaticamente
[2026-09-20 22:12:15] Cliente ID 135 desconectado
[2026-09-20 22:12:15] Recursos do cliente ID 134 liberados automaticamente
[2026-09-20 22:12:15] Cliente ID 134 desconectado
[2026-09-20 22:12:15] Recursos do cliente ID 132 liberados automaticamente
[2026-09-20 22:12:15] Cliente ID 132 desconectado
[2026-09-20 22:12:15] Recursos do cliente ID 129 liberados automaticamente
[2026-09-20 22:12:15] Cliente ID 129 desconectado
[2026-09-20 22:12:15] Recursos do cliente ID 140 liberados automaticamente
[2026-09-20 22:12:15] Cliente ID 140 desconectado
[2026-09-20 22:12:15] Recursos do cliente ID 139 liberados automaticamente
[2026-09-20 22:12:15] Cliente ID 139 desconectado
[2026-09-20 22:12:15] Recursos do cliente ID 138 liberados automaticamente
[2026-09-20 22:12:15] Cliente ID 138 desconectado
[2026-09-20 22:12:15] Cliente ID 137 <- OK RESOURCE_RELEASED
[2026-09-20 22:12:15] Recursos do cliente ID 137 liberados automaticamente
[2026-09-20 22:12:15] Cliente ID 137 desconectado
[2026-09-20 22:15:26] Cliente ID 141 conectado
[2026-09-20 22:15:26] Cliente ID 142 conectado
[2026-09-20 22:15:26] Cliente ID 141 -> LOGIN andreia 1234
[2026-09-20 22:15:26] Cliente ID 141 <- OK AUTHENTICATED
[2026-09-20 22:15:26] Cliente ID 142 -> LOGIN andreia 1234
[2026-09-20 22:15:26] Cliente ID 142 <- OK AUTHENTICATED
[2026-09-20 22:15:26] Cliente ID 143 conectado
[2026-09-20 22:15:26] Cliente ID 144 conectado
[2026-09-20 22:15:26] Cliente ID 145 conectado
[2026-09-20 22:15:26] Cliente ID 145 -> LOGIN andreia 1234
[2026-09-20 22:15:26] Cliente ID 145 <- OK AUTHENTICATED
[2026-09-20 22:15:26] Cliente ID 143 -> LOGIN andreia 1234
[2026-09-20 22:15:26] Cliente ID 143 <- OK AUTHENTICATED
[2026-09-20 22:15:26] Cliente ID 144 -> LOGIN andreia 1234
[2026-09-20 22:15:26] Cliente ID 144 <- OK AUTHENTICATED
[2026-09-20 22:15:26] Cliente ID 144 -> CREATE bench_tcp_4 100
[2026-09-20 22:15:26] Cliente ID 142 -> CREATE bench_tcp_2 100
[2026-09-20 22:15:26] Cliente ID 142 <- ERROR RESOURCE_ALREADY_EXISTS
[2026-09-20 22:15:26] Cliente ID 144 <- ERROR RESOURCE_ALREADY_EXISTS
[2026-09-20 22:15:26] Cliente ID 141 -> CREATE bench_tcp_1 100
[2026-09-20 22:15:26] Cliente ID 141 <- ERROR RESOURCE_ALREADY_EXISTS
[2026-09-20 22:15:26] Cliente ID 142 -> GET bench_tcp_2
[2026-09-20 22:15:26] Cliente ID 142 <- OK VALUE 200
[2026-09-20 22:15:26] Cliente ID 145 -> CREATE bench_tcp_5 100
[2026-09-20 22:15:26] Cliente ID 145 <- ERROR RESOURCE_ALREADY_EXISTS
[2026-09-20 22:15:26] Cliente ID 141 -> GET bench_tcp_1
[2026-09-20 22:15:26] Cliente ID 141 <- OK VALUE 200
[2026-09-20 22:15:26] Cliente ID 142 -> SET bench_tcp_2 200
[2026-09-20 22:15:26] Cliente ID 143 -> CREATE bench_tcp_3 100
[2026-09-20 22:15:26] Cliente ID 143 <- ERROR RESOURCE_ALREADY_EXISTS
[2026-09-20 22:15:26] Cliente ID 141 -> SET bench_tcp_1 200
[2026-09-20 22:15:26] Cliente ID 143 -> GET bench_tcp_3
[2026-09-20 22:15:26] Cliente ID 143 <- OK VALUE 200
[2026-09-20 22:15:26] Cliente ID 142 <- OK VALUE_UPDATED
[2026-09-20 22:15:26] Cliente ID 145 -> GET bench_tcp_5
[2026-09-20 22:15:26] Cliente ID 145 <- OK VALUE 200
[2026-09-20 22:15:26] Cliente ID 144 -> GET bench_tcp_4
[2026-09-20 22:15:26] Cliente ID 144 <- OK VALUE 200
[2026-09-20 22:15:26] Cliente ID 143 -> SET bench_tcp_3 200
[2026-09-20 22:15:26] Cliente ID 141 <- OK VALUE_UPDATED
[2026-09-20 22:15:26] Cliente ID 142 -> RESERVE bench_tcp_2
[2026-09-20 22:15:26] Cliente ID 144 -> SET bench_tcp_4 200
[2026-09-20 22:15:26] Cliente ID 141 -> RESERVE bench_tcp_1
[2026-09-20 22:15:26] Cliente ID 145 -> SET bench_tcp_5 200
[2026-09-20 22:15:26] Cliente ID 143 <- OK VALUE_UPDATED
[2026-09-20 22:15:26] Cliente ID 142 <- OK RESOURCE_RESERVED
[2026-09-20 22:15:26] Cliente ID 143 -> RESERVE bench_tcp_3
[2026-09-20 22:15:26] Cliente ID 144 <- OK VALUE_UPDATED
[2026-09-20 22:15:26] Cliente ID 144 -> RESERVE bench_tcp_4
[2026-09-20 22:15:26] Cliente ID 142 -> RELEASE bench_tcp_2
[2026-09-20 22:15:26] Cliente ID 141 <- OK RESOURCE_RESERVED
[2026-09-20 22:15:26] Cliente ID 141 -> RELEASE bench_tcp_1
[2026-09-20 22:15:26] Cliente ID 145 <- OK VALUE_UPDATED
[2026-09-20 22:15:26] Cliente ID 143 <- OK RESOURCE_RESERVED
[2026-09-20 22:15:26] Cliente ID 143 -> RELEASE bench_tcp_3
[2026-09-20 22:15:26] Cliente ID 144 <- OK RESOURCE_RESERVED
[2026-09-20 22:15:26] Cliente ID 145 -> RESERVE bench_tcp_5
[2026-09-20 22:15:26] Cliente ID 143 <- OK RESOURCE_RELEASED
[2026-09-20 22:15:26] Cliente ID 142 <- OK RESOURCE_RELEASED
[2026-09-20 22:15:26] Cliente ID 144 -> RELEASE bench_tcp_4
[2026-09-20 22:15:26] Cliente ID 144 <- OK RESOURCE_RELEASED
[2026-09-20 22:15:26] Cliente ID 145 <- OK RESOURCE_RESERVED
[2026-09-20 22:15:26] Cliente ID 141 <- OK RESOURCE_RELEASED
[2026-09-20 22:15:26] Recursos do cliente ID 142 liberados automaticamente
[2026-09-20 22:15:26] Cliente ID 142 desconectado
[2026-09-20 22:15:26] Recursos do cliente ID 144 liberados automaticamente
[2026-09-20 22:15:26] Cliente ID 144 desconectado
[2026-09-20 22:15:26] Cliente ID 145 -> RELEASE bench_tcp_5
[2026-09-20 22:15:26] Recursos do cliente ID 143 liberados automaticamente
[2026-09-20 22:15:26] Cliente ID 143 desconectado
[2026-09-20 22:15:26] Recursos do cliente ID 141 liberados automaticamente
[2026-09-20 22:15:26] Cliente ID 141 desconectado
[2026-09-20 22:15:26] Cliente ID 145 <- OK RESOURCE_RELEASED
[2026-09-20 22:15:26] Recursos do cliente ID 145 liberados automaticamente
[2026-09-20 22:15:26] Cliente ID 145 desconectado
[2026-09-20 22:15:27] Cliente ID 146 conectado
[2026-09-20 22:15:27] Cliente ID 147 conectado
[2026-09-20 22:15:27] Cliente ID 148 conectado
[2026-09-20 22:15:27] Cliente ID 147 -> LOGIN andreia 1234
[2026-09-20 22:15:27] Cliente ID 148 -> LOGIN andreia 1234
[2026-09-20 22:15:27] Cliente ID 148 <- OK AUTHENTICATED
[2026-09-20 22:15:27] Cliente ID 146 -> LOGIN andreia 1234
[2026-09-20 22:15:27] Cliente ID 146 <- OK AUTHENTICATED
[2026-09-20 22:15:27] Cliente ID 147 <- OK AUTHENTICATED
[2026-09-20 22:15:27] Cliente ID 149 conectado
[2026-09-20 22:15:27] Cliente ID 150 conectado
[2026-09-20 22:15:27] Cliente ID 150 -> LOGIN andreia 1234
[2026-09-20 22:15:27] Cliente ID 150 <- OK AUTHENTICATED
[2026-09-20 22:15:27] Cliente ID 151 conectado
[2026-09-20 22:15:27] Cliente ID 152 conectado
[2026-09-20 22:15:27] Cliente ID 153 conectado
[2026-09-20 22:15:27] Cliente ID 152 -> LOGIN andreia 1234
[2026-09-20 22:15:27] Cliente ID 152 <- OK AUTHENTICATED
[2026-09-20 22:15:27] Cliente ID 153 -> LOGIN andreia 1234
[2026-09-20 22:15:27] Cliente ID 153 <- OK AUTHENTICATED
[2026-09-20 22:15:27] Cliente ID 151 -> LOGIN andreia 1234
[2026-09-20 22:15:27] Cliente ID 151 <- OK AUTHENTICATED
[2026-09-20 22:15:27] Cliente ID 154 conectado
[2026-09-20 22:15:27] Cliente ID 154 -> LOGIN andreia 1234
[2026-09-20 22:15:27] Cliente ID 154 <- OK AUTHENTICATED
[2026-09-20 22:15:27] Cliente ID 155 conectado
[2026-09-20 22:15:27] Cliente ID 155 -> LOGIN andreia 1234
[2026-09-20 22:15:27] Cliente ID 155 <- OK AUTHENTICATED
[2026-09-20 22:15:27] Cliente ID 149 -> LOGIN andreia 1234
[2026-09-20 22:15:27] Cliente ID 149 <- OK AUTHENTICATED
[2026-09-20 22:15:27] Cliente ID 149 -> CREATE bench_tcp_4 100
[2026-09-20 22:15:27] Cliente ID 149 <- ERROR RESOURCE_ALREADY_EXISTS
[2026-09-20 22:15:27] Cliente ID 150 -> CREATE bench_tcp_5 100
[2026-09-20 22:15:27] Cliente ID 150 <- ERROR RESOURCE_ALREADY_EXISTS
[2026-09-20 22:15:27] Cliente ID 153 -> CREATE bench_tcp_8 100
[2026-09-20 22:15:27] Cliente ID 153 <- ERROR RESOURCE_ALREADY_EXISTS
[2026-09-20 22:15:27] Cliente ID 153 -> GET bench_tcp_8
[2026-09-20 22:15:27] Cliente ID 153 <- OK VALUE 200
[2026-09-20 22:15:27] Cliente ID 155 -> CREATE bench_tcp_10 100
[2026-09-20 22:15:27] Cliente ID 155 <- ERROR RESOURCE_ALREADY_EXISTS
[2026-09-20 22:15:27] Cliente ID 154 -> CREATE bench_tcp_9 100
[2026-09-20 22:15:27] Cliente ID 154 <- ERROR RESOURCE_ALREADY_EXISTS
[2026-09-20 22:15:27] Cliente ID 148 -> CREATE bench_tcp_1 100
[2026-09-20 22:15:27] Cliente ID 148 <- ERROR RESOURCE_ALREADY_EXISTS
[2026-09-20 22:15:27] Cliente ID 154 -> GET bench_tcp_9
[2026-09-20 22:15:27] Cliente ID 154 <- OK VALUE 200
[2026-09-20 22:15:27] Cliente ID 150 -> GET bench_tcp_5
[2026-09-20 22:15:27] Cliente ID 150 <- OK VALUE 200
[2026-09-20 22:15:27] Cliente ID 152 -> CREATE bench_tcp_7 100
[2026-09-20 22:15:27] Cliente ID 152 <- ERROR RESOURCE_ALREADY_EXISTS
[2026-09-20 22:15:27] Cliente ID 150 -> SET bench_tcp_5 200
[2026-09-20 22:15:27] Cliente ID 150 <- OK VALUE_UPDATED
[2026-09-20 22:15:27] Cliente ID 153 -> SET bench_tcp_8 200
[2026-09-20 22:15:27] Cliente ID 153 <- OK VALUE_UPDATED
[2026-09-20 22:15:27] Cliente ID 155 -> GET bench_tcp_10
[2026-09-20 22:15:27] Cliente ID 148 -> GET bench_tcp_1
[2026-09-20 22:15:27] Cliente ID 146 -> CREATE bench_tcp_2 100
[2026-09-20 22:15:27] Cliente ID 146 <- ERROR RESOURCE_ALREADY_EXISTS
[2026-09-20 22:15:27] Cliente ID 148 <- OK VALUE 200
[2026-09-20 22:15:27] Cliente ID 155 <- OK VALUE 200
[2026-09-20 22:15:27] Cliente ID 150 -> RESERVE bench_tcp_5
[2026-09-20 22:15:27] Cliente ID 152 -> GET bench_tcp_7
[2026-09-20 22:15:27] Cliente ID 150 <- OK RESOURCE_RESERVED
[2026-09-20 22:15:27] Cliente ID 152 <- OK VALUE 200
[2026-09-20 22:15:27] Cliente ID 149 -> GET bench_tcp_4
[2026-09-20 22:15:27] Cliente ID 149 <- OK VALUE 200
[2026-09-20 22:15:27] Cliente ID 155 -> SET bench_tcp_10 200
[2026-09-20 22:15:27] Cliente ID 155 <- OK VALUE_UPDATED
[2026-09-20 22:15:27] Cliente ID 153 -> RESERVE bench_tcp_8
[2026-09-20 22:15:27] Cliente ID 151 -> CREATE bench_tcp_6 100
[2026-09-20 22:15:27] Cliente ID 151 <- ERROR RESOURCE_ALREADY_EXISTS
[2026-09-20 22:15:27] Cliente ID 150 -> RELEASE bench_tcp_5
[2026-09-20 22:15:27] Cliente ID 146 -> GET bench_tcp_2
[2026-09-20 22:15:27] Cliente ID 146 <- OK VALUE 200
[2026-09-20 22:15:27] Cliente ID 153 <- OK RESOURCE_RESERVED
[2026-09-20 22:15:27] Cliente ID 154 -> SET bench_tcp_9 200
[2026-09-20 22:15:27] Cliente ID 153 -> RELEASE bench_tcp_8
[2026-09-20 22:15:27] Cliente ID 150 <- OK RESOURCE_RELEASED
[2026-09-20 22:15:27] Cliente ID 152 -> SET bench_tcp_7 200
[2026-09-20 22:15:27] Cliente ID 155 -> RESERVE bench_tcp_10
[2026-09-20 22:15:27] Cliente ID 154 <- OK VALUE_UPDATED
[2026-09-20 22:15:27] Cliente ID 154 -> RESERVE bench_tcp_9
[2026-09-20 22:15:27] Cliente ID 153 <- OK RESOURCE_RELEASED
[2026-09-20 22:15:27] Cliente ID 152 <- OK VALUE_UPDATED
[2026-09-20 22:15:27] Cliente ID 147 -> CREATE bench_tcp_3 100
[2026-09-20 22:15:27] Recursos do cliente ID 153 liberados automaticamente
[2026-09-20 22:15:27] Cliente ID 147 <- ERROR RESOURCE_ALREADY_EXISTS
[2026-09-20 22:15:27] Cliente ID 153 desconectado
[2026-09-20 22:15:27] Cliente ID 151 -> GET bench_tcp_6
[2026-09-20 22:15:27] Cliente ID 148 -> SET bench_tcp_1 200
[2026-09-20 22:15:27] Cliente ID 155 <- OK RESOURCE_RESERVED
[2026-09-20 22:15:27] Cliente ID 154 <- OK RESOURCE_RESERVED
[2026-09-20 22:15:27] Recursos do cliente ID 150 liberados automaticamente
[2026-09-20 22:15:27] Cliente ID 150 desconectado
[2026-09-20 22:15:27] Cliente ID 151 <- OK VALUE 200
[2026-09-20 22:15:27] Cliente ID 146 -> SET bench_tcp_2 200
[2026-09-20 22:15:27] Cliente ID 146 <- OK VALUE_UPDATED
[2026-09-20 22:15:27] Cliente ID 146 -> RESERVE bench_tcp_2
[2026-09-20 22:15:27] Cliente ID 151 -> SET bench_tcp_6 200
[2026-09-20 22:15:27] Cliente ID 148 <- OK VALUE_UPDATED
[2026-09-20 22:15:27] Cliente ID 155 -> RELEASE bench_tcp_10
[2026-09-20 22:15:27] Cliente ID 152 -> RESERVE bench_tcp_7
[2026-09-20 22:15:27] Cliente ID 147 -> GET bench_tcp_3
[2026-09-20 22:15:27] Cliente ID 147 <- OK VALUE 200
[2026-09-20 22:15:27] Cliente ID 149 -> SET bench_tcp_4 200
[2026-09-20 22:15:27] Cliente ID 146 <- OK RESOURCE_RESERVED
[2026-09-20 22:15:27] Cliente ID 154 -> RELEASE bench_tcp_9
[2026-09-20 22:15:27] Cliente ID 148 -> RESERVE bench_tcp_1
[2026-09-20 22:15:27] Cliente ID 151 <- OK VALUE_UPDATED
[2026-09-20 22:15:27] Cliente ID 147 -> SET bench_tcp_3 200
[2026-09-20 22:15:27] Cliente ID 148 <- OK RESOURCE_RESERVED
[2026-09-20 22:15:27] Cliente ID 146 -> RELEASE bench_tcp_2
[2026-09-20 22:15:27] Cliente ID 151 -> RESERVE bench_tcp_6
[2026-09-20 22:15:27] Cliente ID 147 <- OK VALUE_UPDATED
[2026-09-20 22:15:27] Cliente ID 148 -> RELEASE bench_tcp_1
[2026-09-20 22:15:27] Cliente ID 147 -> RESERVE bench_tcp_3
[2026-09-20 22:15:27] Cliente ID 149 <- OK VALUE_UPDATED
[2026-09-20 22:15:27] Cliente ID 148 <- OK RESOURCE_RELEASED
[2026-09-20 22:15:27] Cliente ID 149 -> RESERVE bench_tcp_4
[2026-09-20 22:15:27] Cliente ID 155 <- OK RESOURCE_RELEASED
[2026-09-20 22:15:27] Cliente ID 154 <- OK RESOURCE_RELEASED
[2026-09-20 22:15:27] Cliente ID 146 <- OK RESOURCE_RELEASED
[2026-09-20 22:15:27] Cliente ID 151 <- OK RESOURCE_RESERVED
[2026-09-20 22:15:27] Cliente ID 151 -> RELEASE bench_tcp_6
[2026-09-20 22:15:27] Cliente ID 152 <- OK RESOURCE_RESERVED
[2026-09-20 22:15:27] Cliente ID 147 <- OK RESOURCE_RESERVED
[2026-09-20 22:15:27] Cliente ID 152 -> RELEASE bench_tcp_7
[2026-09-20 22:15:27] Cliente ID 147 -> RELEASE bench_tcp_3
[2026-09-20 22:15:27] Cliente ID 149 <- OK RESOURCE_RESERVED
[2026-09-20 22:15:27] Cliente ID 149 -> RELEASE bench_tcp_4
[2026-09-20 22:15:27] Recursos do cliente ID 148 liberados automaticamente
[2026-09-20 22:15:27] Cliente ID 148 desconectado
[2026-09-20 22:15:27] Recursos do cliente ID 155 liberados automaticamente
[2026-09-20 22:15:27] Cliente ID 155 desconectado
[2026-09-20 22:15:27] Recursos do cliente ID 154 liberados automaticamente
[2026-09-20 22:15:27] Cliente ID 154 desconectado
[2026-09-20 22:15:27] Cliente ID 151 <- OK RESOURCE_RELEASED
[2026-09-20 22:15:27] Recursos do cliente ID 146 liberados automaticamente
[2026-09-20 22:15:27] Cliente ID 146 desconectado
[2026-09-20 22:15:27] Cliente ID 152 <- OK RESOURCE_RELEASED
[2026-09-20 22:15:27] Cliente ID 147 <- OK RESOURCE_RELEASED
[2026-09-20 22:15:27] Recursos do cliente ID 151 liberados automaticamente
[2026-09-20 22:15:27] Cliente ID 151 desconectado
[2026-09-20 22:15:27] Cliente ID 149 <- OK RESOURCE_RELEASED
[2026-09-20 22:15:27] Recursos do cliente ID 152 liberados automaticamente
[2026-09-20 22:15:27] Cliente ID 152 desconectado
[2026-09-20 22:15:27] Recursos do cliente ID 149 liberados automaticamente
[2026-09-20 22:15:27] Cliente ID 149 desconectado
[2026-09-20 22:15:27] Recursos do cliente ID 147 liberados automaticamente
[2026-09-20 22:15:27] Cliente ID 147 desconectado
[2026-09-20 22:15:28] Cliente ID 156 conectado
[2026-09-20 22:15:28] Cliente ID 157 conectado
[2026-09-20 22:15:28] Cliente ID 158 conectado
[2026-09-20 22:15:28] Cliente ID 157 -> LOGIN andreia 1234
[2026-09-20 22:15:28] Cliente ID 157 <- OK AUTHENTICATED
[2026-09-20 22:15:28] Cliente ID 158 -> LOGIN andreia 1234
[2026-09-20 22:15:28] Cliente ID 158 <- OK AUTHENTICATED
[2026-09-20 22:15:28] Cliente ID 156 -> LOGIN andreia 1234
[2026-09-20 22:15:28] Cliente ID 156 <- OK AUTHENTICATED
[2026-09-20 22:15:28] Cliente ID 159 conectado
[2026-09-20 22:15:28] Cliente ID 160 conectado
[2026-09-20 22:15:28] Cliente ID 159 -> LOGIN andreia 1234
[2026-09-20 22:15:28] Cliente ID 159 <- OK AUTHENTICATED
[2026-09-20 22:15:28] Cliente ID 160 -> LOGIN andreia 1234
[2026-09-20 22:15:28] Cliente ID 160 <- OK AUTHENTICATED
[2026-09-20 22:15:28] Cliente ID 161 conectado
[2026-09-20 22:15:28] Cliente ID 161 -> LOGIN andreia 1234
[2026-09-20 22:15:28] Cliente ID 161 <- OK AUTHENTICATED
[2026-09-20 22:15:28] Cliente ID 162 conectado
[2026-09-20 22:15:28] Cliente ID 163 conectado
[2026-09-20 22:15:28] Cliente ID 162 -> LOGIN andreia 1234
[2026-09-20 22:15:28] Cliente ID 162 <- OK AUTHENTICATED
[2026-09-20 22:15:28] Cliente ID 163 -> LOGIN andreia 1234
[2026-09-20 22:15:28] Cliente ID 163 <- OK AUTHENTICATED
[2026-09-20 22:15:28] Cliente ID 164 conectado
[2026-09-20 22:15:28] Cliente ID 165 conectado
[2026-09-20 22:15:28] Cliente ID 166 conectado
[2026-09-20 22:15:28] Cliente ID 167 conectado
[2026-09-20 22:15:28] Cliente ID 165 -> LOGIN andreia 1234
[2026-09-20 22:15:28] Cliente ID 165 <- OK AUTHENTICATED
[2026-09-20 22:15:28] Cliente ID 164 -> LOGIN andreia 1234
[2026-09-20 22:15:28] Cliente ID 164 <- OK AUTHENTICATED
[2026-09-20 22:15:28] Cliente ID 167 -> LOGIN andreia 1234
[2026-09-20 22:15:28] Cliente ID 167 <- OK AUTHENTICATED
[2026-09-20 22:15:28] Cliente ID 168 conectado
[2026-09-20 22:15:28] Cliente ID 169 conectado
[2026-09-20 22:15:28] Cliente ID 169 -> LOGIN andreia 1234
[2026-09-20 22:15:28] Cliente ID 169 <- OK AUTHENTICATED
[2026-09-20 22:15:28] Cliente ID 170 conectado
[2026-09-20 22:15:28] Cliente ID 171 conectado
[2026-09-20 22:15:28] Cliente ID 171 -> LOGIN andreia 1234
[2026-09-20 22:15:28] Cliente ID 171 <- OK AUTHENTICATED
[2026-09-20 22:15:28] Cliente ID 170 -> LOGIN andreia 1234
[2026-09-20 22:15:28] Cliente ID 170 <- OK AUTHENTICATED
[2026-09-20 22:15:28] Cliente ID 168 -> LOGIN andreia 1234
[2026-09-20 22:15:28] Cliente ID 168 <- OK AUTHENTICATED
[2026-09-20 22:15:28] Cliente ID 166 -> LOGIN andreia 1234
[2026-09-20 22:15:28] Cliente ID 166 <- OK AUTHENTICATED
[2026-09-20 22:15:28] Cliente ID 172 conectado
[2026-09-20 22:15:28] Cliente ID 173 conectado
[2026-09-20 22:15:28] Cliente ID 173 -> LOGIN andreia 1234
[2026-09-20 22:15:28] Cliente ID 173 <- OK AUTHENTICATED
[2026-09-20 22:15:28] Cliente ID 172 -> LOGIN andreia 1234
[2026-09-20 22:15:28] Cliente ID 172 <- OK AUTHENTICATED
[2026-09-20 22:15:28] Cliente ID 174 conectado
[2026-09-20 22:15:28] Cliente ID 175 conectado
[2026-09-20 22:15:28] Cliente ID 174 -> LOGIN andreia 1234
[2026-09-20 22:15:28] Cliente ID 174 <- OK AUTHENTICATED
[2026-09-20 22:15:28] Cliente ID 175 -> LOGIN andreia 1234
[2026-09-20 22:15:28] Cliente ID 175 <- OK AUTHENTICATED
[2026-09-20 22:15:28] Cliente ID 169 -> CREATE bench_tcp_13 100
[2026-09-20 22:15:28] Cliente ID 169 <- ERROR RESOURCE_ALREADY_EXISTS
[2026-09-20 22:15:28] Cliente ID 174 -> CREATE bench_tcp_19 100
[2026-09-20 22:15:28] Cliente ID 174 <- ERROR RESOURCE_ALREADY_EXISTS
[2026-09-20 22:15:28] Cliente ID 169 -> GET bench_tcp_13
[2026-09-20 22:15:28] Cliente ID 169 <- OK VALUE 200
[2026-09-20 22:15:28] Cliente ID 162 -> CREATE bench_tcp_8 100
[2026-09-20 22:15:28] Cliente ID 162 <- ERROR RESOURCE_ALREADY_EXISTS
[2026-09-20 22:15:28] Cliente ID 158 -> CREATE bench_tcp_3 100
[2026-09-20 22:15:28] Cliente ID 158 <- ERROR RESOURCE_ALREADY_EXISTS
[2026-09-20 22:15:28] Cliente ID 160 -> CREATE bench_tcp_5 100
[2026-09-20 22:15:28] Cliente ID 160 <- ERROR RESOURCE_ALREADY_EXISTS
[2026-09-20 22:15:28] Cliente ID 156 -> CREATE bench_tcp_1 100
[2026-09-20 22:15:28] Cliente ID 156 <- ERROR RESOURCE_ALREADY_EXISTS
[2026-09-20 22:15:28] Cliente ID 170 -> CREATE bench_tcp_16 100
[2026-09-20 22:15:28] Cliente ID 170 <- ERROR RESOURCE_ALREADY_EXISTS
[2026-09-20 22:15:28] Cliente ID 174 -> GET bench_tcp_19
[2026-09-20 22:15:28] Cliente ID 174 <- OK VALUE 200
[2026-09-20 22:15:28] Cliente ID 161 -> CREATE bench_tcp_6 100
[2026-09-20 22:15:28] Cliente ID 161 <- ERROR RESOURCE_ALREADY_EXISTS
[2026-09-20 22:15:28] Cliente ID 171 -> CREATE bench_tcp_14 100
[2026-09-20 22:15:28] Cliente ID 171 <- ERROR RESOURCE_ALREADY_EXISTS
[2026-09-20 22:15:28] Cliente ID 168 -> CREATE bench_tcp_15 100
[2026-09-20 22:15:28] Cliente ID 168 <- ERROR RESOURCE_ALREADY_EXISTS
[2026-09-20 22:15:28] Cliente ID 170 -> GET bench_tcp_16
[2026-09-20 22:15:28] Cliente ID 170 <- OK VALUE 200
[2026-09-20 22:15:28] Cliente ID 159 -> CREATE bench_tcp_4 100
[2026-09-20 22:15:28] Cliente ID 159 <- ERROR RESOURCE_ALREADY_EXISTS
[2026-09-20 22:15:28] Cliente ID 162 -> GET bench_tcp_8
[2026-09-20 22:15:28] Cliente ID 162 <- OK VALUE 200
[2026-09-20 22:15:28] Cliente ID 167 -> CREATE bench_tcp_12 100
[2026-09-20 22:15:28] Cliente ID 167 <- ERROR RESOURCE_ALREADY_EXISTS
[2026-09-20 22:15:28] Cliente ID 156 -> GET bench_tcp_1
[2026-09-20 22:15:28] Cliente ID 156 <- OK VALUE 200
[2026-09-20 22:15:28] Cliente ID 162 -> SET bench_tcp_8 200
[2026-09-20 22:15:28] Cliente ID 166 -> CREATE bench_tcp_11 100
[2026-09-20 22:15:28] Cliente ID 166 <- ERROR RESOURCE_ALREADY_EXISTS
[2026-09-20 22:15:28] Cliente ID 162 <- OK VALUE_UPDATED
[2026-09-20 22:15:28] Cliente ID 167 -> GET bench_tcp_12
[2026-09-20 22:15:28] Cliente ID 167 <- OK VALUE 200
[2026-09-20 22:15:28] Cliente ID 158 -> GET bench_tcp_3
[2026-09-20 22:15:28] Cliente ID 158 <- OK VALUE 200
[2026-09-20 22:15:28] Cliente ID 175 -> CREATE bench_tcp_20 100
[2026-09-20 22:15:28] Cliente ID 175 <- ERROR RESOURCE_ALREADY_EXISTS
[2026-09-20 22:15:28] Cliente ID 167 -> SET bench_tcp_12 200
[2026-09-20 22:15:28] Cliente ID 165 -> CREATE bench_tcp_10 100
[2026-09-20 22:15:28] Cliente ID 165 <- ERROR RESOURCE_ALREADY_EXISTS
[2026-09-20 22:15:28] Cliente ID 167 <- OK VALUE_UPDATED
[2026-09-20 22:15:28] Cliente ID 161 -> GET bench_tcp_6
[2026-09-20 22:15:28] Cliente ID 161 <- OK VALUE 200
[2026-09-20 22:15:28] Cliente ID 170 -> SET bench_tcp_16 200
[2026-09-20 22:15:28] Cliente ID 172 -> CREATE bench_tcp_17 100
[2026-09-20 22:15:28] Cliente ID 172 <- ERROR RESOURCE_ALREADY_EXISTS
[2026-09-20 22:15:28] Cliente ID 170 <- OK VALUE_UPDATED
[2026-09-20 22:15:28] Cliente ID 167 -> RESERVE bench_tcp_12
[2026-09-20 22:15:28] Cliente ID 174 -> SET bench_tcp_19 200
[2026-09-20 22:15:28] Cliente ID 169 -> SET bench_tcp_13 200
[2026-09-20 22:15:28] Cliente ID 173 -> CREATE bench_tcp_18 100
[2026-09-20 22:15:28] Cliente ID 173 <- ERROR RESOURCE_ALREADY_EXISTS
[2026-09-20 22:15:28] Cliente ID 171 -> GET bench_tcp_14
[2026-09-20 22:15:28] Cliente ID 171 <- OK VALUE 200
[2026-09-20 22:15:28] Cliente ID 167 <- OK RESOURCE_RESERVED
[2026-09-20 22:15:28] Cliente ID 159 -> GET bench_tcp_4
[2026-09-20 22:15:28] Cliente ID 159 <- OK VALUE 200
[2026-09-20 22:15:28] Cliente ID 156 -> SET bench_tcp_1 200
[2026-09-20 22:15:28] Cliente ID 169 <- OK VALUE_UPDATED
[2026-09-20 22:15:28] Cliente ID 174 <- OK VALUE_UPDATED
[2026-09-20 22:15:28] Cliente ID 175 -> GET bench_tcp_20
[2026-09-20 22:15:28] Cliente ID 175 <- OK VALUE 200
[2026-09-20 22:15:28] Cliente ID 173 -> GET bench_tcp_18
[2026-09-20 22:15:28] Cliente ID 173 <- OK VALUE 200
[2026-09-20 22:15:28] Cliente ID 156 <- OK VALUE_UPDATED
[2026-09-20 22:15:28] Cliente ID 161 -> SET bench_tcp_6 200
[2026-09-20 22:15:28] Cliente ID 157 -> CREATE bench_tcp_2 100
[2026-09-20 22:15:28] Cliente ID 157 <- ERROR RESOURCE_ALREADY_EXISTS
[2026-09-20 22:15:28] Cliente ID 167 -> RELEASE bench_tcp_12
[2026-09-20 22:15:28] Cliente ID 162 -> RESERVE bench_tcp_8
[2026-09-20 22:15:28] Cliente ID 167 <- OK RESOURCE_RELEASED
[2026-09-20 22:15:28] Cliente ID 174 -> RESERVE bench_tcp_19
[2026-09-20 22:15:28] Cliente ID 165 -> GET bench_tcp_10
[2026-09-20 22:15:28] Cliente ID 165 <- OK VALUE 200
[2026-09-20 22:15:28] Cliente ID 156 -> RESERVE bench_tcp_1
[2026-09-20 22:15:28] Cliente ID 156 <- OK RESOURCE_RESERVED
[2026-09-20 22:15:28] Cliente ID 161 <- OK VALUE_UPDATED
[2026-09-20 22:15:28] Cliente ID 162 <- OK RESOURCE_RESERVED
[2026-09-20 22:15:28] Cliente ID 165 -> SET bench_tcp_10 200
[2026-09-20 22:15:28] Cliente ID 156 -> RELEASE bench_tcp_1
[2026-09-20 22:15:28] Cliente ID 174 <- OK RESOURCE_RESERVED
[2026-09-20 22:15:28] Cliente ID 166 -> GET bench_tcp_11
[2026-09-20 22:15:28] Cliente ID 166 <- OK VALUE 200
[2026-09-20 22:15:28] Cliente ID 156 <- OK RESOURCE_RELEASED
[2026-09-20 22:15:28] Cliente ID 169 -> RESERVE bench_tcp_13
[2026-09-20 22:15:28] Cliente ID 165 <- OK VALUE_UPDATED
[2026-09-20 22:15:28] Recursos do cliente ID 167 liberados automaticamente
[2026-09-20 22:15:28] Cliente ID 167 desconectado
[2026-09-20 22:15:28] Cliente ID 169 <- OK RESOURCE_RESERVED
[2026-09-20 22:15:28] Cliente ID 173 -> SET bench_tcp_18 200
[2026-09-20 22:15:28] Cliente ID 173 <- OK VALUE_UPDATED
[2026-09-20 22:15:28] Cliente ID 163 -> CREATE bench_tcp_7 100
[2026-09-20 22:15:28] Cliente ID 163 <- ERROR RESOURCE_ALREADY_EXISTS
[2026-09-20 22:15:28] Cliente ID 158 -> SET bench_tcp_3 200
[2026-09-20 22:15:28] Cliente ID 160 -> GET bench_tcp_5
[2026-09-20 22:15:28] Cliente ID 160 <- OK VALUE 200
[2026-09-20 22:15:28] Cliente ID 161 -> RESERVE bench_tcp_6
[2026-09-20 22:15:28] Cliente ID 163 -> GET bench_tcp_7
[2026-09-20 22:15:28] Cliente ID 163 <- OK VALUE 200
[2026-09-20 22:15:28] Cliente ID 163 -> SET bench_tcp_7 200
[2026-09-20 22:15:28] Cliente ID 166 -> SET bench_tcp_11 200
[2026-09-20 22:15:28] Cliente ID 175 -> SET bench_tcp_20 200
[2026-09-20 22:15:28] Cliente ID 158 <- OK VALUE_UPDATED
[2026-09-20 22:15:28] Cliente ID 161 <- OK RESOURCE_RESERVED
[2026-09-20 22:15:28] Cliente ID 171 -> SET bench_tcp_14 200
[2026-09-20 22:15:28] Cliente ID 169 -> RELEASE bench_tcp_13
[2026-09-20 22:15:28] Cliente ID 175 <- OK VALUE_UPDATED
[2026-09-20 22:15:28] Cliente ID 166 <- OK VALUE_UPDATED
[2026-09-20 22:15:28] Cliente ID 164 -> CREATE bench_tcp_9 100
[2026-09-20 22:15:28] Cliente ID 166 -> RESERVE bench_tcp_11
[2026-09-20 22:15:28] Cliente ID 171 <- OK VALUE_UPDATED
[2026-09-20 22:15:28] Cliente ID 163 <- OK VALUE_UPDATED
[2026-09-20 22:15:28] Cliente ID 157 -> GET bench_tcp_2
[2026-09-20 22:15:28] Cliente ID 165 -> RESERVE bench_tcp_10
[2026-09-20 22:15:28] Cliente ID 169 <- OK RESOURCE_RELEASED
[2026-09-20 22:15:28] Recursos do cliente ID 156 liberados automaticamente
[2026-09-20 22:15:28] Cliente ID 163 -> RESERVE bench_tcp_7
[2026-09-20 22:15:28] Cliente ID 164 <- ERROR RESOURCE_ALREADY_EXISTS
[2026-09-20 22:15:29] Cliente ID 156 desconectado
[2026-09-20 22:15:29] Cliente ID 165 <- OK RESOURCE_RESERVED
[2026-09-20 22:15:29] Cliente ID 157 <- OK VALUE 200
[2026-09-20 22:15:29] Cliente ID 166 <- OK RESOURCE_RESERVED
[2026-09-20 22:15:29] Cliente ID 158 -> RESERVE bench_tcp_3
[2026-09-20 22:15:29] Cliente ID 171 -> RESERVE bench_tcp_14
[2026-09-20 22:15:29] Cliente ID 158 <- OK RESOURCE_RESERVED
[2026-09-20 22:15:29] Cliente ID 163 <- OK RESOURCE_RESERVED
[2026-09-20 22:15:29] Cliente ID 170 -> RESERVE bench_tcp_16
[2026-09-20 22:15:29] Cliente ID 174 -> RELEASE bench_tcp_19
[2026-09-20 22:15:29] Cliente ID 166 -> RELEASE bench_tcp_11
[2026-09-20 22:15:29] Recursos do cliente ID 169 liberados automaticamente
[2026-09-20 22:15:29] Cliente ID 164 -> GET bench_tcp_9
[2026-09-20 22:15:29] Cliente ID 164 <- OK VALUE 200
[2026-09-20 22:15:29] Cliente ID 158 -> RELEASE bench_tcp_3
[2026-09-20 22:15:29] Cliente ID 171 <- OK RESOURCE_RESERVED
[2026-09-20 22:15:29] Cliente ID 161 -> RELEASE bench_tcp_6
[2026-09-20 22:15:29] Cliente ID 169 desconectado
[2026-09-20 22:15:29] Cliente ID 170 <- OK RESOURCE_RESERVED
[2026-09-20 22:15:29] Cliente ID 174 <- OK RESOURCE_RELEASED
[2026-09-20 22:15:29] Cliente ID 158 <- OK RESOURCE_RELEASED
[2026-09-20 22:15:29] Cliente ID 171 -> RELEASE bench_tcp_14
[2026-09-20 22:15:29] Cliente ID 166 <- OK RESOURCE_RELEASED
[2026-09-20 22:15:29] Cliente ID 175 -> RESERVE bench_tcp_20
[2026-09-20 22:15:29] Cliente ID 171 <- OK RESOURCE_RELEASED
[2026-09-20 22:15:29] Cliente ID 161 <- OK RESOURCE_RELEASED
[2026-09-20 22:15:29] Cliente ID 170 -> RELEASE bench_tcp_16
[2026-09-20 22:15:29] Cliente ID 175 <- OK RESOURCE_RESERVED
[2026-09-20 22:15:29] Cliente ID 165 -> RELEASE bench_tcp_10
[2026-09-20 22:15:29] Recursos do cliente ID 174 liberados automaticamente
[2026-09-20 22:15:29] Cliente ID 174 desconectado
[2026-09-20 22:15:29] Recursos do cliente ID 166 liberados automaticamente
[2026-09-20 22:15:29] Cliente ID 163 -> RELEASE bench_tcp_7
[2026-09-20 22:15:29] Cliente ID 166 desconectado
[2026-09-20 22:15:29] Cliente ID 160 -> SET bench_tcp_5 200
[2026-09-20 22:15:29] Cliente ID 163 <- OK RESOURCE_RELEASED
[2026-09-20 22:15:29] Recursos do cliente ID 161 liberados automaticamente
[2026-09-20 22:15:29] Cliente ID 161 desconectado
[2026-09-20 22:15:29] Cliente ID 165 <- OK RESOURCE_RELEASED
[2026-09-20 22:15:29] Cliente ID 164 -> SET bench_tcp_9 200
[2026-09-20 22:15:29] Cliente ID 173 -> RESERVE bench_tcp_18
[2026-09-20 22:15:29] Cliente ID 170 <- OK RESOURCE_RELEASED
[2026-09-20 22:15:29] Cliente ID 172 -> GET bench_tcp_17
[2026-09-20 22:15:29] Cliente ID 157 -> SET bench_tcp_2 200
[2026-09-20 22:15:29] Cliente ID 168 -> GET bench_tcp_15
[2026-09-20 22:15:29] Cliente ID 175 -> RELEASE bench_tcp_20
[2026-09-20 22:15:29] Recursos do cliente ID 171 liberados automaticamente
[2026-09-20 22:15:29] Cliente ID 171 desconectado
[2026-09-20 22:15:29] Cliente ID 162 -> RELEASE bench_tcp_8
[2026-09-20 22:15:29] Cliente ID 160 <- OK VALUE_UPDATED
[2026-09-20 22:15:29] Cliente ID 159 -> SET bench_tcp_4 200
[2026-09-20 22:15:29] Cliente ID 164 <- OK VALUE_UPDATED
[2026-09-20 22:15:29] Cliente ID 160 -> RESERVE bench_tcp_5
[2026-09-20 22:15:29] Cliente ID 159 <- OK VALUE_UPDATED
[2026-09-20 22:15:29] Cliente ID 159 -> RESERVE bench_tcp_4
[2026-09-20 22:15:29] Cliente ID 173 <- OK RESOURCE_RESERVED
[2026-09-20 22:15:29] Recursos do cliente ID 165 liberados automaticamente
[2026-09-20 22:15:29] Cliente ID 172 <- OK VALUE 200
[2026-09-20 22:15:29] Cliente ID 162 <- OK RESOURCE_RELEASED
[2026-09-20 22:15:29] Cliente ID 164 -> RESERVE bench_tcp_9
[2026-09-20 22:15:29] Cliente ID 165 desconectado
[2026-09-20 22:15:29] Cliente ID 172 -> SET bench_tcp_17 200
[2026-09-20 22:15:29] Recursos do cliente ID 170 liberados automaticamente
[2026-09-20 22:15:29] Cliente ID 170 desconectado
[2026-09-20 22:15:29] Recursos do cliente ID 162 liberados automaticamente
[2026-09-20 22:15:29] Cliente ID 162 desconectado
[2026-09-20 22:15:29] Recursos do cliente ID 158 liberados automaticamente
[2026-09-20 22:15:29] Cliente ID 158 desconectado
[2026-09-20 22:15:29] Cliente ID 173 -> RELEASE bench_tcp_18
[2026-09-20 22:15:29] Cliente ID 168 <- OK VALUE 200
[2026-09-20 22:15:29] Cliente ID 173 <- OK RESOURCE_RELEASED
[2026-09-20 22:15:29] Cliente ID 168 -> SET bench_tcp_15 200
[2026-09-20 22:15:29] Cliente ID 168 <- OK VALUE_UPDATED
[2026-09-20 22:15:29] Cliente ID 168 -> RESERVE bench_tcp_15
[2026-09-20 22:15:29] Recursos do cliente ID 173 liberados automaticamente
[2026-09-20 22:15:29] Cliente ID 173 desconectado
[2026-09-20 22:15:29] Cliente ID 157 <- OK VALUE_UPDATED
[2026-09-20 22:15:29] Cliente ID 172 <- OK VALUE_UPDATED
[2026-09-20 22:15:29] Cliente ID 157 -> RESERVE bench_tcp_2
[2026-09-20 22:15:29] Cliente ID 172 -> RESERVE bench_tcp_17
[2026-09-20 22:15:29] Cliente ID 164 <- OK RESOURCE_RESERVED
[2026-09-20 22:15:29] Cliente ID 164 -> RELEASE bench_tcp_9
[2026-09-20 22:15:29] Cliente ID 160 <- OK RESOURCE_RESERVED
[2026-09-20 22:15:29] Cliente ID 160 -> RELEASE bench_tcp_5
[2026-09-20 22:15:29] Cliente ID 159 <- OK RESOURCE_RESERVED
[2026-09-20 22:15:29] Cliente ID 159 -> RELEASE bench_tcp_4
[2026-09-20 22:15:29] Recursos do cliente ID 163 liberados automaticamente
[2026-09-20 22:15:29] Cliente ID 163 desconectado
[2026-09-20 22:15:29] Cliente ID 168 <- OK RESOURCE_RESERVED
[2026-09-20 22:15:29] Cliente ID 157 <- OK RESOURCE_RESERVED
[2026-09-20 22:15:29] Cliente ID 157 -> RELEASE bench_tcp_2
[2026-09-20 22:15:29] Cliente ID 168 -> RELEASE bench_tcp_15
[2026-09-20 22:15:29] Cliente ID 164 <- OK RESOURCE_RELEASED
[2026-09-20 22:15:29] Cliente ID 172 <- OK RESOURCE_RESERVED
[2026-09-20 22:15:29] Cliente ID 160 <- OK RESOURCE_RELEASED
[2026-09-20 22:15:29] Cliente ID 175 <- OK RESOURCE_RELEASED
[2026-09-20 22:15:29] Cliente ID 172 -> RELEASE bench_tcp_17
[2026-09-20 22:15:29] Cliente ID 159 <- OK RESOURCE_RELEASED
[2026-09-20 22:15:29] Cliente ID 157 <- OK RESOURCE_RELEASED
[2026-09-20 22:15:29] Cliente ID 168 <- OK RESOURCE_RELEASED
[2026-09-20 22:15:29] Recursos do cliente ID 175 liberados automaticamente
[2026-09-20 22:15:29] Cliente ID 175 desconectado
[2026-09-20 22:15:29] Recursos do cliente ID 160 liberados automaticamente
[2026-09-20 22:15:29] Cliente ID 160 desconectado
[2026-09-20 22:15:29] Cliente ID 172 <- OK RESOURCE_RELEASED
[2026-09-20 22:15:29] Recursos do cliente ID 157 liberados automaticamente
[2026-09-20 22:15:29] Cliente ID 157 desconectado
[2026-09-20 22:15:29] Recursos do cliente ID 168 liberados automaticamente
[2026-09-20 22:15:29] Cliente ID 168 desconectado
[2026-09-20 22:15:29] Recursos do cliente ID 159 liberados automaticamente
[2026-09-20 22:15:29] Cliente ID 159 desconectado
[2026-09-20 22:15:29] Recursos do cliente ID 164 liberados automaticamente
[2026-09-20 22:15:29] Cliente ID 164 desconectado
[2026-09-20 22:15:29] Recursos do cliente ID 172 liberados automaticamente
[2026-09-20 22:15:29] Cliente ID 172 desconectado
[2026-09-20 22:15:30] Cliente ID 176 conectado
[2026-09-20 22:15:30] Cliente ID 176 -> LOGIN andreia 1234
[2026-09-20 22:15:30] Cliente ID 176 <- OK AUTHENTICATED
[2026-09-20 22:15:30] Cliente ID 177 conectado
[2026-09-20 22:15:30] Cliente ID 177 -> LOGIN andreia 1234
[2026-09-20 22:15:30] Cliente ID 177 <- OK AUTHENTICATED
[2026-09-20 22:15:30] Cliente ID 178 conectado
[2026-09-20 22:15:30] Cliente ID 178 -> LOGIN andreia 1234
[2026-09-20 22:15:30] Cliente ID 178 <- OK AUTHENTICATED
[2026-09-20 22:15:30] Cliente ID 179 conectado
[2026-09-20 22:15:30] Cliente ID 179 -> LOGIN andreia 1234
[2026-09-20 22:15:30] Cliente ID 179 <- OK AUTHENTICATED
[2026-09-20 22:15:30] Cliente ID 180 conectado
[2026-09-20 22:15:30] Cliente ID 180 -> LOGIN andreia 1234
[2026-09-20 22:15:30] Cliente ID 180 <- OK AUTHENTICATED
[2026-09-20 22:15:30] Cliente ID 181 conectado
[2026-09-20 22:15:30] Cliente ID 181 -> LOGIN andreia 1234
[2026-09-20 22:15:30] Cliente ID 181 <- OK AUTHENTICATED
[2026-09-20 22:15:30] Cliente ID 182 conectado
[2026-09-20 22:15:30] Cliente ID 183 conectado
[2026-09-20 22:15:30] Cliente ID 182 -> LOGIN andreia 1234
[2026-09-20 22:15:30] Cliente ID 182 <- OK AUTHENTICATED
[2026-09-20 22:15:30] Cliente ID 183 -> LOGIN andreia 1234
[2026-09-20 22:15:30] Cliente ID 183 <- OK AUTHENTICATED
[2026-09-20 22:15:30] Cliente ID 184 conectado
[2026-09-20 22:15:30] Cliente ID 184 -> LOGIN andreia 1234
[2026-09-20 22:15:30] Cliente ID 184 <- OK AUTHENTICATED
[2026-09-20 22:15:30] Cliente ID 185 conectado
[2026-09-20 22:15:30] Cliente ID 186 conectado
[2026-09-20 22:15:30] Cliente ID 186 -> LOGIN andreia 1234
[2026-09-20 22:15:30] Cliente ID 186 <- OK AUTHENTICATED
[2026-09-20 22:15:30] Cliente ID 185 -> LOGIN andreia 1234
[2026-09-20 22:15:30] Cliente ID 185 <- OK AUTHENTICATED
[2026-09-20 22:15:30] Cliente ID 187 conectado
[2026-09-20 22:15:30] Cliente ID 187 -> LOGIN andreia 1234
[2026-09-20 22:15:30] Cliente ID 187 <- OK AUTHENTICATED
[2026-09-20 22:15:30] Cliente ID 188 conectado
[2026-09-20 22:15:30] Cliente ID 188 -> LOGIN andreia 1234
[2026-09-20 22:15:30] Cliente ID 188 <- OK AUTHENTICATED
[2026-09-20 22:15:30] Cliente ID 189 conectado
[2026-09-20 22:15:30] Cliente ID 189 -> LOGIN andreia 1234
[2026-09-20 22:15:30] Cliente ID 189 <- OK AUTHENTICATED
[2026-09-20 22:15:30] Cliente ID 190 conectado
[2026-09-20 22:15:30] Cliente ID 191 conectado
[2026-09-20 22:15:30] Cliente ID 192 conectado
[2026-09-20 22:15:30] Cliente ID 193 conectado
[2026-09-20 22:15:30] Cliente ID 193 -> LOGIN andreia 1234
[2026-09-20 22:15:30] Cliente ID 193 <- OK AUTHENTICATED
[2026-09-20 22:15:30] Cliente ID 190 -> LOGIN andreia 1234
[2026-09-20 22:15:30] Cliente ID 190 <- OK AUTHENTICATED
[2026-09-20 22:15:30] Cliente ID 191 -> LOGIN andreia 1234
[2026-09-20 22:15:30] Cliente ID 191 <- OK AUTHENTICATED
[2026-09-20 22:15:30] Cliente ID 194 conectado
[2026-09-20 22:15:30] Cliente ID 194 -> LOGIN andreia 1234
[2026-09-20 22:15:30] Cliente ID 194 <- OK AUTHENTICATED
[2026-09-20 22:15:30] Cliente ID 192 -> LOGIN andreia 1234
[2026-09-20 22:15:30] Cliente ID 192 <- OK AUTHENTICATED
[2026-09-20 22:15:30] Cliente ID 195 conectado
[2026-09-20 22:15:30] Cliente ID 196 conectado
[2026-09-20 22:15:30] Cliente ID 196 -> LOGIN andreia 1234
[2026-09-20 22:15:30] Cliente ID 196 <- OK AUTHENTICATED
[2026-09-20 22:15:30] Cliente ID 197 conectado
[2026-09-20 22:15:30] Cliente ID 195 -> LOGIN andreia 1234
[2026-09-20 22:15:30] Cliente ID 195 <- OK AUTHENTICATED
[2026-09-20 22:15:30] Cliente ID 197 -> LOGIN andreia 1234
[2026-09-20 22:15:30] Cliente ID 197 <- OK AUTHENTICATED
[2026-09-20 22:15:30] Cliente ID 198 conectado
[2026-09-20 22:15:30] Cliente ID 198 -> LOGIN andreia 1234
[2026-09-20 22:15:30] Cliente ID 198 <- OK AUTHENTICATED
[2026-09-20 22:15:30] Cliente ID 199 conectado
[2026-09-20 22:15:30] Cliente ID 200 conectado
[2026-09-20 22:15:30] Cliente ID 201 conectado
[2026-09-20 22:15:30] Cliente ID 202 conectado
[2026-09-20 22:15:30] Cliente ID 203 conectado
[2026-09-20 22:15:30] Cliente ID 200 -> LOGIN andreia 1234
[2026-09-20 22:15:30] Cliente ID 200 <- OK AUTHENTICATED
[2026-09-20 22:15:30] Cliente ID 199 -> LOGIN andreia 1234
[2026-09-20 22:15:30] Cliente ID 199 <- OK AUTHENTICATED
[2026-09-20 22:15:30] Cliente ID 201 -> LOGIN andreia 1234
[2026-09-20 22:15:30] Cliente ID 201 <- OK AUTHENTICATED
[2026-09-20 22:15:30] Cliente ID 204 conectado
[2026-09-20 22:15:30] Cliente ID 202 -> LOGIN andreia 1234
[2026-09-20 22:15:30] Cliente ID 202 <- OK AUTHENTICATED
[2026-09-20 22:15:30] Cliente ID 203 -> LOGIN andreia 1234
[2026-09-20 22:15:30] Cliente ID 203 <- OK AUTHENTICATED
[2026-09-20 22:15:30] Cliente ID 204 -> LOGIN andreia 1234
[2026-09-20 22:15:30] Cliente ID 204 <- OK AUTHENTICATED
[2026-09-20 22:15:30] Cliente ID 205 conectado
[2026-09-20 22:15:30] Cliente ID 206 conectado
[2026-09-20 22:15:30] Cliente ID 205 -> LOGIN andreia 1234
[2026-09-20 22:15:30] Cliente ID 205 <- OK AUTHENTICATED
[2026-09-20 22:15:30] Cliente ID 206 -> LOGIN andreia 1234
[2026-09-20 22:15:30] Cliente ID 206 <- OK AUTHENTICATED
[2026-09-20 22:15:30] Cliente ID 207 conectado
[2026-09-20 22:15:30] Cliente ID 208 conectado
[2026-09-20 22:15:30] Cliente ID 207 -> LOGIN andreia 1234
[2026-09-20 22:15:30] Cliente ID 207 <- OK AUTHENTICATED
[2026-09-20 22:15:30] Cliente ID 209 conectado
[2026-09-20 22:15:30] Cliente ID 208 -> LOGIN andreia 1234
[2026-09-20 22:15:30] Cliente ID 208 <- OK AUTHENTICATED
[2026-09-20 22:15:30] Cliente ID 210 conectado
[2026-09-20 22:15:30] Cliente ID 209 -> LOGIN andreia 1234
[2026-09-20 22:15:30] Cliente ID 209 <- OK AUTHENTICATED
[2026-09-20 22:15:30] Cliente ID 210 -> LOGIN andreia 1234
[2026-09-20 22:15:30] Cliente ID 210 <- OK AUTHENTICATED
[2026-09-20 22:15:30] Cliente ID 211 conectado
[2026-09-20 22:15:30] Cliente ID 211 -> LOGIN andreia 1234
[2026-09-20 22:15:30] Cliente ID 211 <- OK AUTHENTICATED
[2026-09-20 22:15:30] Cliente ID 212 conectado
[2026-09-20 22:15:30] Cliente ID 212 -> LOGIN andreia 1234
[2026-09-20 22:15:30] Cliente ID 212 <- OK AUTHENTICATED
[2026-09-20 22:15:30] Cliente ID 213 conectado
[2026-09-20 22:15:30] Cliente ID 213 -> LOGIN andreia 1234
[2026-09-20 22:15:30] Cliente ID 213 <- OK AUTHENTICATED
[2026-09-20 22:15:30] Cliente ID 214 conectado
[2026-09-20 22:15:30] Cliente ID 214 -> LOGIN andreia 1234
[2026-09-20 22:15:30] Cliente ID 214 <- OK AUTHENTICATED
[2026-09-20 22:15:30] Cliente ID 215 conectado
[2026-09-20 22:15:30] Cliente ID 216 conectado
[2026-09-20 22:15:30] Cliente ID 216 -> LOGIN andreia 1234
[2026-09-20 22:15:30] Cliente ID 216 <- OK AUTHENTICATED
[2026-09-20 22:15:30] Cliente ID 215 -> LOGIN andreia 1234
[2026-09-20 22:15:30] Cliente ID 215 <- OK AUTHENTICATED
[2026-09-20 22:15:30] Cliente ID 217 conectado
[2026-09-20 22:15:30] Cliente ID 217 -> LOGIN andreia 1234
[2026-09-20 22:15:30] Cliente ID 217 <- OK AUTHENTICATED
[2026-09-20 22:15:30] Cliente ID 218 conectado
[2026-09-20 22:15:30] Cliente ID 218 -> LOGIN andreia 1234
[2026-09-20 22:15:30] Cliente ID 218 <- OK AUTHENTICATED
[2026-09-20 22:15:30] Cliente ID 219 conectado
[2026-09-20 22:15:30] Cliente ID 219 -> LOGIN andreia 1234
[2026-09-20 22:15:30] Cliente ID 219 <- OK AUTHENTICATED
[2026-09-20 22:15:30] Cliente ID 220 conectado
[2026-09-20 22:15:30] Cliente ID 221 conectado
[2026-09-20 22:15:30] Cliente ID 220 -> LOGIN andreia 1234
[2026-09-20 22:15:30] Cliente ID 220 <- OK AUTHENTICATED
[2026-09-20 22:15:30] Cliente ID 222 conectado
[2026-09-20 22:15:30] Cliente ID 222 -> LOGIN andreia 1234
[2026-09-20 22:15:30] Cliente ID 222 <- OK AUTHENTICATED
[2026-09-20 22:15:30] Cliente ID 223 conectado
[2026-09-20 22:15:30] Cliente ID 223 -> LOGIN andreia 1234
[2026-09-20 22:15:30] Cliente ID 223 <- OK AUTHENTICATED
[2026-09-20 22:15:30] Cliente ID 221 -> LOGIN andreia 1234
[2026-09-20 22:15:30] Cliente ID 221 <- OK AUTHENTICATED
[2026-09-20 22:15:30] Cliente ID 224 conectado
[2026-09-20 22:15:30] Cliente ID 225 conectado
[2026-09-20 22:15:30] Cliente ID 224 -> LOGIN andreia 1234
[2026-09-20 22:15:30] Cliente ID 224 <- OK AUTHENTICATED
[2026-09-20 22:15:30] Cliente ID 225 -> LOGIN andreia 1234
[2026-09-20 22:15:30] Cliente ID 225 <- OK AUTHENTICATED
[2026-09-20 22:15:30] Cliente ID 225 -> CREATE bench_tcp_50 100
[2026-09-20 22:15:30] Cliente ID 176 -> CREATE bench_tcp_1 100
[2026-09-20 22:15:30] Cliente ID 176 <- ERROR RESOURCE_ALREADY_EXISTS
[2026-09-20 22:15:30] Cliente ID 225 <- OK RESOURCE_CREATED
[2026-09-20 22:15:30] Cliente ID 195 -> CREATE bench_tcp_20 100
[2026-09-20 22:15:30] Cliente ID 195 <- ERROR RESOURCE_ALREADY_EXISTS
[2026-09-20 22:15:30] Cliente ID 223 -> CREATE bench_tcp_49 100
[2026-09-20 22:15:30] Cliente ID 192 -> CREATE bench_tcp_17 100
[2026-09-20 22:15:30] Cliente ID 192 <- ERROR RESOURCE_ALREADY_EXISTS
[2026-09-20 22:15:30] Cliente ID 222 -> CREATE bench_tcp_47 100
[2026-09-20 22:15:30] Cliente ID 222 <- OK RESOURCE_CREATED
[2026-09-20 22:15:30] Cliente ID 223 <- OK RESOURCE_CREATED
[2026-09-20 22:15:30] Cliente ID 198 -> CREATE bench_tcp_23 100
[2026-09-20 22:15:30] Cliente ID 198 <- OK RESOURCE_CREATED
[2026-09-20 22:15:30] Cliente ID 182 -> CREATE bench_tcp_7 100
[2026-09-20 22:15:30] Cliente ID 182 <- ERROR RESOURCE_ALREADY_EXISTS
[2026-09-20 22:15:30] Cliente ID 182 -> GET bench_tcp_7
[2026-09-20 22:15:30] Cliente ID 182 <- OK VALUE 200
[2026-09-20 22:15:30] Cliente ID 199 -> CREATE bench_tcp_24 100
[2026-09-20 22:15:30] Cliente ID 185 -> CREATE bench_tcp_11 100
[2026-09-20 22:15:30] Cliente ID 185 <- ERROR RESOURCE_ALREADY_EXISTS
[2026-09-20 22:15:30] Cliente ID 196 -> CREATE bench_tcp_21 100
[2026-09-20 22:15:30] Cliente ID 222 -> GET bench_tcp_47
[2026-09-20 22:15:30] Cliente ID 222 <- OK VALUE 100
[2026-09-20 22:15:30] Cliente ID 182 -> SET bench_tcp_7 200
[2026-09-20 22:15:30] Cliente ID 208 -> CREATE bench_tcp_33 100
[2026-09-20 22:15:30] Cliente ID 210 -> CREATE bench_tcp_35 100
[2026-09-20 22:15:30] Cliente ID 212 -> CREATE bench_tcp_37 100
[2026-09-20 22:15:30] Cliente ID 211 -> CREATE bench_tcp_36 100
[2026-09-20 22:15:30] Cliente ID 200 -> CREATE bench_tcp_25 100
[2026-09-20 22:15:30] Cliente ID 176 -> GET bench_tcp_1
[2026-09-20 22:15:30] Cliente ID 176 <- OK VALUE 200
[2026-09-20 22:15:30] Cliente ID 224 -> CREATE bench_tcp_48 100
[2026-09-20 22:15:30] Cliente ID 196 <- OK RESOURCE_CREATED
[2026-09-20 22:15:30] Cliente ID 182 <- OK VALUE_UPDATED
[2026-09-20 22:15:30] Cliente ID 186 -> CREATE bench_tcp_10 100
[2026-09-20 22:15:30] Cliente ID 186 <- ERROR RESOURCE_ALREADY_EXISTS
[2026-09-20 22:15:30] Cliente ID 196 -> GET bench_tcp_21
[2026-09-20 22:15:30] Cliente ID 196 <- OK VALUE 100
[2026-09-20 22:15:30] Cliente ID 189 -> CREATE bench_tcp_15 100
[2026-09-20 22:15:30] Cliente ID 189 <- ERROR RESOURCE_ALREADY_EXISTS
[2026-09-20 22:15:30] Cliente ID 208 <- OK RESOURCE_CREATED
[2026-09-20 22:15:30] Cliente ID 216 -> CREATE bench_tcp_41 100
[2026-09-20 22:15:30] Cliente ID 220 -> CREATE bench_tcp_45 100
[2026-09-20 22:15:30] Cliente ID 219 -> CREATE bench_tcp_44 100
[2026-09-20 22:15:30] Cliente ID 194 -> CREATE bench_tcp_19 100
[2026-09-20 22:15:30] Cliente ID 194 <- ERROR RESOURCE_ALREADY_EXISTS
[2026-09-20 22:15:30] Cliente ID 181 -> CREATE bench_tcp_6 100
[2026-09-20 22:15:30] Cliente ID 181 <- ERROR RESOURCE_ALREADY_EXISTS
[2026-09-20 22:15:30] Cliente ID 177 -> CREATE bench_tcp_2 100
[2026-09-20 22:15:30] Cliente ID 177 <- ERROR RESOURCE_ALREADY_EXISTS
[2026-09-20 22:15:30] Cliente ID 193 -> CREATE bench_tcp_18 100
[2026-09-20 22:15:30] Cliente ID 218 -> CREATE bench_tcp_43 100
[2026-09-20 22:15:30] Cliente ID 193 <- ERROR RESOURCE_ALREADY_EXISTS
[2026-09-20 22:15:30] Cliente ID 202 -> CREATE bench_tcp_27 100
[2026-09-20 22:15:30] Cliente ID 202 <- OK RESOURCE_CREATED
[2026-09-20 22:15:30] Cliente ID 191 -> CREATE bench_tcp_16 100
[2026-09-20 22:15:30] Cliente ID 191 <- ERROR RESOURCE_ALREADY_EXISTS
[2026-09-20 22:15:30] Cliente ID 214 -> CREATE bench_tcp_39 100
[2026-09-20 22:15:30] Cliente ID 208 -> GET bench_tcp_33
[2026-09-20 22:15:30] Cliente ID 208 <- OK VALUE 100
[2026-09-20 22:15:30] Cliente ID 221 -> CREATE bench_tcp_46 100
[2026-09-20 22:15:30] Cliente ID 182 -> RESERVE bench_tcp_7
[2026-09-20 22:15:30] Cliente ID 210 <- OK RESOURCE_CREATED
[2026-09-20 22:15:30] Cliente ID 178 -> CREATE bench_tcp_3 100
[2026-09-20 22:15:30] Cliente ID 178 <- ERROR RESOURCE_ALREADY_EXISTS
[2026-09-20 22:15:30] Cliente ID 196 -> SET bench_tcp_21 200
[2026-09-20 22:15:30] Cliente ID 181 -> GET bench_tcp_6
[2026-09-20 22:15:30] Cliente ID 181 <- OK VALUE 200
[2026-09-20 22:15:30] Cliente ID 192 -> GET bench_tcp_17
[2026-09-20 22:15:30] Cliente ID 192 <- OK VALUE 200
[2026-09-20 22:15:30] Cliente ID 200 <- OK RESOURCE_CREATED
[2026-09-20 22:15:30] Cliente ID 197 -> CREATE bench_tcp_22 100
[2026-09-20 22:15:30] Cliente ID 211 <- OK RESOURCE_CREATED
[2026-09-20 22:15:30] Cliente ID 196 <- OK VALUE_UPDATED
[2026-09-20 22:15:30] Cliente ID 190 -> CREATE bench_tcp_14 100
[2026-09-20 22:15:30] Cliente ID 190 <- ERROR RESOURCE_ALREADY_EXISTS
[2026-09-20 22:15:30] Cliente ID 199 <- OK RESOURCE_CREATED
[2026-09-20 22:15:30] Cliente ID 197 <- OK RESOURCE_CREATED
[2026-09-20 22:15:30] Cliente ID 192 -> SET bench_tcp_17 200
[2026-09-20 22:15:30] Cliente ID 212 <- OK RESOURCE_CREATED
[2026-09-20 22:15:30] Cliente ID 187 -> CREATE bench_tcp_13 100
[2026-09-20 22:15:30] Cliente ID 187 <- ERROR RESOURCE_ALREADY_EXISTS
[2026-09-20 22:15:30] Cliente ID 224 <- OK RESOURCE_CREATED
[2026-09-20 22:15:30] Cliente ID 216 <- OK RESOURCE_CREATED
[2026-09-20 22:15:30] Cliente ID 183 -> CREATE bench_tcp_8 100
[2026-09-20 22:15:30] Cliente ID 183 <- ERROR RESOURCE_ALREADY_EXISTS
[2026-09-20 22:15:30] Cliente ID 194 -> GET bench_tcp_19
[2026-09-20 22:15:30] Cliente ID 194 <- OK VALUE 200
[2026-09-20 22:15:30] Cliente ID 190 -> GET bench_tcp_14
[2026-09-20 22:15:30] Cliente ID 190 <- OK VALUE 200
[2026-09-20 22:15:30] Cliente ID 207 -> CREATE bench_tcp_32 100
[2026-09-20 22:15:30] Cliente ID 179 -> CREATE bench_tcp_4 100
[2026-09-20 22:15:30] Cliente ID 179 <- ERROR RESOURCE_ALREADY_EXISTS
[2026-09-20 22:15:30] Cliente ID 222 -> SET bench_tcp_47 200
[2026-09-20 22:15:30] Cliente ID 192 <- OK VALUE_UPDATED
[2026-09-20 22:15:30] Cliente ID 200 -> GET bench_tcp_25
[2026-09-20 22:15:30] Cliente ID 200 <- OK VALUE 100
[2026-09-20 22:15:30] Cliente ID 220 <- OK RESOURCE_CREATED
[2026-09-20 22:15:30] Cliente ID 205 -> CREATE bench_tcp_30 100
[2026-09-20 22:15:30] Cliente ID 216 -> GET bench_tcp_41
[2026-09-20 22:15:30] Cliente ID 216 <- OK VALUE 100
[2026-09-20 22:15:30] Cliente ID 211 -> GET bench_tcp_36
[2026-09-20 22:15:30] Cliente ID 211 <- OK VALUE 100
[2026-09-20 22:15:30] Cliente ID 194 -> SET bench_tcp_19 200
[2026-09-20 22:15:30] Cliente ID 177 -> GET bench_tcp_2
[2026-09-20 22:15:30] Cliente ID 177 <- OK VALUE 200
[2026-09-20 22:15:30] Cliente ID 191 -> GET bench_tcp_16
[2026-09-20 22:15:30] Cliente ID 191 <- OK VALUE 200
[2026-09-20 22:15:30] Cliente ID 191 -> SET bench_tcp_16 200
[2026-09-20 22:15:30] Cliente ID 220 -> GET bench_tcp_45
[2026-09-20 22:15:30] Cliente ID 220 <- OK VALUE 100
[2026-09-20 22:15:30] Cliente ID 190 -> SET bench_tcp_14 200
[2026-09-20 22:15:30] Cliente ID 219 <- OK RESOURCE_CREATED
[2026-09-20 22:15:30] Cliente ID 186 -> GET bench_tcp_10
[2026-09-20 22:15:30] Cliente ID 186 <- OK VALUE 200
[2026-09-20 22:15:30] Cliente ID 203 -> CREATE bench_tcp_28 100
[2026-09-20 22:15:30] Cliente ID 197 -> GET bench_tcp_22
[2026-09-20 22:15:30] Cliente ID 197 <- OK VALUE 100
[2026-09-20 22:15:30] Cliente ID 220 -> SET bench_tcp_45 200
[2026-09-20 22:15:30] Cliente ID 205 <- OK RESOURCE_CREATED
[2026-09-20 22:15:30] Cliente ID 214 <- OK RESOURCE_CREATED
[2026-09-20 22:15:30] Cliente ID 218 <- OK RESOURCE_CREATED
[2026-09-20 22:15:30] Cliente ID 221 <- OK RESOURCE_CREATED
[2026-09-20 22:15:30] Cliente ID 182 <- OK RESOURCE_RESERVED
[2026-09-20 22:15:30] Cliente ID 207 <- OK RESOURCE_CREATED
[2026-09-20 22:15:30] Cliente ID 222 <- OK VALUE_UPDATED
[2026-09-20 22:15:30] Cliente ID 194 <- OK VALUE_UPDATED
[2026-09-20 22:15:30] Cliente ID 191 <- OK VALUE_UPDATED
[2026-09-20 22:15:30] Cliente ID 190 <- OK VALUE_UPDATED
[2026-09-20 22:15:30] Cliente ID 203 <- OK RESOURCE_CREATED
[2026-09-20 22:15:30] Cliente ID 187 -> GET bench_tcp_13
[2026-09-20 22:15:30] Cliente ID 187 <- OK VALUE 200
[2026-09-20 22:15:30] Cliente ID 220 <- OK VALUE_UPDATED
[2026-09-20 22:15:30] Cliente ID 183 -> GET bench_tcp_8
[2026-09-20 22:15:30] Cliente ID 183 <- OK VALUE 200
[2026-09-20 22:15:30] Cliente ID 201 -> CREATE bench_tcp_26 100
[2026-09-20 22:15:30] Cliente ID 221 -> GET bench_tcp_46
[2026-09-20 22:15:30] Cliente ID 221 <- OK VALUE 100
[2026-09-20 22:15:30] Cliente ID 201 <- OK RESOURCE_CREATED
[2026-09-20 22:15:30] Cliente ID 187 -> SET bench_tcp_13 200
[2026-09-20 22:15:30] Cliente ID 200 -> SET bench_tcp_25 200
[2026-09-20 22:15:30] Cliente ID 187 <- OK VALUE_UPDATED
[2026-09-20 22:15:30] Cliente ID 217 -> CREATE bench_tcp_42 100
[2026-09-20 22:15:30] Cliente ID 188 -> CREATE bench_tcp_12 100
[2026-09-20 22:15:30] Cliente ID 188 <- ERROR RESOURCE_ALREADY_EXISTS
[2026-09-20 22:15:30] Cliente ID 203 -> GET bench_tcp_28
[2026-09-20 22:15:30] Cliente ID 203 <- OK VALUE 100
[2026-09-20 22:15:30] Cliente ID 187 -> RESERVE bench_tcp_13
[2026-09-20 22:15:30] Cliente ID 191 -> RESERVE bench_tcp_16
[2026-09-20 22:15:30] Cliente ID 200 <- OK VALUE_UPDATED
[2026-09-20 22:15:30] Cliente ID 191 <- OK RESOURCE_RESERVED
[2026-09-20 22:15:30] Cliente ID 217 <- OK RESOURCE_CREATED
[2026-09-20 22:15:30] Cliente ID 187 <- OK RESOURCE_RESERVED
[2026-09-20 22:15:30] Cliente ID 191 -> RELEASE bench_tcp_16
[2026-09-20 22:15:30] Cliente ID 191 <- OK RESOURCE_RELEASED
[2026-09-20 22:15:30] Cliente ID 183 -> SET bench_tcp_8 200
[2026-09-20 22:15:30] Cliente ID 197 -> SET bench_tcp_22 200
[2026-09-20 22:15:30] Cliente ID 180 -> CREATE bench_tcp_5 100
[2026-09-20 22:15:30] Cliente ID 180 <- ERROR RESOURCE_ALREADY_EXISTS
[2026-09-20 22:15:30] Cliente ID 223 -> GET bench_tcp_49
[2026-09-20 22:15:30] Cliente ID 223 <- OK VALUE 100
[2026-09-20 22:15:30] Cliente ID 216 -> SET bench_tcp_41 200
[2026-09-20 22:15:30] Cliente ID 183 <- OK VALUE_UPDATED
[2026-09-20 22:15:30] Cliente ID 197 <- OK VALUE_UPDATED
[2026-09-20 22:15:30] Cliente ID 210 -> GET bench_tcp_35
[2026-09-20 22:15:30] Cliente ID 210 <- OK VALUE 100
[2026-09-20 22:15:30] Cliente ID 216 <- OK VALUE_UPDATED
[2026-09-20 22:15:30] Cliente ID 189 -> GET bench_tcp_15
[2026-09-20 22:15:30] Cliente ID 189 <- OK VALUE 200
[2026-09-20 22:15:30] Cliente ID 189 -> SET bench_tcp_15 200
[2026-09-20 22:15:30] Cliente ID 189 <- OK VALUE_UPDATED
[2026-09-20 22:15:30] Cliente ID 178 -> GET bench_tcp_3
[2026-09-20 22:15:30] Cliente ID 178 <- OK VALUE 200
[2026-09-20 22:15:30] Cliente ID 184 -> CREATE bench_tcp_9 100
[2026-09-20 22:15:30] Cliente ID 184 <- ERROR RESOURCE_ALREADY_EXISTS
[2026-09-20 22:15:30] Cliente ID 220 -> RESERVE bench_tcp_45
[2026-09-20 22:15:30] Cliente ID 220 <- OK RESOURCE_RESERVED
[2026-09-20 22:15:30] Cliente ID 192 -> RESERVE bench_tcp_17
[2026-09-20 22:15:30] Cliente ID 194 -> RESERVE bench_tcp_19
[2026-09-20 22:15:30] Cliente ID 210 -> SET bench_tcp_35 200
[2026-09-20 22:15:30] Cliente ID 224 -> GET bench_tcp_48
[2026-09-20 22:15:30] Cliente ID 224 <- OK VALUE 100
[2026-09-20 22:15:30] Cliente ID 194 <- OK RESOURCE_RESERVED
[2026-09-20 22:15:30] Recursos do cliente ID 191 liberados automaticamente
[2026-09-20 22:15:30] Cliente ID 192 <- OK RESOURCE_RESERVED
[2026-09-20 22:15:30] Cliente ID 191 desconectado
[2026-09-20 22:15:30] Cliente ID 210 <- OK VALUE_UPDATED
[2026-09-20 22:15:30] Cliente ID 220 -> RELEASE bench_tcp_45
[2026-09-20 22:15:30] Cliente ID 180 -> GET bench_tcp_5
[2026-09-20 22:15:30] Cliente ID 180 <- OK VALUE 200
[2026-09-20 22:15:30] Cliente ID 220 <- OK RESOURCE_RELEASED
[2026-09-20 22:15:30] Cliente ID 194 -> RELEASE bench_tcp_19
[2026-09-20 22:15:30] Cliente ID 184 -> GET bench_tcp_9
[2026-09-20 22:15:30] Cliente ID 184 <- OK VALUE 200
[2026-09-20 22:15:30] Cliente ID 208 -> SET bench_tcp_33 200
[2026-09-20 22:15:30] Cliente ID 201 -> GET bench_tcp_26
[2026-09-20 22:15:30] Cliente ID 201 <- OK VALUE 100
[2026-09-20 22:15:30] Cliente ID 224 -> SET bench_tcp_48 200
[2026-09-20 22:15:30] Cliente ID 179 -> GET bench_tcp_4
[2026-09-20 22:15:30] Cliente ID 179 <- OK VALUE 200
[2026-09-20 22:15:30] Cliente ID 199 -> GET bench_tcp_24
[2026-09-20 22:15:30] Cliente ID 199 <- OK VALUE 100
[2026-09-20 22:15:30] Cliente ID 210 -> RESERVE bench_tcp_35
[2026-09-20 22:15:30] Cliente ID 194 <- OK RESOURCE_RELEASED
[2026-09-20 22:15:30] Cliente ID 181 -> SET bench_tcp_6 200
[2026-09-20 22:15:30] Cliente ID 215 -> CREATE bench_tcp_40 100
[2026-09-20 22:15:30] Cliente ID 185 -> GET bench_tcp_11
[2026-09-20 22:15:30] Cliente ID 185 <- OK VALUE 200
[2026-09-20 22:15:30] Cliente ID 206 -> CREATE bench_tcp_31 100
[2026-09-20 22:15:30] Cliente ID 218 -> GET bench_tcp_43
[2026-09-20 22:15:30] Cliente ID 218 <- OK VALUE 100
[2026-09-20 22:15:30] Cliente ID 224 <- OK VALUE_UPDATED
[2026-09-20 22:15:30] Cliente ID 190 -> RESERVE bench_tcp_14
[2026-09-20 22:15:30] Cliente ID 208 <- OK VALUE_UPDATED
[2026-09-20 22:15:30] Cliente ID 181 <- OK VALUE_UPDATED
[2026-09-20 22:15:30] Cliente ID 210 <- OK RESOURCE_RESERVED
[2026-09-20 22:15:30] Cliente ID 206 <- OK RESOURCE_CREATED
[2026-09-20 22:15:30] Cliente ID 215 <- OK RESOURCE_CREATED
[2026-09-20 22:15:30] Cliente ID 190 <- OK RESOURCE_RESERVED
[2026-09-20 22:15:30] Cliente ID 209 -> CREATE bench_tcp_34 100
[2026-09-20 22:15:30] Cliente ID 192 -> RELEASE bench_tcp_17
[2026-09-20 22:15:30] Cliente ID 209 <- OK RESOURCE_CREATED
[2026-09-20 22:15:30] Cliente ID 203 -> SET bench_tcp_28 200
[2026-09-20 22:15:30] Cliente ID 192 <- OK RESOURCE_RELEASED
[2026-09-20 22:15:30] Cliente ID 225 -> GET bench_tcp_50
[2026-09-20 22:15:30] Cliente ID 225 <- OK VALUE 100
[2026-09-20 22:15:30] Cliente ID 211 -> SET bench_tcp_36 200
[2026-09-20 22:15:30] Cliente ID 219 -> GET bench_tcp_44
[2026-09-20 22:15:30] Cliente ID 219 <- OK VALUE 100
[2026-09-20 22:15:30] Cliente ID 223 -> SET bench_tcp_49 200
[2026-09-20 22:15:30] Cliente ID 207 -> GET bench_tcp_32
[2026-09-20 22:15:30] Cliente ID 207 <- OK VALUE 100
[2026-09-20 22:15:30] Cliente ID 214 -> GET bench_tcp_39
[2026-09-20 22:15:30] Cliente ID 214 <- OK VALUE 100
[2026-09-20 22:15:30] Cliente ID 221 -> SET bench_tcp_46 200
[2026-09-20 22:15:30] Cliente ID 203 <- OK VALUE_UPDATED
[2026-09-20 22:15:30] Cliente ID 211 <- OK VALUE_UPDATED
[2026-09-20 22:15:30] Cliente ID 223 <- OK VALUE_UPDATED
[2026-09-20 22:15:30] Cliente ID 206 -> GET bench_tcp_31
[2026-09-20 22:15:30] Cliente ID 206 <- OK VALUE 100
[2026-09-20 22:15:30] Cliente ID 181 -> RESERVE bench_tcp_6
[2026-09-20 22:15:30] Cliente ID 221 <- OK VALUE_UPDATED
[2026-09-20 22:15:30] Cliente ID 184 -> SET bench_tcp_9 200
[2026-09-20 22:15:30] Cliente ID 223 -> RESERVE bench_tcp_49
[2026-09-20 22:15:30] Cliente ID 180 -> SET bench_tcp_5 200
[2026-09-20 22:15:30] Cliente ID 208 -> RESERVE bench_tcp_33
[2026-09-20 22:15:30] Cliente ID 181 <- OK RESOURCE_RESERVED
[2026-09-20 22:15:30] Cliente ID 182 -> RELEASE bench_tcp_7
[2026-09-20 22:15:30] Cliente ID 196 -> RESERVE bench_tcp_21
[2026-09-20 22:15:30] Cliente ID 193 -> GET bench_tcp_18
[2026-09-20 22:15:30] Cliente ID 193 <- OK VALUE 200
[2026-09-20 22:15:30] Cliente ID 200 -> RESERVE bench_tcp_25
[2026-09-20 22:15:30] Cliente ID 222 -> RESERVE bench_tcp_47
[2026-09-20 22:15:30] Cliente ID 207 -> SET bench_tcp_32 200
[2026-09-20 22:15:30] Cliente ID 184 <- OK VALUE_UPDATED
[2026-09-20 22:15:30] Cliente ID 202 -> GET bench_tcp_27
[2026-09-20 22:15:30] Cliente ID 202 <- OK VALUE 100
[2026-09-20 22:15:30] Cliente ID 223 <- OK RESOURCE_RESERVED
[2026-09-20 22:15:30] Cliente ID 206 -> SET bench_tcp_31 200
[2026-09-20 22:15:30] Cliente ID 183 -> RESERVE bench_tcp_8
[2026-09-20 22:15:30] Cliente ID 219 -> SET bench_tcp_44 200
[2026-09-20 22:15:30] Cliente ID 214 -> SET bench_tcp_39 200
[2026-09-20 22:15:30] Cliente ID 203 -> RESERVE bench_tcp_28
[2026-09-20 22:15:30] Cliente ID 184 -> RESERVE bench_tcp_9
[2026-09-20 22:15:30] Cliente ID 201 -> SET bench_tcp_26 200
[2026-09-20 22:15:30] Cliente ID 180 <- OK VALUE_UPDATED
[2026-09-20 22:15:30] Cliente ID 177 -> SET bench_tcp_2 200
[2026-09-20 22:15:30] Cliente ID 208 <- OK RESOURCE_RESERVED
[2026-09-20 22:15:30] Cliente ID 178 -> SET bench_tcp_3 200
[2026-09-20 22:15:30] Cliente ID 193 -> SET bench_tcp_18 200
[2026-09-20 22:15:30] Cliente ID 182 <- OK RESOURCE_RELEASED
[2026-09-20 22:15:30] Cliente ID 208 -> RELEASE bench_tcp_33
[2026-09-20 22:15:30] Cliente ID 186 -> SET bench_tcp_10 200
[2026-09-20 22:15:30] Cliente ID 189 -> RESERVE bench_tcp_15
[2026-09-20 22:15:30] Cliente ID 180 -> RESERVE bench_tcp_5
[2026-09-20 22:15:30] Cliente ID 204 -> CREATE bench_tcp_29 100
[2026-09-20 22:15:30] Cliente ID 198 -> GET bench_tcp_23
[2026-09-20 22:15:30] Cliente ID 216 -> RESERVE bench_tcp_41
[2026-09-20 22:15:30] Cliente ID 209 -> GET bench_tcp_34
[2026-09-20 22:15:30] Cliente ID 196 <- OK RESOURCE_RESERVED
[2026-09-20 22:15:30] Cliente ID 212 -> GET bench_tcp_37
[2026-09-20 22:15:30] Cliente ID 200 <- OK RESOURCE_RESERVED
[2026-09-20 22:15:30] Cliente ID 222 <- OK RESOURCE_RESERVED
[2026-09-20 22:15:30] Cliente ID 179 -> SET bench_tcp_4 200
[2026-09-20 22:15:30] Cliente ID 221 -> RESERVE bench_tcp_46
[2026-09-20 22:15:30] Cliente ID 223 -> RELEASE bench_tcp_49
[2026-09-20 22:15:30] Cliente ID 213 -> CREATE bench_tcp_38 100
[2026-09-20 22:15:30] Cliente ID 205 -> GET bench_tcp_30
[2026-09-20 22:15:30] Cliente ID 199 -> SET bench_tcp_24 200
[2026-09-20 22:15:30] Cliente ID 195 -> GET bench_tcp_20
[2026-09-20 22:15:30] Cliente ID 207 <- OK VALUE_UPDATED
[2026-09-20 22:15:30] Cliente ID 217 -> GET bench_tcp_42
[2026-09-20 22:15:30] Cliente ID 187 -> RELEASE bench_tcp_13
[2026-09-20 22:15:30] Cliente ID 207 -> RESERVE bench_tcp_32
[2026-09-20 22:15:30] Cliente ID 188 -> GET bench_tcp_12
[2026-09-20 22:15:30] Cliente ID 206 <- OK VALUE_UPDATED
[2026-09-20 22:15:30] Cliente ID 200 -> RELEASE bench_tcp_25
[2026-09-20 22:15:30] Cliente ID 176 -> SET bench_tcp_1 200
[2026-09-20 22:15:30] Cliente ID 190 -> RELEASE bench_tcp_14
[2026-09-20 22:15:30] Cliente ID 210 -> RELEASE bench_tcp_35
[2026-09-20 22:15:30] Cliente ID 219 <- OK VALUE_UPDATED
[2026-09-20 22:15:30] Cliente ID 214 <- OK VALUE_UPDATED
[2026-09-20 22:15:30] Cliente ID 183 <- OK RESOURCE_RESERVED
[2026-09-20 22:15:30] Cliente ID 224 -> RESERVE bench_tcp_48
[2026-09-20 22:15:30] Recursos do cliente ID 220 liberados automaticamente
[2026-09-20 22:15:30] Cliente ID 185 -> SET bench_tcp_11 200
[2026-09-20 22:15:30] Cliente ID 220 desconectado
[2026-09-20 22:15:30] Cliente ID 215 -> GET bench_tcp_40
[2026-09-20 22:15:30] Cliente ID 215 <- OK VALUE 100
[2026-09-20 22:15:30] Cliente ID 203 <- OK RESOURCE_RESERVED
[2026-09-20 22:15:30] Cliente ID 198 <- OK VALUE 100
[2026-09-20 22:15:30] Cliente ID 219 -> RESERVE bench_tcp_44
[2026-09-20 22:15:30] Cliente ID 215 -> SET bench_tcp_40 200
[2026-09-20 22:15:30] Cliente ID 222 -> RELEASE bench_tcp_47
[2026-09-20 22:15:30] Cliente ID 211 -> RESERVE bench_tcp_36
[2026-09-20 22:15:30] Cliente ID 209 <- OK VALUE 100
[2026-09-20 22:15:30] Cliente ID 197 -> RESERVE bench_tcp_22
[2026-09-20 22:15:30] Cliente ID 206 -> RESERVE bench_tcp_31
[2026-09-20 22:15:30] Cliente ID 177 <- OK VALUE_UPDATED
[2026-09-20 22:15:30] Cliente ID 218 -> SET bench_tcp_43 200
[2026-09-20 22:15:30] Cliente ID 201 <- OK VALUE_UPDATED
[2026-09-20 22:15:30] Cliente ID 180 <- OK RESOURCE_RESERVED
[2026-09-20 22:15:30] Cliente ID 178 <- OK VALUE_UPDATED
[2026-09-20 22:15:30] Cliente ID 196 -> RELEASE bench_tcp_21
[2026-09-20 22:15:30] Cliente ID 214 -> RESERVE bench_tcp_39
[2026-09-20 22:15:30] Cliente ID 185 <- OK VALUE_UPDATED
[2026-09-20 22:15:30] Cliente ID 225 -> SET bench_tcp_50 200
[2026-09-20 22:15:30] Cliente ID 178 -> RESERVE bench_tcp_3
[2026-09-20 22:15:30] Cliente ID 177 -> RESERVE bench_tcp_2
[2026-09-20 22:15:30] Cliente ID 208 <- OK RESOURCE_RELEASED
[2026-09-20 22:15:31] Cliente ID 193 <- OK VALUE_UPDATED
[2026-09-20 22:15:31] Cliente ID 198 -> SET bench_tcp_23 200
[2026-09-20 22:15:31] Cliente ID 181 -> RELEASE bench_tcp_6
[2026-09-20 22:15:31] Cliente ID 186 <- OK VALUE_UPDATED
[2026-09-20 22:15:31] Cliente ID 204 <- OK RESOURCE_CREATED
[2026-09-20 22:15:31] Cliente ID 219 <- OK RESOURCE_RESERVED
[2026-09-20 22:15:31] Cliente ID 184 <- OK RESOURCE_RESERVED
[2026-09-20 22:15:31] Cliente ID 215 <- OK VALUE_UPDATED
[2026-09-20 22:15:31] Cliente ID 189 <- OK RESOURCE_RESERVED
[2026-09-20 22:15:31] Cliente ID 189 -> RELEASE bench_tcp_15
[2026-09-20 22:15:31] Cliente ID 183 -> RELEASE bench_tcp_8
[2026-09-20 22:15:31] Cliente ID 184 -> RELEASE bench_tcp_9
[2026-09-20 22:15:31] Cliente ID 215 -> RESERVE bench_tcp_40
[2026-09-20 22:15:31] Cliente ID 222 <- OK RESOURCE_RELEASED
[2026-09-20 22:15:31] Cliente ID 211 <- OK RESOURCE_RESERVED
[2026-09-20 22:15:31] Cliente ID 219 -> RELEASE bench_tcp_44
[2026-09-20 22:15:31] Cliente ID 216 <- OK RESOURCE_RESERVED
[2026-09-20 22:15:31] Cliente ID 209 -> SET bench_tcp_34 200
[2026-09-20 22:15:31] Cliente ID 186 -> RESERVE bench_tcp_10
[2026-09-20 22:15:31] Cliente ID 193 -> RESERVE bench_tcp_18
[2026-09-20 22:15:31] Recursos do cliente ID 194 liberados automaticamente
[2026-09-20 22:15:31] Cliente ID 194 desconectado
[2026-09-20 22:15:31] Cliente ID 212 <- OK VALUE 100
[2026-09-20 22:15:31] Cliente ID 179 <- OK VALUE_UPDATED
[2026-09-20 22:15:31] Cliente ID 205 <- OK VALUE 100
[2026-09-20 22:15:31] Cliente ID 195 <- OK VALUE 200
[2026-09-20 22:15:31] Cliente ID 201 -> RESERVE bench_tcp_26
[2026-09-20 22:15:31] Cliente ID 223 <- OK RESOURCE_RELEASED
[2026-09-20 22:15:31] Cliente ID 201 <- OK RESOURCE_RESERVED
[2026-09-20 22:15:31] Cliente ID 216 -> RELEASE bench_tcp_41
[2026-09-20 22:15:31] Cliente ID 213 <- OK RESOURCE_CREATED
[2026-09-20 22:15:31] Cliente ID 212 -> SET bench_tcp_37 200
[2026-09-20 22:15:31] Cliente ID 221 <- OK RESOURCE_RESERVED
[2026-09-20 22:15:31] Cliente ID 199 <- OK VALUE_UPDATED
[2026-09-20 22:15:31] Recursos do cliente ID 182 liberados automaticamente
[2026-09-20 22:15:31] Cliente ID 182 desconectado
[2026-09-20 22:15:31] Cliente ID 217 <- OK VALUE 100
[2026-09-20 22:15:31] Cliente ID 199 -> RESERVE bench_tcp_24
[2026-09-20 22:15:31] Cliente ID 188 <- OK VALUE 200
[2026-09-20 22:15:31] Cliente ID 187 <- OK RESOURCE_RELEASED
[2026-09-20 22:15:31] Cliente ID 217 -> SET bench_tcp_42 200
[2026-09-20 22:15:31] Cliente ID 195 -> SET bench_tcp_20 200
[2026-09-20 22:15:31] Cliente ID 205 -> SET bench_tcp_30 200
[2026-09-20 22:15:31] Cliente ID 188 -> SET bench_tcp_12 200
[2026-09-20 22:15:31] Cliente ID 221 -> RELEASE bench_tcp_46
[2026-09-20 22:15:31] Cliente ID 199 <- OK RESOURCE_RESERVED
[2026-09-20 22:15:31] Cliente ID 207 <- OK RESOURCE_RESERVED
[2026-09-20 22:15:31] Cliente ID 203 -> RELEASE bench_tcp_28
[2026-09-20 22:15:31] Cliente ID 180 -> RELEASE bench_tcp_5
[2026-09-20 22:15:31] Cliente ID 217 <- OK VALUE_UPDATED
[2026-09-20 22:15:31] Cliente ID 179 -> RESERVE bench_tcp_4
[2026-09-20 22:15:31] Cliente ID 200 <- OK RESOURCE_RELEASED
[2026-09-20 22:15:31] Cliente ID 210 <- OK RESOURCE_RELEASED
[2026-09-20 22:15:31] Cliente ID 195 <- OK VALUE_UPDATED
[2026-09-20 22:15:31] Cliente ID 190 <- OK RESOURCE_RELEASED
[2026-09-20 22:15:31] Cliente ID 213 -> GET bench_tcp_38
[2026-09-20 22:15:31] Cliente ID 205 <- OK VALUE_UPDATED
[2026-09-20 22:15:31] Cliente ID 211 -> RELEASE bench_tcp_36
[2026-09-20 22:15:31] Recursos do cliente ID 187 liberados automaticamente
[2026-09-20 22:15:31] Cliente ID 176 <- OK VALUE_UPDATED
[2026-09-20 22:15:31] Cliente ID 187 desconectado
[2026-09-20 22:15:31] Cliente ID 197 <- OK RESOURCE_RESERVED
[2026-09-20 22:15:31] Cliente ID 177 <- OK RESOURCE_RESERVED
[2026-09-20 22:15:31] Cliente ID 206 <- OK RESOURCE_RESERVED
[2026-09-20 22:15:31] Cliente ID 185 -> RESERVE bench_tcp_11
[2026-09-20 22:15:31] Cliente ID 202 -> SET bench_tcp_27 200
[2026-09-20 22:15:31] Cliente ID 197 -> RELEASE bench_tcp_22
[2026-09-20 22:15:31] Cliente ID 195 -> RESERVE bench_tcp_20
[2026-09-20 22:15:31] Cliente ID 177 -> RELEASE bench_tcp_2
[2026-09-20 22:15:31] Cliente ID 185 <- OK RESOURCE_RESERVED
[2026-09-20 22:15:31] Cliente ID 201 -> RELEASE bench_tcp_26
[2026-09-20 22:15:31] Cliente ID 196 <- OK RESOURCE_RELEASED
[2026-09-20 22:15:31] Cliente ID 199 -> RELEASE bench_tcp_24
[2026-09-20 22:15:31] Cliente ID 225 <- OK VALUE_UPDATED
[2026-09-20 22:15:31] Cliente ID 225 -> RESERVE bench_tcp_50
[2026-09-20 22:15:31] Cliente ID 214 <- OK RESOURCE_RESERVED
[2026-09-20 22:15:31] Cliente ID 198 <- OK VALUE_UPDATED
[2026-09-20 22:15:31] Cliente ID 178 <- OK RESOURCE_RESERVED
[2026-09-20 22:15:31] Recursos do cliente ID 208 liberados automaticamente
[2026-09-20 22:15:31] Cliente ID 208 desconectado
[2026-09-20 22:15:31] Cliente ID 178 -> RELEASE bench_tcp_3
[2026-09-20 22:15:31] Cliente ID 207 -> RELEASE bench_tcp_32
[2026-09-20 22:15:31] Cliente ID 185 -> RELEASE bench_tcp_11
[2026-09-20 22:15:31] Cliente ID 189 <- OK RESOURCE_RELEASED
[2026-09-20 22:15:31] Cliente ID 218 <- OK VALUE_UPDATED
[2026-09-20 22:15:31] Cliente ID 206 -> RELEASE bench_tcp_31
[2026-09-20 22:15:31] Cliente ID 218 -> RESERVE bench_tcp_43
[2026-09-20 22:15:31] Cliente ID 214 -> RELEASE bench_tcp_39
[2026-09-20 22:15:31] Cliente ID 204 -> GET bench_tcp_29
[2026-09-20 22:15:31] Cliente ID 198 -> RESERVE bench_tcp_23
[2026-09-20 22:15:31] Cliente ID 217 -> RESERVE bench_tcp_42
[2026-09-20 22:15:31] Cliente ID 205 -> RESERVE bench_tcp_30
[2026-09-20 22:15:31] Cliente ID 178 <- OK RESOURCE_RELEASED
[2026-09-20 22:15:31] Cliente ID 176 -> RESERVE bench_tcp_1
[2026-09-20 22:15:31] Cliente ID 207 <- OK RESOURCE_RELEASED
[2026-09-20 22:15:31] Cliente ID 185 <- OK RESOURCE_RELEASED
[2026-09-20 22:15:31] Cliente ID 184 <- OK RESOURCE_RELEASED
[2026-09-20 22:15:31] Cliente ID 183 <- OK RESOURCE_RELEASED
[2026-09-20 22:15:31] Cliente ID 206 <- OK RESOURCE_RELEASED
[2026-09-20 22:15:31] Recursos do cliente ID 189 liberados automaticamente
[2026-09-20 22:15:31] Cliente ID 189 desconectado
[2026-09-20 22:15:31] Cliente ID 181 <- OK RESOURCE_RELEASED
[2026-09-20 22:15:31] Recursos do cliente ID 184 liberados automaticamente
[2026-09-20 22:15:31] Recursos do cliente ID 222 liberados automaticamente
[2026-09-20 22:15:31] Cliente ID 184 desconectado
[2026-09-20 22:15:31] Cliente ID 222 desconectado
[2026-09-20 22:15:31] Cliente ID 209 <- OK VALUE_UPDATED
[2026-09-20 22:15:31] Cliente ID 209 -> RESERVE bench_tcp_34
[2026-09-20 22:15:31] Cliente ID 186 <- OK RESOURCE_RESERVED
[2026-09-20 22:15:31] Cliente ID 186 -> RELEASE bench_tcp_10
[2026-09-20 22:15:31] Recursos do cliente ID 181 liberados automaticamente
[2026-09-20 22:15:31] Cliente ID 181 desconectado
[2026-09-20 22:15:31] Cliente ID 216 <- OK RESOURCE_RELEASED
[2026-09-20 22:15:31] Recursos do cliente ID 192 liberados automaticamente
[2026-09-20 22:15:31] Cliente ID 192 desconectado
[2026-09-20 22:15:31] Cliente ID 212 <- OK VALUE_UPDATED
[2026-09-20 22:15:31] Cliente ID 212 -> RESERVE bench_tcp_37
[2026-09-20 22:15:31] Recursos do cliente ID 223 liberados automaticamente
[2026-09-20 22:15:31] Cliente ID 223 desconectado
[2026-09-20 22:15:31] Cliente ID 188 <- OK VALUE_UPDATED
[2026-09-20 22:15:31] Cliente ID 188 -> RESERVE bench_tcp_12
[2026-09-20 22:15:31] Cliente ID 224 <- OK RESOURCE_RESERVED
[2026-09-20 22:15:31] Cliente ID 213 <- OK VALUE 100
[2026-09-20 22:15:31] Cliente ID 213 -> SET bench_tcp_38 200
[2026-09-20 22:15:31] Cliente ID 188 <- OK RESOURCE_RESERVED
[2026-09-20 22:15:31] Cliente ID 188 -> RELEASE bench_tcp_12
[2026-09-20 22:15:31] Cliente ID 224 -> RELEASE bench_tcp_48
[2026-09-20 22:15:31] Cliente ID 221 <- OK RESOURCE_RELEASED
[2026-09-20 22:15:31] Cliente ID 203 <- OK RESOURCE_RELEASED
[2026-09-20 22:15:31] Cliente ID 180 <- OK RESOURCE_RELEASED
[2026-09-20 22:15:31] Cliente ID 179 <- OK RESOURCE_RESERVED
[2026-09-20 22:15:31] Recursos do cliente ID 200 liberados automaticamente
[2026-09-20 22:15:31] Cliente ID 179 -> RELEASE bench_tcp_4
[2026-09-20 22:15:31] Cliente ID 179 <- OK RESOURCE_RELEASED
[2026-09-20 22:15:31] Cliente ID 200 desconectado
[2026-09-20 22:15:31] Cliente ID 211 <- OK RESOURCE_RELEASED
[2026-09-20 22:15:31] Cliente ID 202 <- OK VALUE_UPDATED
[2026-09-20 22:15:31] Cliente ID 202 -> RESERVE bench_tcp_27
[2026-09-20 22:15:31] Cliente ID 195 <- OK RESOURCE_RESERVED
[2026-09-20 22:15:31] Recursos do cliente ID 210 liberados automaticamente
[2026-09-20 22:15:31] Cliente ID 210 desconectado
[2026-09-20 22:15:31] Cliente ID 195 -> RELEASE bench_tcp_20
[2026-09-20 22:15:31] Cliente ID 197 <- OK RESOURCE_RELEASED
[2026-09-20 22:15:31] Cliente ID 177 <- OK RESOURCE_RELEASED
[2026-09-20 22:15:31] Recursos do cliente ID 190 liberados automaticamente
[2026-09-20 22:15:31] Cliente ID 190 desconectado
[2026-09-20 22:15:31] Cliente ID 201 <- OK RESOURCE_RELEASED
[2026-09-20 22:15:31] Cliente ID 199 <- OK RESOURCE_RELEASED
[2026-09-20 22:15:31] Cliente ID 225 <- OK RESOURCE_RESERVED
[2026-09-20 22:15:31] Recursos do cliente ID 196 liberados automaticamente
[2026-09-20 22:15:31] Cliente ID 196 desconectado
[2026-09-20 22:15:31] Cliente ID 204 <- OK VALUE 100
[2026-09-20 22:15:31] Cliente ID 218 <- OK RESOURCE_RESERVED
[2026-09-20 22:15:31] Cliente ID 225 -> RELEASE bench_tcp_50
[2026-09-20 22:15:31] Cliente ID 204 -> SET bench_tcp_29 200
[2026-09-20 22:15:31] Cliente ID 218 -> RELEASE bench_tcp_43
[2026-09-20 22:15:31] Cliente ID 214 <- OK RESOURCE_RELEASED
[2026-09-20 22:15:31] Cliente ID 215 <- OK RESOURCE_RESERVED
[2026-09-20 22:15:31] Cliente ID 215 -> RELEASE bench_tcp_40
[2026-09-20 22:15:31] Cliente ID 198 <- OK RESOURCE_RESERVED
[2026-09-20 22:15:31] Cliente ID 198 -> RELEASE bench_tcp_23
[2026-09-20 22:15:31] Cliente ID 217 <- OK RESOURCE_RESERVED
[2026-09-20 22:15:31] Cliente ID 217 -> RELEASE bench_tcp_42
[2026-09-20 22:15:31] Cliente ID 176 <- OK RESOURCE_RESERVED
[2026-09-20 22:15:31] Cliente ID 176 -> RELEASE bench_tcp_1
[2026-09-20 22:15:31] Cliente ID 205 <- OK RESOURCE_RESERVED
[2026-09-20 22:15:31] Recursos do cliente ID 178 liberados automaticamente
[2026-09-20 22:15:31] Cliente ID 178 desconectado
[2026-09-20 22:15:31] Recursos do cliente ID 207 liberados automaticamente
[2026-09-20 22:15:31] Recursos do cliente ID 185 liberados automaticamente
[2026-09-20 22:15:31] Cliente ID 207 desconectado
[2026-09-20 22:15:31] Cliente ID 185 desconectado
[2026-09-20 22:15:31] Cliente ID 205 -> RELEASE bench_tcp_30
[2026-09-20 22:15:31] Cliente ID 219 <- OK RESOURCE_RELEASED
[2026-09-20 22:15:31] Recursos do cliente ID 183 liberados automaticamente
[2026-09-20 22:15:31] Cliente ID 205 <- OK RESOURCE_RELEASED
[2026-09-20 22:15:31] Cliente ID 193 <- OK RESOURCE_RESERVED
[2026-09-20 22:15:31] Cliente ID 209 <- OK RESOURCE_RESERVED
[2026-09-20 22:15:31] Cliente ID 193 -> RELEASE bench_tcp_18
[2026-09-20 22:15:31] Cliente ID 183 desconectado
[2026-09-20 22:15:31] Cliente ID 209 -> RELEASE bench_tcp_34
[2026-09-20 22:15:31] Recursos do cliente ID 205 liberados automaticamente
[2026-09-20 22:15:31] Cliente ID 205 desconectado
[2026-09-20 22:15:31] Cliente ID 186 <- OK RESOURCE_RELEASED
[2026-09-20 22:15:31] Recursos do cliente ID 216 liberados automaticamente
[2026-09-20 22:15:31] Cliente ID 216 desconectado
[2026-09-20 22:15:31] Cliente ID 213 <- OK VALUE_UPDATED
[2026-09-20 22:15:31] Cliente ID 213 -> RESERVE bench_tcp_38
[2026-09-20 22:15:31] Recursos do cliente ID 203 liberados automaticamente
[2026-09-20 22:15:31] Cliente ID 203 desconectado
[2026-09-20 22:15:31] Cliente ID 188 <- OK RESOURCE_RELEASED
[2026-09-20 22:15:31] Cliente ID 212 <- OK RESOURCE_RESERVED
[2026-09-20 22:15:31] Cliente ID 212 -> RELEASE bench_tcp_37
[2026-09-20 22:15:31] Cliente ID 224 <- OK RESOURCE_RELEASED
[2026-09-20 22:15:31] Recursos do cliente ID 221 liberados automaticamente
[2026-09-20 22:15:31] Cliente ID 221 desconectado
[2026-09-20 22:15:31] Recursos do cliente ID 180 liberados automaticamente
[2026-09-20 22:15:31] Recursos do cliente ID 211 liberados automaticamente
[2026-09-20 22:15:31] Cliente ID 211 desconectado
[2026-09-20 22:15:31] Cliente ID 180 desconectado
[2026-09-20 22:15:31] Recursos do cliente ID 179 liberados automaticamente
[2026-09-20 22:15:31] Cliente ID 179 desconectado
[2026-09-20 22:15:31] Cliente ID 202 <- OK RESOURCE_RESERVED
[2026-09-20 22:15:31] Cliente ID 202 -> RELEASE bench_tcp_27
[2026-09-20 22:15:31] Recursos do cliente ID 197 liberados automaticamente
[2026-09-20 22:15:31] Cliente ID 195 <- OK RESOURCE_RELEASED
[2026-09-20 22:15:31] Cliente ID 197 desconectado
[2026-09-20 22:15:31] Recursos do cliente ID 177 liberados automaticamente
[2026-09-20 22:15:31] Recursos do cliente ID 199 liberados automaticamente
[2026-09-20 22:15:31] Recursos do cliente ID 201 liberados automaticamente
[2026-09-20 22:15:31] Cliente ID 177 desconectado
[2026-09-20 22:15:31] Cliente ID 199 desconectado
[2026-09-20 22:15:31] Cliente ID 204 <- OK VALUE_UPDATED
[2026-09-20 22:15:31] Cliente ID 201 desconectado
[2026-09-20 22:15:31] Cliente ID 225 <- OK RESOURCE_RELEASED
[2026-09-20 22:15:31] Cliente ID 204 -> RESERVE bench_tcp_29
[2026-09-20 22:15:31] Recursos do cliente ID 214 liberados automaticamente
[2026-09-20 22:15:31] Cliente ID 214 desconectado
[2026-09-20 22:15:31] Cliente ID 176 <- OK RESOURCE_RELEASED
[2026-09-20 22:15:31] Cliente ID 198 <- OK RESOURCE_RELEASED
[2026-09-20 22:15:31] Cliente ID 215 <- OK RESOURCE_RELEASED
[2026-09-20 22:15:31] Cliente ID 218 <- OK RESOURCE_RELEASED
[2026-09-20 22:15:31] Cliente ID 217 <- OK RESOURCE_RELEASED
[2026-09-20 22:15:31] Recursos do cliente ID 219 liberados automaticamente
[2026-09-20 22:15:31] Recursos do cliente ID 206 liberados automaticamente
[2026-09-20 22:15:31] Cliente ID 193 <- OK RESOURCE_RELEASED
[2026-09-20 22:15:31] Cliente ID 209 <- OK RESOURCE_RELEASED
[2026-09-20 22:15:31] Cliente ID 219 desconectado
[2026-09-20 22:15:31] Cliente ID 206 desconectado
[2026-09-20 22:15:31] Recursos do cliente ID 215 liberados automaticamente
[2026-09-20 22:15:31] Cliente ID 215 desconectado
[2026-09-20 22:15:31] Recursos do cliente ID 193 liberados automaticamente
[2026-09-20 22:15:31] Cliente ID 193 desconectado
[2026-09-20 22:15:31] Recursos do cliente ID 188 liberados automaticamente
[2026-09-20 22:15:31] Cliente ID 188 desconectado
[2026-09-20 22:15:31] Cliente ID 212 <- OK RESOURCE_RELEASED
[2026-09-20 22:15:31] Recursos do cliente ID 224 liberados automaticamente
[2026-09-20 22:15:31] Cliente ID 224 desconectado
[2026-09-20 22:15:31] Recursos do cliente ID 212 liberados automaticamente
[2026-09-20 22:15:31] Cliente ID 212 desconectado
[2026-09-20 22:15:31] Recursos do cliente ID 195 liberados automaticamente
[2026-09-20 22:15:31] Cliente ID 204 <- OK RESOURCE_RESERVED
[2026-09-20 22:15:31] Cliente ID 195 desconectado
[2026-09-20 22:15:31] Cliente ID 204 -> RELEASE bench_tcp_29
[2026-09-20 22:15:31] Recursos do cliente ID 225 liberados automaticamente
[2026-09-20 22:15:31] Cliente ID 225 desconectado
[2026-09-20 22:15:31] Recursos do cliente ID 176 liberados automaticamente
[2026-09-20 22:15:31] Cliente ID 176 desconectado
[2026-09-20 22:15:31] Recursos do cliente ID 198 liberados automaticamente
[2026-09-20 22:15:31] Cliente ID 198 desconectado
[2026-09-20 22:15:31] Recursos do cliente ID 186 liberados automaticamente
[2026-09-20 22:15:31] Recursos do cliente ID 217 liberados automaticamente
[2026-09-20 22:15:31] Cliente ID 186 desconectado
[2026-09-20 22:15:31] Cliente ID 217 desconectado
[2026-09-20 22:15:31] Recursos do cliente ID 218 liberados automaticamente
[2026-09-20 22:15:31] Cliente ID 218 desconectado
[2026-09-20 22:15:31] Recursos do cliente ID 209 liberados automaticamente
[2026-09-20 22:15:31] Cliente ID 209 desconectado
[2026-09-20 22:15:31] Cliente ID 213 <- OK RESOURCE_RESERVED
[2026-09-20 22:15:31] Cliente ID 213 -> RELEASE bench_tcp_38
[2026-09-20 22:15:31] Cliente ID 202 <- OK RESOURCE_RELEASED
[2026-09-20 22:15:31] Cliente ID 204 <- OK RESOURCE_RELEASED
[2026-09-20 22:15:31] Cliente ID 213 <- OK RESOURCE_RELEASED
[2026-09-20 22:15:31] Recursos do cliente ID 202 liberados automaticamente
[2026-09-20 22:15:31] Cliente ID 202 desconectado
[2026-09-20 22:15:31] Recursos do cliente ID 204 liberados automaticamente
[2026-09-20 22:15:31] Cliente ID 204 desconectado
[2026-09-20 22:15:31] Recursos do cliente ID 213 liberados automaticamente
[2026-09-20 22:15:31] Cliente ID 213 desconectado
[2026-09-20 22:15:32] Cliente ID 226 conectado
[2026-09-20 22:15:32] Cliente ID 226 -> LOGIN andreia 1234
[2026-09-20 22:15:32] Cliente ID 226 <- OK AUTHENTICATED
[2026-09-20 22:15:32] Cliente ID 227 conectado
[2026-09-20 22:15:32] Cliente ID 227 -> LOGIN andreia 1234
[2026-09-20 22:15:32] Cliente ID 227 <- OK AUTHENTICATED
[2026-09-20 22:15:32] Cliente ID 228 conectado
[2026-09-20 22:15:32] Cliente ID 228 -> LOGIN andreia 1234
[2026-09-20 22:15:32] Cliente ID 228 <- OK AUTHENTICATED
[2026-09-20 22:15:32] Cliente ID 229 conectado
[2026-09-20 22:15:32] Cliente ID 230 conectado
[2026-09-20 22:15:32] Cliente ID 229 -> LOGIN andreia 1234
[2026-09-20 22:15:32] Cliente ID 229 <- OK AUTHENTICATED
[2026-09-20 22:15:32] Cliente ID 230 -> LOGIN andreia 1234
[2026-09-20 22:15:32] Cliente ID 230 <- OK AUTHENTICATED
[2026-09-20 22:15:32] Cliente ID 231 conectado
[2026-09-20 22:15:32] Cliente ID 231 -> LOGIN andreia 1234
[2026-09-20 22:15:32] Cliente ID 231 <- OK AUTHENTICATED
[2026-09-20 22:15:32] Cliente ID 232 conectado
[2026-09-20 22:15:32] Cliente ID 232 -> LOGIN andreia 1234
[2026-09-20 22:15:32] Cliente ID 232 <- OK AUTHENTICATED
[2026-09-20 22:15:32] Cliente ID 233 conectado
[2026-09-20 22:15:32] Cliente ID 233 -> LOGIN andreia 1234
[2026-09-20 22:15:32] Cliente ID 233 <- OK AUTHENTICATED
[2026-09-20 22:15:32] Cliente ID 234 conectado
[2026-09-20 22:15:32] Cliente ID 235 conectado
[2026-09-20 22:15:32] Cliente ID 234 -> LOGIN andreia 1234
[2026-09-20 22:15:32] Cliente ID 234 <- OK AUTHENTICATED
[2026-09-20 22:15:32] Cliente ID 235 -> LOGIN andreia 1234
[2026-09-20 22:15:32] Cliente ID 235 <- OK AUTHENTICATED
[2026-09-20 22:15:32] Cliente ID 236 conectado
[2026-09-20 22:15:32] Cliente ID 237 conectado
[2026-09-20 22:15:32] Cliente ID 237 -> LOGIN andreia 1234
[2026-09-20 22:15:32] Cliente ID 237 <- OK AUTHENTICATED
[2026-09-20 22:15:32] Cliente ID 238 conectado
[2026-09-20 22:15:32] Cliente ID 238 -> LOGIN andreia 1234
[2026-09-20 22:15:32] Cliente ID 238 <- OK AUTHENTICATED
[2026-09-20 22:15:32] Cliente ID 239 conectado
[2026-09-20 22:15:32] Cliente ID 240 conectado
[2026-09-20 22:15:32] Cliente ID 241 conectado
[2026-09-20 22:15:32] Cliente ID 242 conectado
[2026-09-20 22:15:32] Cliente ID 243 conectado
[2026-09-20 22:15:32] Cliente ID 244 conectado
[2026-09-20 22:15:32] Cliente ID 239 -> LOGIN andreia 1234
[2026-09-20 22:15:32] Cliente ID 239 <- OK AUTHENTICATED
[2026-09-20 22:15:32] Cliente ID 236 -> LOGIN andreia 1234
[2026-09-20 22:15:32] Cliente ID 236 <- OK AUTHENTICATED
[2026-09-20 22:15:32] Cliente ID 243 -> LOGIN andreia 1234
[2026-09-20 22:15:32] Cliente ID 243 <- OK AUTHENTICATED
[2026-09-20 22:15:32] Cliente ID 242 -> LOGIN andreia 1234
[2026-09-20 22:15:32] Cliente ID 242 <- OK AUTHENTICATED
[2026-09-20 22:15:32] Cliente ID 241 -> LOGIN andreia 1234
[2026-09-20 22:15:32] Cliente ID 241 <- OK AUTHENTICATED
[2026-09-20 22:15:32] Cliente ID 244 -> LOGIN andreia 1234
[2026-09-20 22:15:32] Cliente ID 244 <- OK AUTHENTICATED
[2026-09-20 22:15:32] Cliente ID 240 -> LOGIN andreia 1234
[2026-09-20 22:15:32] Cliente ID 240 <- OK AUTHENTICATED
[2026-09-20 22:15:32] Cliente ID 245 conectado
[2026-09-20 22:15:32] Cliente ID 245 -> LOGIN andreia 1234
[2026-09-20 22:15:32] Cliente ID 245 <- OK AUTHENTICATED
[2026-09-20 22:15:32] Cliente ID 246 conectado
[2026-09-20 22:15:32] Cliente ID 246 -> LOGIN andreia 1234
[2026-09-20 22:15:32] Cliente ID 246 <- OK AUTHENTICATED
[2026-09-20 22:15:32] Cliente ID 247 conectado
[2026-09-20 22:15:32] Cliente ID 248 conectado
[2026-09-20 22:15:32] Cliente ID 247 -> LOGIN andreia 1234
[2026-09-20 22:15:32] Cliente ID 247 <- OK AUTHENTICATED
[2026-09-20 22:15:32] Cliente ID 248 -> LOGIN andreia 1234
[2026-09-20 22:15:32] Cliente ID 249 conectado
[2026-09-20 22:15:32] Cliente ID 248 <- OK AUTHENTICATED
[2026-09-20 22:15:32] Cliente ID 250 conectado
[2026-09-20 22:15:32] Cliente ID 249 -> LOGIN andreia 1234
[2026-09-20 22:15:32] Cliente ID 249 <- OK AUTHENTICATED
[2026-09-20 22:15:32] Cliente ID 250 -> LOGIN andreia 1234
[2026-09-20 22:15:32] Cliente ID 250 <- OK AUTHENTICATED
[2026-09-20 22:15:32] Cliente ID 251 conectado
[2026-09-20 22:15:32] Cliente ID 251 -> LOGIN andreia 1234
[2026-09-20 22:15:32] Cliente ID 251 <- OK AUTHENTICATED
[2026-09-20 22:15:32] Cliente ID 252 conectado
[2026-09-20 22:15:32] Cliente ID 252 -> LOGIN andreia 1234
[2026-09-20 22:15:32] Cliente ID 252 <- OK AUTHENTICATED
[2026-09-20 22:15:32] Cliente ID 253 conectado
[2026-09-20 22:15:32] Cliente ID 254 conectado
[2026-09-20 22:15:32] Cliente ID 255 conectado
[2026-09-20 22:15:32] Cliente ID 255 -> LOGIN andreia 1234
[2026-09-20 22:15:32] Cliente ID 255 <- OK AUTHENTICATED
[2026-09-20 22:15:32] Cliente ID 253 -> LOGIN andreia 1234
[2026-09-20 22:15:32] Cliente ID 253 <- OK AUTHENTICATED
[2026-09-20 22:15:32] Cliente ID 254 -> LOGIN andreia 1234
[2026-09-20 22:15:32] Cliente ID 254 <- OK AUTHENTICATED
[2026-09-20 22:15:32] Cliente ID 256 conectado
[2026-09-20 22:15:32] Cliente ID 256 -> LOGIN andreia 1234
[2026-09-20 22:15:32] Cliente ID 256 <- OK AUTHENTICATED
[2026-09-20 22:15:32] Cliente ID 257 conectado
[2026-09-20 22:15:32] Cliente ID 258 conectado
[2026-09-20 22:15:32] Cliente ID 257 -> LOGIN andreia 1234
[2026-09-20 22:15:32] Cliente ID 257 <- OK AUTHENTICATED
[2026-09-20 22:15:32] Cliente ID 259 conectado
[2026-09-20 22:15:32] Cliente ID 258 -> LOGIN andreia 1234
[2026-09-20 22:15:32] Cliente ID 258 <- OK AUTHENTICATED
[2026-09-20 22:15:32] Cliente ID 260 conectado
[2026-09-20 22:15:32] Cliente ID 259 -> LOGIN andreia 1234
[2026-09-20 22:15:32] Cliente ID 259 <- OK AUTHENTICATED
[2026-09-20 22:15:32] Cliente ID 261 conectado
[2026-09-20 22:15:32] Cliente ID 260 -> LOGIN andreia 1234
[2026-09-20 22:15:32] Cliente ID 260 <- OK AUTHENTICATED
[2026-09-20 22:15:32] Cliente ID 262 conectado
[2026-09-20 22:15:32] Cliente ID 261 -> LOGIN andreia 1234
[2026-09-20 22:15:32] Cliente ID 261 <- OK AUTHENTICATED
[2026-09-20 22:15:32] Cliente ID 263 conectado
[2026-09-20 22:15:32] Cliente ID 262 -> LOGIN andreia 1234
[2026-09-20 22:15:32] Cliente ID 262 <- OK AUTHENTICATED
[2026-09-20 22:15:32] Cliente ID 263 -> LOGIN andreia 1234
[2026-09-20 22:15:32] Cliente ID 263 <- OK AUTHENTICATED
[2026-09-20 22:15:32] Cliente ID 264 conectado
[2026-09-20 22:15:32] Cliente ID 265 conectado
[2026-09-20 22:15:32] Cliente ID 265 -> LOGIN andreia 1234
[2026-09-20 22:15:32] Cliente ID 265 <- OK AUTHENTICATED
[2026-09-20 22:15:32] Cliente ID 266 conectado
[2026-09-20 22:15:32] Cliente ID 266 -> LOGIN andreia 1234
[2026-09-20 22:15:32] Cliente ID 266 <- OK AUTHENTICATED
[2026-09-20 22:15:32] Cliente ID 264 -> LOGIN andreia 1234
[2026-09-20 22:15:32] Cliente ID 264 <- OK AUTHENTICATED
[2026-09-20 22:15:32] Cliente ID 267 conectado
[2026-09-20 22:15:32] Cliente ID 268 conectado
[2026-09-20 22:15:32] Cliente ID 269 conectado
[2026-09-20 22:15:32] Cliente ID 269 -> LOGIN andreia 1234
[2026-09-20 22:15:32] Cliente ID 269 <- OK AUTHENTICATED
[2026-09-20 22:15:32] Cliente ID 270 conectado
[2026-09-20 22:15:32] Cliente ID 267 -> LOGIN andreia 1234
[2026-09-20 22:15:32] Cliente ID 267 <- OK AUTHENTICATED
[2026-09-20 22:15:32] Cliente ID 271 conectado
[2026-09-20 22:15:32] Cliente ID 268 -> LOGIN andreia 1234
[2026-09-20 22:15:32] Cliente ID 268 <- OK AUTHENTICATED
[2026-09-20 22:15:32] Cliente ID 271 -> LOGIN andreia 1234
[2026-09-20 22:15:32] Cliente ID 271 <- OK AUTHENTICATED
[2026-09-20 22:15:32] Cliente ID 270 -> LOGIN andreia 1234
[2026-09-20 22:15:32] Cliente ID 270 <- OK AUTHENTICATED
[2026-09-20 22:15:32] Cliente ID 272 conectado
[2026-09-20 22:15:32] Cliente ID 272 -> LOGIN andreia 1234
[2026-09-20 22:15:32] Cliente ID 272 <- OK AUTHENTICATED
[2026-09-20 22:15:32] Cliente ID 273 conectado
[2026-09-20 22:15:32] Cliente ID 273 -> LOGIN andreia 1234
[2026-09-20 22:15:32] Cliente ID 273 <- OK AUTHENTICATED
[2026-09-20 22:15:32] Cliente ID 274 conectado
[2026-09-20 22:15:32] Cliente ID 275 conectado
[2026-09-20 22:15:32] Cliente ID 274 -> LOGIN andreia 1234
[2026-09-20 22:15:32] Cliente ID 274 <- OK AUTHENTICATED
[2026-09-20 22:15:32] Cliente ID 276 conectado
[2026-09-20 22:15:32] Cliente ID 275 -> LOGIN andreia 1234
[2026-09-20 22:15:32] Cliente ID 275 <- OK AUTHENTICATED
[2026-09-20 22:15:32] Cliente ID 276 -> LOGIN andreia 1234
[2026-09-20 22:15:32] Cliente ID 276 <- OK AUTHENTICATED
[2026-09-20 22:15:32] Cliente ID 277 conectado
[2026-09-20 22:15:32] Cliente ID 278 conectado
[2026-09-20 22:15:32] Cliente ID 277 -> LOGIN andreia 1234
[2026-09-20 22:15:32] Cliente ID 277 <- OK AUTHENTICATED
[2026-09-20 22:15:32] Cliente ID 279 conectado
[2026-09-20 22:15:32] Cliente ID 278 -> LOGIN andreia 1234
[2026-09-20 22:15:32] Cliente ID 278 <- OK AUTHENTICATED
[2026-09-20 22:15:32] Cliente ID 280 conectado
[2026-09-20 22:15:32] Cliente ID 279 -> LOGIN andreia 1234
[2026-09-20 22:15:32] Cliente ID 279 <- OK AUTHENTICATED
[2026-09-20 22:15:32] Cliente ID 280 -> LOGIN andreia 1234
[2026-09-20 22:15:32] Cliente ID 280 <- OK AUTHENTICATED
[2026-09-20 22:15:32] Cliente ID 281 conectado
[2026-09-20 22:15:32] Cliente ID 282 conectado
[2026-09-20 22:15:32] Cliente ID 281 -> LOGIN andreia 1234
[2026-09-20 22:15:32] Cliente ID 281 <- OK AUTHENTICATED
[2026-09-20 22:15:32] Cliente ID 283 conectado
[2026-09-20 22:15:32] Cliente ID 282 -> LOGIN andreia 1234
[2026-09-20 22:15:32] Cliente ID 282 <- OK AUTHENTICATED
[2026-09-20 22:15:32] Cliente ID 283 -> LOGIN andreia 1234
[2026-09-20 22:15:32] Cliente ID 283 <- OK AUTHENTICATED
[2026-09-20 22:15:32] Cliente ID 284 conectado
[2026-09-20 22:15:32] Cliente ID 285 conectado
[2026-09-20 22:15:32] Cliente ID 286 conectado
[2026-09-20 22:15:32] Cliente ID 285 -> LOGIN andreia 1234
[2026-09-20 22:15:32] Cliente ID 285 <- OK AUTHENTICATED
[2026-09-20 22:15:32] Cliente ID 284 -> LOGIN andreia 1234
[2026-09-20 22:15:32] Cliente ID 284 <- OK AUTHENTICATED
[2026-09-20 22:15:32] Cliente ID 287 conectado
[2026-09-20 22:15:32] Cliente ID 286 -> LOGIN andreia 1234
[2026-09-20 22:15:32] Cliente ID 286 <- OK AUTHENTICATED
[2026-09-20 22:15:32] Cliente ID 288 conectado
[2026-09-20 22:15:32] Cliente ID 289 conectado
[2026-09-20 22:15:32] Cliente ID 290 conectado
[2026-09-20 22:15:32] Cliente ID 289 -> LOGIN andreia 1234
[2026-09-20 22:15:32] Cliente ID 289 <- OK AUTHENTICATED
[2026-09-20 22:15:32] Cliente ID 290 -> LOGIN andreia 1234
[2026-09-20 22:15:32] Cliente ID 290 <- OK AUTHENTICATED
[2026-09-20 22:15:32] Cliente ID 287 -> LOGIN andreia 1234
[2026-09-20 22:15:32] Cliente ID 288 -> LOGIN andreia 1234
[2026-09-20 22:15:32] Cliente ID 288 <- OK AUTHENTICATED
[2026-09-20 22:15:32] Cliente ID 287 <- OK AUTHENTICATED
[2026-09-20 22:15:32] Cliente ID 291 conectado
[2026-09-20 22:15:32] Cliente ID 291 -> LOGIN andreia 1234
[2026-09-20 22:15:32] Cliente ID 291 <- OK AUTHENTICATED
[2026-09-20 22:15:32] Cliente ID 292 conectado
[2026-09-20 22:15:32] Cliente ID 292 -> LOGIN andreia 1234
[2026-09-20 22:15:32] Cliente ID 292 <- OK AUTHENTICATED
[2026-09-20 22:15:32] Cliente ID 293 conectado
[2026-09-20 22:15:32] Cliente ID 294 conectado
[2026-09-20 22:15:32] Cliente ID 294 -> LOGIN andreia 1234
[2026-09-20 22:15:32] Cliente ID 294 <- OK AUTHENTICATED
[2026-09-20 22:15:32] Cliente ID 293 -> LOGIN andreia 1234
[2026-09-20 22:15:32] Cliente ID 293 <- OK AUTHENTICATED
[2026-09-20 22:15:32] Cliente ID 295 conectado
[2026-09-20 22:15:32] Cliente ID 296 conectado
[2026-09-20 22:15:32] Cliente ID 297 conectado
[2026-09-20 22:15:32] Cliente ID 298 conectado
[2026-09-20 22:15:32] Cliente ID 299 conectado
[2026-09-20 22:15:32] Cliente ID 300 conectado
[2026-09-20 22:15:32] Cliente ID 300 -> LOGIN andreia 1234
[2026-09-20 22:15:32] Cliente ID 300 <- OK AUTHENTICATED
[2026-09-20 22:15:32] Cliente ID 299 -> LOGIN andreia 1234
[2026-09-20 22:15:32] Cliente ID 299 <- OK AUTHENTICATED
[2026-09-20 22:15:32] Cliente ID 298 -> LOGIN andreia 1234
[2026-09-20 22:15:32] Cliente ID 298 <- OK AUTHENTICATED
[2026-09-20 22:15:32] Cliente ID 297 -> LOGIN andreia 1234
[2026-09-20 22:15:32] Cliente ID 297 <- OK AUTHENTICATED
[2026-09-20 22:15:32] Cliente ID 296 -> LOGIN andreia 1234
[2026-09-20 22:15:32] Cliente ID 296 <- OK AUTHENTICATED
[2026-09-20 22:15:32] Cliente ID 295 -> LOGIN andreia 1234
[2026-09-20 22:15:32] Cliente ID 295 <- OK AUTHENTICATED
[2026-09-20 22:15:32] Cliente ID 301 conectado
[2026-09-20 22:15:32] Cliente ID 301 -> LOGIN andreia 1234
[2026-09-20 22:15:32] Cliente ID 301 <- OK AUTHENTICATED
[2026-09-20 22:15:32] Cliente ID 302 conectado
[2026-09-20 22:15:32] Cliente ID 302 -> LOGIN andreia 1234
[2026-09-20 22:15:32] Cliente ID 302 <- OK AUTHENTICATED
[2026-09-20 22:15:32] Cliente ID 303 conectado
[2026-09-20 22:15:32] Cliente ID 304 conectado
[2026-09-20 22:15:32] Cliente ID 304 -> LOGIN andreia 1234
[2026-09-20 22:15:32] Cliente ID 304 <- OK AUTHENTICATED
[2026-09-20 22:15:32] Cliente ID 305 conectado
[2026-09-20 22:15:32] Cliente ID 303 -> LOGIN andreia 1234
[2026-09-20 22:15:32] Cliente ID 303 <- OK AUTHENTICATED
[2026-09-20 22:15:32] Cliente ID 305 -> LOGIN andreia 1234
[2026-09-20 22:15:32] Cliente ID 305 <- OK AUTHENTICATED
[2026-09-20 22:15:32] Cliente ID 306 conectado
[2026-09-20 22:15:32] Cliente ID 307 conectado
[2026-09-20 22:15:32] Cliente ID 307 -> LOGIN andreia 1234
[2026-09-20 22:15:32] Cliente ID 307 <- OK AUTHENTICATED
[2026-09-20 22:15:32] Cliente ID 308 conectado
[2026-09-20 22:15:32] Cliente ID 306 -> LOGIN andreia 1234
[2026-09-20 22:15:32] Cliente ID 306 <- OK AUTHENTICATED
[2026-09-20 22:15:32] Cliente ID 309 conectado
[2026-09-20 22:15:32] Cliente ID 308 -> LOGIN andreia 1234
[2026-09-20 22:15:32] Cliente ID 308 <- OK AUTHENTICATED
[2026-09-20 22:15:32] Cliente ID 310 conectado
[2026-09-20 22:15:32] Cliente ID 311 conectado
[2026-09-20 22:15:32] Cliente ID 310 -> LOGIN andreia 1234
[2026-09-20 22:15:32] Cliente ID 310 <- OK AUTHENTICATED
[2026-09-20 22:15:32] Cliente ID 309 -> LOGIN andreia 1234
[2026-09-20 22:15:32] Cliente ID 309 <- OK AUTHENTICATED
[2026-09-20 22:15:32] Cliente ID 311 -> LOGIN andreia 1234
[2026-09-20 22:15:32] Cliente ID 311 <- OK AUTHENTICATED
[2026-09-20 22:15:32] Cliente ID 312 conectado
[2026-09-20 22:15:32] Cliente ID 313 conectado
[2026-09-20 22:15:32] Cliente ID 312 -> LOGIN andreia 1234
[2026-09-20 22:15:32] Cliente ID 312 <- OK AUTHENTICATED
[2026-09-20 22:15:32] Cliente ID 314 conectado
[2026-09-20 22:15:32] Cliente ID 313 -> LOGIN andreia 1234
[2026-09-20 22:15:32] Cliente ID 313 <- OK AUTHENTICATED
[2026-09-20 22:15:32] Cliente ID 314 -> LOGIN andreia 1234
[2026-09-20 22:15:32] Cliente ID 314 <- OK AUTHENTICATED
[2026-09-20 22:15:32] Cliente ID 315 conectado
[2026-09-20 22:15:32] Cliente ID 316 conectado
[2026-09-20 22:15:32] Cliente ID 315 -> LOGIN andreia 1234
[2026-09-20 22:15:32] Cliente ID 315 <- OK AUTHENTICATED
[2026-09-20 22:15:32] Cliente ID 317 conectado
[2026-09-20 22:15:32] Cliente ID 316 -> LOGIN andreia 1234
[2026-09-20 22:15:32] Cliente ID 316 <- OK AUTHENTICATED
[2026-09-20 22:15:32] Cliente ID 318 conectado
[2026-09-20 22:15:32] Cliente ID 317 -> LOGIN andreia 1234
[2026-09-20 22:15:32] Cliente ID 317 <- OK AUTHENTICATED
[2026-09-20 22:15:32] Cliente ID 319 conectado
[2026-09-20 22:15:32] Cliente ID 318 -> LOGIN andreia 1234
[2026-09-20 22:15:32] Cliente ID 318 <- OK AUTHENTICATED
[2026-09-20 22:15:32] Cliente ID 320 conectado
[2026-09-20 22:15:32] Cliente ID 319 -> LOGIN andreia 1234
[2026-09-20 22:15:32] Cliente ID 319 <- OK AUTHENTICATED
[2026-09-20 22:15:32] Cliente ID 321 conectado
[2026-09-20 22:15:32] Cliente ID 320 -> LOGIN andreia 1234
[2026-09-20 22:15:32] Cliente ID 320 <- OK AUTHENTICATED
[2026-09-20 22:15:32] Cliente ID 322 conectado
[2026-09-20 22:15:32] Cliente ID 321 -> LOGIN andreia 1234
[2026-09-20 22:15:32] Cliente ID 321 <- OK AUTHENTICATED
[2026-09-20 22:15:32] Cliente ID 323 conectado
[2026-09-20 22:15:32] Cliente ID 322 -> LOGIN andreia 1234
[2026-09-20 22:15:32] Cliente ID 322 <- OK AUTHENTICATED
[2026-09-20 22:15:32] Cliente ID 324 conectado
[2026-09-20 22:15:32] Cliente ID 323 -> LOGIN andreia 1234
[2026-09-20 22:15:32] Cliente ID 323 <- OK AUTHENTICATED
[2026-09-20 22:15:32] Cliente ID 324 -> LOGIN andreia 1234
[2026-09-20 22:15:32] Cliente ID 324 <- OK AUTHENTICATED
[2026-09-20 22:15:33] Cliente ID 325 conectado
[2026-09-20 22:15:33] Cliente ID 325 -> LOGIN andreia 1234
[2026-09-20 22:15:33] Cliente ID 325 <- OK AUTHENTICATED
[2026-09-20 22:15:33] Cliente ID 325 -> CREATE bench_tcp_96 100
[2026-09-20 22:15:33] Cliente ID 228 -> CREATE bench_tcp_3 100
[2026-09-20 22:15:33] Cliente ID 228 <- ERROR RESOURCE_ALREADY_EXISTS
[2026-09-20 22:15:33] Cliente ID 324 -> CREATE bench_tcp_100 100
[2026-09-20 22:15:33] Cliente ID 230 -> CREATE bench_tcp_5 100
[2026-09-20 22:15:33] Cliente ID 230 <- ERROR RESOURCE_ALREADY_EXISTS
[2026-09-20 22:15:33] Cliente ID 233 -> CREATE bench_tcp_8 100
[2026-09-20 22:15:33] Cliente ID 238 -> CREATE bench_tcp_15 100
[2026-09-20 22:15:33] Cliente ID 238 <- ERROR RESOURCE_ALREADY_EXISTS
[2026-09-20 22:15:33] Cliente ID 324 <- OK RESOURCE_CREATED
[2026-09-20 22:15:33] Cliente ID 325 <- OK RESOURCE_CREATED
[2026-09-20 22:15:33] Cliente ID 235 -> CREATE bench_tcp_14 100
[2026-09-20 22:15:33] Cliente ID 235 <- ERROR RESOURCE_ALREADY_EXISTS
[2026-09-20 22:15:33] Cliente ID 228 -> GET bench_tcp_3
[2026-09-20 22:15:33] Cliente ID 228 <- OK VALUE 200
[2026-09-20 22:15:33] Cliente ID 231 -> CREATE bench_tcp_6 100
[2026-09-20 22:15:33] Cliente ID 231 <- ERROR RESOURCE_ALREADY_EXISTS
[2026-09-20 22:15:33] Cliente ID 240 -> CREATE bench_tcp_16 100
[2026-09-20 22:15:33] Cliente ID 240 <- ERROR RESOURCE_ALREADY_EXISTS
[2026-09-20 22:15:33] Cliente ID 229 -> CREATE bench_tcp_4 100
[2026-09-20 22:15:33] Cliente ID 243 -> CREATE bench_tcp_18 100
[2026-09-20 22:15:33] Cliente ID 246 -> CREATE bench_tcp_21 100
[2026-09-20 22:15:33] Cliente ID 246 <- ERROR RESOURCE_ALREADY_EXISTS
[2026-09-20 22:15:33] Cliente ID 244 -> CREATE bench_tcp_19 100
[2026-09-20 22:15:33] Cliente ID 229 <- ERROR RESOURCE_ALREADY_EXISTS
[2026-09-20 22:15:33] Cliente ID 244 <- ERROR RESOURCE_ALREADY_EXISTS
[2026-09-20 22:15:33] Cliente ID 243 <- ERROR RESOURCE_ALREADY_EXISTS
[2026-09-20 22:15:33] Cliente ID 233 <- ERROR RESOURCE_ALREADY_EXISTS
[2026-09-20 22:15:33] Cliente ID 324 -> GET bench_tcp_100
[2026-09-20 22:15:33] Cliente ID 324 <- OK VALUE 100
[2026-09-20 22:15:33] Cliente ID 234 -> CREATE bench_tcp_12 100
[2026-09-20 22:15:33] Cliente ID 234 <- ERROR RESOURCE_ALREADY_EXISTS
[2026-09-20 22:15:33] Cliente ID 245 -> CREATE bench_tcp_20 100
[2026-09-20 22:15:33] Cliente ID 245 <- ERROR RESOURCE_ALREADY_EXISTS
[2026-09-20 22:15:33] Cliente ID 324 -> SET bench_tcp_100 200
[2026-09-20 22:15:33] Cliente ID 324 <- OK VALUE_UPDATED
[2026-09-20 22:15:33] Cliente ID 250 -> CREATE bench_tcp_25 100
[2026-09-20 22:15:33] Cliente ID 250 <- ERROR RESOURCE_ALREADY_EXISTS
[2026-09-20 22:15:33] Cliente ID 252 -> CREATE bench_tcp_27 100
[2026-09-20 22:15:33] Cliente ID 252 <- ERROR RESOURCE_ALREADY_EXISTS
[2026-09-20 22:15:33] Cliente ID 243 -> GET bench_tcp_18
[2026-09-20 22:15:33] Cliente ID 243 <- OK VALUE 200
[2026-09-20 22:15:33] Cliente ID 255 -> CREATE bench_tcp_30 100
[2026-09-20 22:15:33] Cliente ID 255 <- ERROR RESOURCE_ALREADY_EXISTS
[2026-09-20 22:15:33] Cliente ID 259 -> CREATE bench_tcp_35 100
[2026-09-20 22:15:33] Cliente ID 259 <- ERROR RESOURCE_ALREADY_EXISTS
[2026-09-20 22:15:33] Cliente ID 254 -> CREATE bench_tcp_29 100
[2026-09-20 22:15:33] Cliente ID 254 <- ERROR RESOURCE_ALREADY_EXISTS
[2026-09-20 22:15:33] Cliente ID 262 -> CREATE bench_tcp_38 100
[2026-09-20 22:15:33] Cliente ID 262 <- ERROR RESOURCE_ALREADY_EXISTS
[2026-09-20 22:15:33] Cliente ID 261 -> CREATE bench_tcp_37 100
[2026-09-20 22:15:33] Cliente ID 261 <- ERROR RESOURCE_ALREADY_EXISTS
[2026-09-20 22:15:33] Cliente ID 260 -> CREATE bench_tcp_36 100
[2026-09-20 22:15:33] Cliente ID 260 <- ERROR RESOURCE_ALREADY_EXISTS
[2026-09-20 22:15:33] Cliente ID 253 -> CREATE bench_tcp_28 100
[2026-09-20 22:15:33] Cliente ID 253 <- ERROR RESOURCE_ALREADY_EXISTS
[2026-09-20 22:15:33] Cliente ID 251 -> CREATE bench_tcp_26 100
[2026-09-20 22:15:33] Cliente ID 251 <- ERROR RESOURCE_ALREADY_EXISTS
[2026-09-20 22:15:33] Cliente ID 324 -> RESERVE bench_tcp_100
[2026-09-20 22:15:33] Cliente ID 324 <- OK RESOURCE_RESERVED
[2026-09-20 22:15:33] Cliente ID 319 -> CREATE bench_tcp_95 100
[2026-09-20 22:15:33] Cliente ID 252 -> GET bench_tcp_27
[2026-09-20 22:15:33] Cliente ID 252 <- OK VALUE 200
[2026-09-20 22:15:33] Cliente ID 267 -> CREATE bench_tcp_42 100
[2026-09-20 22:15:33] Cliente ID 267 <- ERROR RESOURCE_ALREADY_EXISTS
[2026-09-20 22:15:33] Cliente ID 273 -> CREATE bench_tcp_49 100
[2026-09-20 22:15:33] Cliente ID 273 <- ERROR RESOURCE_ALREADY_EXISTS
[2026-09-20 22:15:33] Cliente ID 238 -> GET bench_tcp_15
[2026-09-20 22:15:33] Cliente ID 238 <- OK VALUE 200
[2026-09-20 22:15:33] Cliente ID 255 -> GET bench_tcp_30
[2026-09-20 22:15:33] Cliente ID 255 <- OK VALUE 200
[2026-09-20 22:15:33] Cliente ID 249 -> CREATE bench_tcp_24 100
[2026-09-20 22:15:33] Cliente ID 249 <- ERROR RESOURCE_ALREADY_EXISTS
[2026-09-20 22:15:33] Cliente ID 257 -> CREATE bench_tcp_32 100
[2026-09-20 22:15:33] Cliente ID 257 <- ERROR RESOURCE_ALREADY_EXISTS
[2026-09-20 22:15:33] Cliente ID 262 -> GET bench_tcp_38
[2026-09-20 22:15:33] Cliente ID 262 <- OK VALUE 200
[2026-09-20 22:15:33] Cliente ID 274 -> CREATE bench_tcp_47 100
[2026-09-20 22:15:33] Cliente ID 274 <- ERROR RESOURCE_ALREADY_EXISTS
[2026-09-20 22:15:33] Cliente ID 247 -> CREATE bench_tcp_22 100
[2026-09-20 22:15:33] Cliente ID 247 <- ERROR RESOURCE_ALREADY_EXISTS
[2026-09-20 22:15:33] Cliente ID 264 -> CREATE bench_tcp_39 100
[2026-09-20 22:15:33] Cliente ID 264 <- ERROR RESOURCE_ALREADY_EXISTS
[2026-09-20 22:15:33] Cliente ID 259 -> GET bench_tcp_35
[2026-09-20 22:15:33] Cliente ID 259 <- OK VALUE 200
[2026-09-20 22:15:33] Cliente ID 314 -> CREATE bench_tcp_90 100
[2026-09-20 22:15:33] Cliente ID 316 -> CREATE bench_tcp_92 100
[2026-09-20 22:15:33] Cliente ID 305 -> CREATE bench_tcp_80 100
[2026-09-20 22:15:33] Cliente ID 305 <- OK RESOURCE_CREATED
[2026-09-20 22:15:33] Cliente ID 314 <- OK RESOURCE_CREATED
[2026-09-20 22:15:33] Cliente ID 272 -> CREATE bench_tcp_48 100
[2026-09-20 22:15:33] Cliente ID 272 <- ERROR RESOURCE_ALREADY_EXISTS
[2026-09-20 22:15:33] Cliente ID 319 <- OK RESOURCE_CREATED
[2026-09-20 22:15:33] Cliente ID 265 -> CREATE bench_tcp_40 100
[2026-09-20 22:15:33] Cliente ID 265 <- ERROR RESOURCE_ALREADY_EXISTS
[2026-09-20 22:15:33] Cliente ID 255 -> SET bench_tcp_30 200
[2026-09-20 22:15:33] Cliente ID 229 -> GET bench_tcp_4
[2026-09-20 22:15:33] Cliente ID 229 <- OK VALUE 200
[2026-09-20 22:15:33] Cliente ID 303 -> CREATE bench_tcp_78 100
[2026-09-20 22:15:33] Cliente ID 298 -> CREATE bench_tcp_71 100
[2026-09-20 22:15:33] Cliente ID 239 -> CREATE bench_tcp_11 100
[2026-09-20 22:15:33] Cliente ID 238 -> SET bench_tcp_15 200
[2026-09-20 22:15:33] Cliente ID 249 -> GET bench_tcp_24
[2026-09-20 22:15:33] Cliente ID 239 <- ERROR RESOURCE_ALREADY_EXISTS
[2026-09-20 22:15:33] Cliente ID 271 -> CREATE bench_tcp_46 100
[2026-09-20 22:15:33] Cliente ID 271 <- ERROR RESOURCE_ALREADY_EXISTS
[2026-09-20 22:15:33] Cliente ID 276 -> CREATE bench_tcp_52 100
[2026-09-20 22:15:33] Cliente ID 226 -> CREATE bench_tcp_1 100
[2026-09-20 22:15:33] Cliente ID 249 <- OK VALUE 200
[2026-09-20 22:15:33] Cliente ID 292 -> CREATE bench_tcp_67 100
[2026-09-20 22:15:33] Cliente ID 263 -> CREATE bench_tcp_33 100
[2026-09-20 22:15:33] Cliente ID 263 <- ERROR RESOURCE_ALREADY_EXISTS
[2026-09-20 22:15:33] Cliente ID 255 <- OK VALUE_UPDATED
[2026-09-20 22:15:33] Cliente ID 257 -> GET bench_tcp_32
[2026-09-20 22:15:33] Cliente ID 274 -> GET bench_tcp_47
[2026-09-20 22:15:33] Cliente ID 274 <- OK VALUE 200
[2026-09-20 22:15:33] Cliente ID 237 -> CREATE bench_tcp_10 100
[2026-09-20 22:15:33] Cliente ID 237 <- ERROR RESOURCE_ALREADY_EXISTS
[2026-09-20 22:15:33] Cliente ID 298 <- OK RESOURCE_CREATED
[2026-09-20 22:15:33] Cliente ID 243 -> SET bench_tcp_18 200
[2026-09-20 22:15:33] Cliente ID 257 <- OK VALUE 200
[2026-09-20 22:15:33] Cliente ID 239 -> GET bench_tcp_11
[2026-09-20 22:15:33] Cliente ID 239 <- OK VALUE 200
[2026-09-20 22:15:33] Cliente ID 226 <- ERROR RESOURCE_ALREADY_EXISTS
[2026-09-20 22:15:33] Cliente ID 302 -> CREATE bench_tcp_77 100
[2026-09-20 22:15:33] Cliente ID 271 -> GET bench_tcp_46
[2026-09-20 22:15:33] Cliente ID 271 <- OK VALUE 200
[2026-09-20 22:15:33] Cliente ID 248 -> CREATE bench_tcp_23 100
[2026-09-20 22:15:33] Cliente ID 248 <- ERROR RESOURCE_ALREADY_EXISTS
[2026-09-20 22:15:33] Cliente ID 309 -> CREATE bench_tcp_85 100
[2026-09-20 22:15:33] Cliente ID 266 -> CREATE bench_tcp_41 100
[2026-09-20 22:15:33] Cliente ID 266 <- ERROR RESOURCE_ALREADY_EXISTS
[2026-09-20 22:15:33] Cliente ID 303 <- OK RESOURCE_CREATED
[2026-09-20 22:15:33] Cliente ID 228 -> SET bench_tcp_3 200
[2026-09-20 22:15:33] Cliente ID 315 -> CREATE bench_tcp_91 100
[2026-09-20 22:15:33] Cliente ID 258 -> CREATE bench_tcp_34 100
[2026-09-20 22:15:33] Cliente ID 258 <- ERROR RESOURCE_ALREADY_EXISTS
[2026-09-20 22:15:33] Cliente ID 283 -> CREATE bench_tcp_58 100
[2026-09-20 22:15:33] Cliente ID 249 -> SET bench_tcp_24 200
[2026-09-20 22:15:33] Cliente ID 244 -> GET bench_tcp_19
[2026-09-20 22:15:33] Cliente ID 244 <- OK VALUE 200
[2026-09-20 22:15:33] Cliente ID 238 <- OK VALUE_UPDATED
[2026-09-20 22:15:33] Cliente ID 271 -> SET bench_tcp_46 200
[2026-09-20 22:15:33] Cliente ID 268 -> CREATE bench_tcp_43 100
[2026-09-20 22:15:33] Cliente ID 268 <- ERROR RESOURCE_ALREADY_EXISTS
[2026-09-20 22:15:33] Cliente ID 267 -> GET bench_tcp_42
[2026-09-20 22:15:33] Cliente ID 267 <- OK VALUE 200
[2026-09-20 22:15:33] Cliente ID 226 -> GET bench_tcp_1
[2026-09-20 22:15:33] Cliente ID 226 <- OK VALUE 200
[2026-09-20 22:15:33] Cliente ID 271 <- OK VALUE_UPDATED
[2026-09-20 22:15:33] Cliente ID 262 -> SET bench_tcp_38 200
[2026-09-20 22:15:33] Cliente ID 265 -> GET bench_tcp_40
[2026-09-20 22:15:33] Cliente ID 265 <- OK VALUE 200
[2026-09-20 22:15:33] Cliente ID 322 -> CREATE bench_tcp_97 100
[2026-09-20 22:15:33] Cliente ID 226 -> SET bench_tcp_1 200
[2026-09-20 22:15:33] Cliente ID 262 <- OK VALUE_UPDATED
[2026-09-20 22:15:33] Cliente ID 317 -> CREATE bench_tcp_93 100
[2026-09-20 22:15:33] Cliente ID 265 -> SET bench_tcp_40 200
[2026-09-20 22:15:33] Cliente ID 242 -> CREATE bench_tcp_13 100
[2026-09-20 22:15:33] Cliente ID 242 <- ERROR RESOURCE_ALREADY_EXISTS
[2026-09-20 22:15:33] Cliente ID 245 -> GET bench_tcp_20
[2026-09-20 22:15:33] Cliente ID 245 <- OK VALUE 200
[2026-09-20 22:15:33] Cliente ID 289 -> CREATE bench_tcp_64 100
[2026-09-20 22:15:33] Cliente ID 270 -> CREATE bench_tcp_45 100
[2026-09-20 22:15:33] Cliente ID 270 <- ERROR RESOURCE_ALREADY_EXISTS
[2026-09-20 22:15:33] Cliente ID 239 -> SET bench_tcp_11 200
[2026-09-20 22:15:33] Cliente ID 289 <- OK RESOURCE_CREATED
[2026-09-20 22:15:33] Cliente ID 322 <- OK RESOURCE_CREATED
[2026-09-20 22:15:33] Cliente ID 239 <- OK VALUE_UPDATED
[2026-09-20 22:15:33] Cliente ID 316 <- OK RESOURCE_CREATED
[2026-09-20 22:15:33] Cliente ID 296 -> CREATE bench_tcp_73 100
[2026-09-20 22:15:33] Cliente ID 276 <- OK RESOURCE_CREATED
[2026-09-20 22:15:33] Cliente ID 323 -> CREATE bench_tcp_99 100
[2026-09-20 22:15:33] Cliente ID 243 <- OK VALUE_UPDATED
[2026-09-20 22:15:33] Cliente ID 309 <- OK RESOURCE_CREATED
[2026-09-20 22:15:33] Cliente ID 304 -> CREATE bench_tcp_79 100
[2026-09-20 22:15:33] Cliente ID 324 -> RELEASE bench_tcp_100
[2026-09-20 22:15:33] Cliente ID 228 <- OK VALUE_UPDATED
[2026-09-20 22:15:33] Cliente ID 246 -> GET bench_tcp_21
[2026-09-20 22:15:33] Cliente ID 246 <- OK VALUE 200
[2026-09-20 22:15:33] Cliente ID 304 <- OK RESOURCE_CREATED
[2026-09-20 22:15:33] Cliente ID 324 <- OK RESOURCE_RELEASED
[2026-09-20 22:15:33] Cliente ID 250 -> GET bench_tcp_25
[2026-09-20 22:15:33] Cliente ID 250 <- OK VALUE 200
[2026-09-20 22:15:33] Cliente ID 268 -> GET bench_tcp_43
[2026-09-20 22:15:33] Cliente ID 268 <- OK VALUE 200
[2026-09-20 22:15:33] Cliente ID 325 -> GET bench_tcp_96
[2026-09-20 22:15:33] Cliente ID 325 <- OK VALUE 100
[2026-09-20 22:15:33] Cliente ID 315 <- OK RESOURCE_CREATED
[2026-09-20 22:15:33] Cliente ID 268 -> SET bench_tcp_43 200
[2026-09-20 22:15:33] Cliente ID 237 -> GET bench_tcp_10
[2026-09-20 22:15:33] Cliente ID 237 <- OK VALUE 200
[2026-09-20 22:15:33] Cliente ID 272 -> GET bench_tcp_48
[2026-09-20 22:15:33] Cliente ID 272 <- OK VALUE 200
[2026-09-20 22:15:33] Cliente ID 310 -> CREATE bench_tcp_87 100
[2026-09-20 22:15:33] Cliente ID 314 -> GET bench_tcp_90
[2026-09-20 22:15:33] Cliente ID 288 -> CREATE bench_tcp_63 100
[2026-09-20 22:15:33] Cliente ID 314 <- OK VALUE 100
[2026-09-20 22:15:33] Cliente ID 310 <- OK RESOURCE_CREATED
[2026-09-20 22:15:33] Cliente ID 315 -> GET bench_tcp_91
[2026-09-20 22:15:33] Cliente ID 315 <- OK VALUE 100
[2026-09-20 22:15:33] Cliente ID 249 <- OK VALUE_UPDATED
[2026-09-20 22:15:33] Cliente ID 315 -> SET bench_tcp_91 200
[2026-09-20 22:15:33] Cliente ID 226 <- OK VALUE_UPDATED
[2026-09-20 22:15:33] Cliente ID 315 <- OK VALUE_UPDATED
[2026-09-20 22:15:33] Cliente ID 319 -> GET bench_tcp_95
[2026-09-20 22:15:33] Cliente ID 319 <- OK VALUE 100
[2026-09-20 22:15:33] Cliente ID 317 <- OK RESOURCE_CREATED
[2026-09-20 22:15:33] Cliente ID 265 <- OK VALUE_UPDATED
[2026-09-20 22:15:33] Cliente ID 319 -> SET bench_tcp_95 200
[2026-09-20 22:15:33] Cliente ID 292 <- OK RESOURCE_CREATED
[2026-09-20 22:15:33] Cliente ID 319 <- OK VALUE_UPDATED
[2026-09-20 22:15:33] Cliente ID 296 <- OK RESOURCE_CREATED
[2026-09-20 22:15:33] Cliente ID 323 <- OK RESOURCE_CREATED
[2026-09-20 22:15:33] Cliente ID 313 -> CREATE bench_tcp_88 100
[2026-09-20 22:15:33] Cliente ID 250 -> SET bench_tcp_25 200
[2026-09-20 22:15:33] Cliente ID 260 -> GET bench_tcp_36
[2026-09-20 22:15:33] Cliente ID 260 <- OK VALUE 200
[2026-09-20 22:15:33] Cliente ID 280 -> CREATE bench_tcp_55 100
[2026-09-20 22:15:33] Cliente ID 241 -> CREATE bench_tcp_17 100
[2026-09-20 22:15:33] Cliente ID 241 <- ERROR RESOURCE_ALREADY_EXISTS
[2026-09-20 22:15:33] Cliente ID 294 -> CREATE bench_tcp_69 100
[2026-09-20 22:15:33] Cliente ID 313 <- OK RESOURCE_CREATED
[2026-09-20 22:15:33] Cliente ID 233 -> GET bench_tcp_8
[2026-09-20 22:15:33] Cliente ID 233 <- OK VALUE 200
[2026-09-20 22:15:33] Cliente ID 278 -> CREATE bench_tcp_51 100
[2026-09-20 22:15:33] Cliente ID 284 -> CREATE bench_tcp_59 100
[2026-09-20 22:15:33] Cliente ID 313 -> GET bench_tcp_88
[2026-09-20 22:15:33] Cliente ID 313 <- OK VALUE 100
[2026-09-20 22:15:33] Cliente ID 289 -> GET bench_tcp_64
[2026-09-20 22:15:33] Cliente ID 289 <- OK VALUE 100
[2026-09-20 22:15:33] Cliente ID 290 -> CREATE bench_tcp_65 100
[2026-09-20 22:15:33] Cliente ID 278 <- OK RESOURCE_CREATED
[2026-09-20 22:15:33] Cliente ID 291 -> CREATE bench_tcp_66 100
[2026-09-20 22:15:33] Cliente ID 270 -> GET bench_tcp_45
[2026-09-20 22:15:33] Cliente ID 270 <- OK VALUE 200
[2026-09-20 22:15:33] Cliente ID 270 -> SET bench_tcp_45 200
[2026-09-20 22:15:33] Cliente ID 237 -> SET bench_tcp_10 200
[2026-09-20 22:15:33] Cliente ID 227 -> CREATE bench_tcp_2 100
[2026-09-20 22:15:33] Cliente ID 227 <- ERROR RESOURCE_ALREADY_EXISTS
[2026-09-20 22:15:33] Cliente ID 254 -> GET bench_tcp_29
[2026-09-20 22:15:33] Cliente ID 254 <- OK VALUE 200
[2026-09-20 22:15:33] Cliente ID 308 -> CREATE bench_tcp_84 100
[2026-09-20 22:15:33] Cliente ID 243 -> RESERVE bench_tcp_18
[2026-09-20 22:15:33] Cliente ID 277 -> CREATE bench_tcp_53 100
[2026-09-20 22:15:33] Cliente ID 302 <- OK RESOURCE_CREATED
[2026-09-20 22:15:33] Cliente ID 305 -> GET bench_tcp_80
[2026-09-20 22:15:33] Cliente ID 305 <- OK VALUE 100
[2026-09-20 22:15:33] Cliente ID 255 -> RESERVE bench_tcp_30
[2026-09-20 22:15:33] Cliente ID 290 <- OK RESOURCE_CREATED
[2026-09-20 22:15:33] Cliente ID 291 <- OK RESOURCE_CREATED
[2026-09-20 22:15:33] Cliente ID 248 -> GET bench_tcp_23
[2026-09-20 22:15:33] Cliente ID 248 <- OK VALUE 200
[2026-09-20 22:15:33] Cliente ID 268 <- OK VALUE_UPDATED
[2026-09-20 22:15:33] Cliente ID 293 -> CREATE bench_tcp_68 100
[2026-09-20 22:15:33] Cliente ID 244 -> SET bench_tcp_19 200
[2026-09-20 22:15:33] Cliente ID 279 -> CREATE bench_tcp_54 100
[2026-09-20 22:15:33] Cliente ID 283 <- OK RESOURCE_CREATED
[2026-09-20 22:15:33] Cliente ID 296 -> GET bench_tcp_73
[2026-09-20 22:15:33] Cliente ID 296 <- OK VALUE 100
[2026-09-20 22:15:33] Cliente ID 258 -> GET bench_tcp_34
[2026-09-20 22:15:33] Cliente ID 258 <- OK VALUE 200
[2026-09-20 22:15:33] Cliente ID 251 -> GET bench_tcp_26
[2026-09-20 22:15:33] Cliente ID 251 <- OK VALUE 200
[2026-09-20 22:15:33] Cliente ID 251 -> SET bench_tcp_26 200
[2026-09-20 22:15:33] Cliente ID 257 -> SET bench_tcp_32 200
[2026-09-20 22:15:33] Cliente ID 300 -> CREATE bench_tcp_75 100
[2026-09-20 22:15:33] Cliente ID 302 -> GET bench_tcp_77
[2026-09-20 22:15:33] Cliente ID 302 <- OK VALUE 100
[2026-09-20 22:15:33] Cliente ID 252 -> SET bench_tcp_27 200
[2026-09-20 22:15:33] Cliente ID 239 -> RESERVE bench_tcp_11
[2026-09-20 22:15:33] Cliente ID 256 -> CREATE bench_tcp_31 100
[2026-09-20 22:15:33] Cliente ID 256 <- ERROR RESOURCE_ALREADY_EXISTS
[2026-09-20 22:15:33] Cliente ID 288 <- OK RESOURCE_CREATED
[2026-09-20 22:15:33] Cliente ID 322 -> GET bench_tcp_97
[2026-09-20 22:15:33] Cliente ID 322 <- OK VALUE 100
[2026-09-20 22:15:33] Cliente ID 231 -> GET bench_tcp_6
[2026-09-20 22:15:33] Cliente ID 231 <- OK VALUE 200
[2026-09-20 22:15:33] Cliente ID 232 -> CREATE bench_tcp_7 100
[2026-09-20 22:15:33] Cliente ID 232 <- ERROR RESOURCE_ALREADY_EXISTS
[2026-09-20 22:15:33] Cliente ID 247 -> GET bench_tcp_22
[2026-09-20 22:15:33] Cliente ID 247 <- OK VALUE 200
[2026-09-20 22:15:33] Cliente ID 282 -> CREATE bench_tcp_57 100
[2026-09-20 22:15:33] Cliente ID 278 -> GET bench_tcp_51
[2026-09-20 22:15:33] Cliente ID 278 <- OK VALUE 100
[2026-09-20 22:15:33] Cliente ID 310 -> GET bench_tcp_87
[2026-09-20 22:15:33] Cliente ID 310 <- OK VALUE 100
[2026-09-20 22:15:33] Cliente ID 320 -> CREATE bench_tcp_83 100
[2026-09-20 22:15:33] Cliente ID 304 -> GET bench_tcp_79
[2026-09-20 22:15:33] Cliente ID 304 <- OK VALUE 100
[2026-09-20 22:15:33] Cliente ID 230 -> GET bench_tcp_5
[2026-09-20 22:15:33] Cliente ID 230 <- OK VALUE 200
[2026-09-20 22:15:33] Cliente ID 313 -> SET bench_tcp_88 200
[2026-09-20 22:15:33] Cliente ID 283 -> GET bench_tcp_58
[2026-09-20 22:15:33] Cliente ID 283 <- OK VALUE 100
[2026-09-20 22:15:33] Cliente ID 297 -> CREATE bench_tcp_74 100
[2026-09-20 22:15:33] Cliente ID 227 -> GET bench_tcp_2
[2026-09-20 22:15:33] Cliente ID 227 <- OK VALUE 200
[2026-09-20 22:15:33] Cliente ID 250 <- OK VALUE_UPDATED
[2026-09-20 22:15:33] Cliente ID 248 -> SET bench_tcp_23 200
[2026-09-20 22:15:33] Cliente ID 284 <- OK RESOURCE_CREATED
[2026-09-20 22:15:33] Cliente ID 294 <- OK RESOURCE_CREATED
[2026-09-20 22:15:33] Cliente ID 297 <- OK RESOURCE_CREATED
[2026-09-20 22:15:33] Cliente ID 269 -> CREATE bench_tcp_44 100
[2026-09-20 22:15:33] Cliente ID 269 <- ERROR RESOURCE_ALREADY_EXISTS
[2026-09-20 22:15:33] Cliente ID 301 -> CREATE bench_tcp_76 100
[2026-09-20 22:15:33] Cliente ID 319 -> RESERVE bench_tcp_95
[2026-09-20 22:15:33] Cliente ID 256 -> GET bench_tcp_31
[2026-09-20 22:15:33] Cliente ID 256 <- OK VALUE 200
[2026-09-20 22:15:33] Cliente ID 319 <- OK RESOURCE_RESERVED
[2026-09-20 22:15:33] Cliente ID 291 -> GET bench_tcp_66
[2026-09-20 22:15:33] Cliente ID 291 <- OK VALUE 100
[2026-09-20 22:15:33] Cliente ID 275 -> CREATE bench_tcp_50 100
[2026-09-20 22:15:33] Cliente ID 275 <- ERROR RESOURCE_ALREADY_EXISTS
[2026-09-20 22:15:33] Cliente ID 240 -> GET bench_tcp_16
[2026-09-20 22:15:33] Cliente ID 240 <- OK VALUE 200
[2026-09-20 22:15:33] Cliente ID 325 -> SET bench_tcp_96 200
[2026-09-20 22:15:33] Cliente ID 234 -> GET bench_tcp_12
[2026-09-20 22:15:33] Cliente ID 234 <- OK VALUE 200
[2026-09-20 22:15:33] Cliente ID 283 -> SET bench_tcp_58 200
[2026-09-20 22:15:33] Cliente ID 242 -> GET bench_tcp_13
[2026-09-20 22:15:33] Cliente ID 242 <- OK VALUE 200
[2026-09-20 22:15:33] Cliente ID 295 -> CREATE bench_tcp_70 100
[2026-09-20 22:15:33] Cliente ID 242 -> SET bench_tcp_13 200
[2026-09-20 22:15:33] Cliente ID 233 -> SET bench_tcp_8 200
[2026-09-20 22:15:33] Cliente ID 246 -> SET bench_tcp_21 200
[2026-09-20 22:15:33] Cliente ID 302 -> SET bench_tcp_77 200
[2026-09-20 22:15:33] Cliente ID 309 -> GET bench_tcp_85
[2026-09-20 22:15:33] Cliente ID 309 <- OK VALUE 100
[2026-09-20 22:15:33] Cliente ID 297 -> GET bench_tcp_74
[2026-09-20 22:15:33] Cliente ID 297 <- OK VALUE 100
[2026-09-20 22:15:33] Cliente ID 297 -> SET bench_tcp_74 200
[2026-09-20 22:15:33] Cliente ID 259 -> SET bench_tcp_35 200
[2026-09-20 22:15:33] Cliente ID 311 -> CREATE bench_tcp_86 100
[2026-09-20 22:15:33] Cliente ID 284 -> GET bench_tcp_59
[2026-09-20 22:15:33] Cliente ID 284 <- OK VALUE 100
[2026-09-20 22:15:33] Cliente ID 237 <- OK VALUE_UPDATED
[2026-09-20 22:15:33] Cliente ID 238 -> RESERVE bench_tcp_15
[2026-09-20 22:15:33] Cliente ID 249 -> RESERVE bench_tcp_24
[2026-09-20 22:15:33] Cliente ID 316 -> GET bench_tcp_92
[2026-09-20 22:15:33] Cliente ID 316 <- OK VALUE 100
[2026-09-20 22:15:33] Cliente ID 265 -> RESERVE bench_tcp_40
[2026-09-20 22:15:33] Cliente ID 294 -> GET bench_tcp_69
[2026-09-20 22:15:33] Cliente ID 294 <- OK VALUE 100
[2026-09-20 22:15:33] Cliente ID 286 -> CREATE bench_tcp_61 100
[2026-09-20 22:15:33] Cliente ID 310 -> SET bench_tcp_87 200
[2026-09-20 22:15:33] Cliente ID 243 <- OK RESOURCE_RESERVED
[2026-09-20 22:15:33] Cliente ID 250 -> RESERVE bench_tcp_25
[2026-09-20 22:15:33] Cliente ID 284 -> SET bench_tcp_59 200
[2026-09-20 22:15:33] Cliente ID 319 -> RELEASE bench_tcp_95
[2026-09-20 22:15:33] Cliente ID 269 -> GET bench_tcp_44
[2026-09-20 22:15:33] Cliente ID 269 <- OK VALUE 200
[2026-09-20 22:15:33] Cliente ID 322 -> SET bench_tcp_97 200
[2026-09-20 22:15:33] Cliente ID 228 -> RESERVE bench_tcp_3
[2026-09-20 22:15:33] Cliente ID 258 -> SET bench_tcp_34 200
[2026-09-20 22:15:33] Cliente ID 294 -> SET bench_tcp_69 200
[2026-09-20 22:15:33] Cliente ID 263 -> GET bench_tcp_33
[2026-09-20 22:15:33] Cliente ID 263 <- OK VALUE 200
[2026-09-20 22:15:33] Cliente ID 258 <- OK VALUE_UPDATED
[2026-09-20 22:15:33] Cliente ID 234 -> SET bench_tcp_12 200
[2026-09-20 22:15:33] Cliente ID 240 -> SET bench_tcp_16 200
[2026-09-20 22:15:33] Cliente ID 269 -> SET bench_tcp_44 200
[2026-09-20 22:15:33] Cliente ID 294 <- OK VALUE_UPDATED
[2026-09-20 22:15:33] Cliente ID 293 <- OK RESOURCE_CREATED
[2026-09-20 22:15:33] Cliente ID 251 <- OK VALUE_UPDATED
[2026-09-20 22:15:33] Cliente ID 257 <- OK VALUE_UPDATED
[2026-09-20 22:15:33] Cliente ID 300 <- OK RESOURCE_CREATED
[2026-09-20 22:15:33] Cliente ID 252 <- OK VALUE_UPDATED
[2026-09-20 22:15:33] Cliente ID 320 <- OK RESOURCE_CREATED
[2026-09-20 22:15:33] Cliente ID 239 <- OK RESOURCE_RESERVED
[2026-09-20 22:15:33] Cliente ID 279 <- OK RESOURCE_CREATED
[2026-09-20 22:15:33] Cliente ID 244 <- OK VALUE_UPDATED
[2026-09-20 22:15:33] Cliente ID 313 <- OK VALUE_UPDATED
[2026-09-20 22:15:33] Cliente ID 248 <- OK VALUE_UPDATED
[2026-09-20 22:15:33] Cliente ID 232 -> GET bench_tcp_7
[2026-09-20 22:15:33] Cliente ID 232 <- OK VALUE 200
[2026-09-20 22:15:33] Cliente ID 272 -> SET bench_tcp_48 200
[2026-09-20 22:15:33] Cliente ID 262 -> RESERVE bench_tcp_38
[2026-09-20 22:15:33] Cliente ID 244 -> RESERVE bench_tcp_19
[2026-09-20 22:15:33] Cliente ID 243 -> RELEASE bench_tcp_18
[2026-09-20 22:15:33] Cliente ID 280 <- OK RESOURCE_CREATED
[2026-09-20 22:15:33] Cliente ID 254 -> SET bench_tcp_29 200
[2026-09-20 22:15:33] Cliente ID 288 -> GET bench_tcp_63
[2026-09-20 22:15:33] Cliente ID 288 <- OK VALUE 100
[2026-09-20 22:15:33] Cliente ID 254 <- OK VALUE_UPDATED
[2026-09-20 22:15:33] Cliente ID 243 <- OK RESOURCE_RELEASED
[2026-09-20 22:15:33] Cliente ID 314 -> SET bench_tcp_90 200
[2026-09-20 22:15:33] Cliente ID 270 <- OK VALUE_UPDATED
[2026-09-20 22:15:33] Cliente ID 231 -> SET bench_tcp_6 200
[2026-09-20 22:15:33] Cliente ID 314 <- OK VALUE_UPDATED
[2026-09-20 22:15:33] Cliente ID 295 <- OK RESOURCE_CREATED
[2026-09-20 22:15:33] Cliente ID 307 -> CREATE bench_tcp_82 100
[2026-09-20 22:15:33] Cliente ID 325 <- OK VALUE_UPDATED
[2026-09-20 22:15:33] Cliente ID 315 -> RESERVE bench_tcp_91
[2026-09-20 22:15:33] Cliente ID 242 <- OK VALUE_UPDATED
[2026-09-20 22:15:33] Cliente ID 316 -> SET bench_tcp_92 200
[2026-09-20 22:15:33] Cliente ID 268 -> RESERVE bench_tcp_43
[2026-09-20 22:15:33] Cliente ID 325 -> RESERVE bench_tcp_96
[2026-09-20 22:15:33] Cliente ID 252 -> RESERVE bench_tcp_27
[2026-09-20 22:15:33] Cliente ID 292 -> GET bench_tcp_67
[2026-09-20 22:15:33] Cliente ID 292 <- OK VALUE 100
[2026-09-20 22:15:33] Cliente ID 315 <- OK RESOURCE_RESERVED
[2026-09-20 22:15:33] Cliente ID 297 <- OK VALUE_UPDATED
[2026-09-20 22:15:33] Cliente ID 285 -> CREATE bench_tcp_60 100
[2026-09-20 22:15:33] Cliente ID 259 <- OK VALUE_UPDATED
[2026-09-20 22:15:33] Cliente ID 292 -> SET bench_tcp_67 200
[2026-09-20 22:15:33] Cliente ID 306 -> CREATE bench_tcp_81 100
[2026-09-20 22:15:33] Cliente ID 311 <- OK RESOURCE_CREATED
[2026-09-20 22:15:33] Cliente ID 297 -> RESERVE bench_tcp_74
[2026-09-20 22:15:33] Cliente ID 238 <- OK RESOURCE_RESERVED
[2026-09-20 22:15:33] Cliente ID 298 -> GET bench_tcp_71
[2026-09-20 22:15:33] Cliente ID 295 -> GET bench_tcp_70
[2026-09-20 22:15:33] Cliente ID 314 -> RESERVE bench_tcp_90
[2026-09-20 22:15:33] Cliente ID 266 -> GET bench_tcp_41
[2026-09-20 22:15:33] Cliente ID 249 <- OK RESOURCE_RESERVED
[2026-09-20 22:15:33] Cliente ID 236 -> CREATE bench_tcp_9 100
[2026-09-20 22:15:33] Cliente ID 280 -> GET bench_tcp_55
[2026-09-20 22:15:33] Cliente ID 293 -> GET bench_tcp_68
[2026-09-20 22:15:33] Cliente ID 290 -> GET bench_tcp_65
[2026-09-20 22:15:33] Cliente ID 309 -> SET bench_tcp_85 200
[2026-09-20 22:15:33] Cliente ID 267 -> SET bench_tcp_42 200
[2026-09-20 22:15:33] Cliente ID 229 -> SET bench_tcp_4 200
[2026-09-20 22:15:33] Cliente ID 271 -> RESERVE bench_tcp_46
[2026-09-20 22:15:33] Cliente ID 313 -> RESERVE bench_tcp_88
[2026-09-20 22:15:33] Cliente ID 226 -> RESERVE bench_tcp_1
[2026-09-20 22:15:33] Cliente ID 247 -> SET bench_tcp_22 200
[2026-09-20 22:15:33] Cliente ID 241 -> GET bench_tcp_17
[2026-09-20 22:15:33] Cliente ID 270 -> RESERVE bench_tcp_45
[2026-09-20 22:15:33] Cliente ID 264 -> GET bench_tcp_39
[2026-09-20 22:15:33] Cliente ID 305 -> SET bench_tcp_80 200
[2026-09-20 22:15:33] Cliente ID 318 -> CREATE bench_tcp_94 100
[2026-09-20 22:15:33] Cliente ID 242 -> RESERVE bench_tcp_13
[2026-09-20 22:15:33] Cliente ID 248 -> RESERVE bench_tcp_23
[2026-09-20 22:15:33] Cliente ID 265 <- OK RESOURCE_RESERVED
[2026-09-20 22:15:33] Cliente ID 254 -> RESERVE bench_tcp_29
[2026-09-20 22:15:33] Cliente ID 303 -> GET bench_tcp_78
[2026-09-20 22:15:33] Cliente ID 265 -> RELEASE bench_tcp_40
[2026-09-20 22:15:33] Cliente ID 286 <- OK RESOURCE_CREATED
[2026-09-20 22:15:33] Cliente ID 256 -> SET bench_tcp_31 200
[2026-09-20 22:15:33] Cliente ID 286 -> GET bench_tcp_61
[2026-09-20 22:15:33] Cliente ID 310 <- OK VALUE_UPDATED
[2026-09-20 22:15:33] Cliente ID 315 -> RELEASE bench_tcp_91
[2026-09-20 22:15:33] Cliente ID 308 <- OK RESOURCE_CREATED
[2026-09-20 22:15:33] Cliente ID 250 <- OK RESOURCE_RESERVED
[2026-09-20 22:15:33] Cliente ID 319 <- OK RESOURCE_RELEASED
[2026-09-20 22:15:33] Cliente ID 284 <- OK VALUE_UPDATED
[2026-09-20 22:15:33] Cliente ID 322 <- OK VALUE_UPDATED
[2026-09-20 22:15:33] Cliente ID 228 <- OK RESOURCE_RESERVED
[2026-09-20 22:15:33] Cliente ID 259 -> RESERVE bench_tcp_35
[2026-09-20 22:15:33] Cliente ID 263 -> SET bench_tcp_33 200
[2026-09-20 22:15:33] Cliente ID 234 <- OK VALUE_UPDATED
[2026-09-20 22:15:33] Cliente ID 238 -> RELEASE bench_tcp_15
[2026-09-20 22:15:33] Cliente ID 230 -> SET bench_tcp_5 200
[2026-09-20 22:15:33] Cliente ID 240 <- OK VALUE_UPDATED
[2026-09-20 22:15:33] Cliente ID 277 <- OK RESOURCE_CREATED
[2026-09-20 22:15:33] Cliente ID 269 <- OK VALUE_UPDATED
[2026-09-20 22:15:33] Cliente ID 255 <- OK RESOURCE_RESERVED
[2026-09-20 22:15:33] Cliente ID 282 <- OK RESOURCE_CREATED
[2026-09-20 22:15:33] Cliente ID 257 -> RESERVE bench_tcp_32
[2026-09-20 22:15:33] Cliente ID 272 <- OK VALUE_UPDATED
[2026-09-20 22:15:33] Cliente ID 277 -> GET bench_tcp_53
[2026-09-20 22:15:33] Cliente ID 240 -> RESERVE bench_tcp_16
[2026-09-20 22:15:33] Cliente ID 262 <- OK RESOURCE_RESERVED
[2026-09-20 22:15:33] Cliente ID 228 -> RELEASE bench_tcp_3
[2026-09-20 22:15:33] Cliente ID 275 -> GET bench_tcp_50
[2026-09-20 22:15:33] Cliente ID 232 -> SET bench_tcp_7 200
[2026-09-20 22:15:33] Cliente ID 311 -> GET bench_tcp_86
[2026-09-20 22:15:33] Cliente ID 244 <- OK RESOURCE_RESERVED
[2026-09-20 22:15:33] Cliente ID 301 <- OK RESOURCE_CREATED
[2026-09-20 22:15:33] Cliente ID 255 -> RELEASE bench_tcp_30
[2026-09-20 22:15:33] Cliente ID 231 <- OK VALUE_UPDATED
[2026-09-20 22:15:33] Cliente ID 283 <- OK VALUE_UPDATED
[2026-09-20 22:15:33] Cliente ID 291 -> SET bench_tcp_66 200
[2026-09-20 22:15:33] Cliente ID 307 <- OK RESOURCE_CREATED
[2026-09-20 22:15:33] Cliente ID 268 <- OK RESOURCE_RESERVED
[2026-09-20 22:15:33] Cliente ID 231 -> RESERVE bench_tcp_6
[2026-09-20 22:15:33] Cliente ID 282 -> GET bench_tcp_57
[2026-09-20 22:15:33] Cliente ID 316 <- OK VALUE_UPDATED
[2026-09-20 22:15:33] Cliente ID 325 <- OK RESOURCE_RESERVED
[2026-09-20 22:15:33] Cliente ID 274 -> SET bench_tcp_47 200
[2026-09-20 22:15:33] Cliente ID 227 -> SET bench_tcp_2 200
[2026-09-20 22:15:33] Cliente ID 233 <- OK VALUE_UPDATED
[2026-09-20 22:15:33] Cliente ID 252 <- OK RESOURCE_RESERVED
[2026-09-20 22:15:33] Cliente ID 246 <- OK VALUE_UPDATED
[2026-09-20 22:15:33] Cliente ID 302 <- OK VALUE_UPDATED
[2026-09-20 22:15:33] Cliente ID 253 -> GET bench_tcp_28
[2026-09-20 22:15:33] Cliente ID 320 -> GET bench_tcp_83
[2026-09-20 22:15:33] Cliente ID 285 <- OK RESOURCE_CREATED
[2026-09-20 22:15:33] Cliente ID 300 -> GET bench_tcp_75
[2026-09-20 22:15:33] Cliente ID 289 -> SET bench_tcp_64 200
[2026-09-20 22:15:33] Cliente ID 321 -> CREATE bench_tcp_98 100
[2026-09-20 22:15:33] Recursos do cliente ID 243 liberados automaticamente
[2026-09-20 22:15:33] Cliente ID 322 -> RESERVE bench_tcp_97
[2026-09-20 22:15:33] Recursos do cliente ID 319 liberados automaticamente
[2026-09-20 22:15:33] Cliente ID 284 -> RESERVE bench_tcp_59
[2026-09-20 22:15:33] Cliente ID 298 <- OK VALUE 100
[2026-09-20 22:15:33] Cliente ID 266 <- OK VALUE 200
[2026-09-20 22:15:33] Cliente ID 236 <- ERROR RESOURCE_ALREADY_EXISTS
[2026-09-20 22:15:33] Cliente ID 283 -> RESERVE bench_tcp_58
[2026-09-20 22:15:33] Cliente ID 290 <- OK VALUE 100
[2026-09-20 22:15:33] Cliente ID 288 -> SET bench_tcp_63 200
[2026-09-20 22:15:33] Cliente ID 280 <- OK VALUE 100
[2026-09-20 22:15:33] Cliente ID 295 <- OK VALUE 100
[2026-09-20 22:15:33] Cliente ID 279 -> GET bench_tcp_54
[2026-09-20 22:15:33] Cliente ID 279 <- OK VALUE 100
[2026-09-20 22:15:33] Cliente ID 306 <- OK RESOURCE_CREATED
[2026-09-20 22:15:33] Cliente ID 293 <- OK VALUE 100
[2026-09-20 22:15:33] Cliente ID 325 -> RELEASE bench_tcp_96
[2026-09-20 22:15:33] Cliente ID 244 -> RELEASE bench_tcp_19
[2026-09-20 22:15:33] Cliente ID 319 desconectado
[2026-09-20 22:15:33] Cliente ID 250 -> RELEASE bench_tcp_25
[2026-09-20 22:15:33] Cliente ID 268 -> RELEASE bench_tcp_43
[2026-09-20 22:15:33] Cliente ID 243 desconectado
[2026-09-20 22:15:33] Cliente ID 287 -> CREATE bench_tcp_62 100
[2026-09-20 22:15:33] Cliente ID 276 -> GET bench_tcp_52
[2026-09-20 22:15:33] Cliente ID 294 -> RESERVE bench_tcp_69
[2026-09-20 22:15:33] Cliente ID 285 -> GET bench_tcp_60
[2026-09-20 22:15:33] Cliente ID 258 -> RESERVE bench_tcp_34
[2026-09-20 22:15:33] Cliente ID 285 <- OK VALUE 100
[2026-09-20 22:15:33] Cliente ID 317 -> GET bench_tcp_93
[2026-09-20 22:15:33] Cliente ID 317 <- OK VALUE 100
[2026-09-20 22:15:33] Cliente ID 307 -> GET bench_tcp_82
[2026-09-20 22:15:33] Cliente ID 307 <- OK VALUE 100
[2026-09-20 22:15:33] Cliente ID 241 <- OK VALUE 200
[2026-09-20 22:15:33] Cliente ID 264 <- OK VALUE 200
[2026-09-20 22:15:33] Cliente ID 249 -> RELEASE bench_tcp_24
[2026-09-20 22:15:33] Cliente ID 273 -> GET bench_tcp_49
[2026-09-20 22:15:33] Cliente ID 284 <- OK RESOURCE_RESERVED
[2026-09-20 22:15:33] Cliente ID 233 -> RESERVE bench_tcp_8
[2026-09-20 22:15:33] Cliente ID 237 -> RESERVE bench_tcp_10
[2026-09-20 22:15:33] Cliente ID 262 -> RELEASE bench_tcp_38
[2026-09-20 22:15:33] Cliente ID 261 -> GET bench_tcp_37
[2026-09-20 22:15:33] Cliente ID 261 <- OK VALUE 200
[2026-09-20 22:15:33] Cliente ID 309 <- OK VALUE_UPDATED
[2026-09-20 22:15:33] Cliente ID 298 -> SET bench_tcp_71 200
[2026-09-20 22:15:33] Cliente ID 293 -> SET bench_tcp_68 200
[2026-09-20 22:15:33] Cliente ID 276 <- OK VALUE 100
[2026-09-20 22:15:33] Cliente ID 302 -> RESERVE bench_tcp_77
[2026-09-20 22:15:33] Cliente ID 306 -> GET bench_tcp_81
[2026-09-20 22:15:33] Cliente ID 306 <- OK VALUE 100
[2026-09-20 22:15:33] Cliente ID 296 -> SET bench_tcp_73 200
[2026-09-20 22:15:33] Cliente ID 280 -> SET bench_tcp_55 200
[2026-09-20 22:15:33] Cliente ID 239 -> RELEASE bench_tcp_11
[2026-09-20 22:15:33] Cliente ID 235 -> GET bench_tcp_14
[2026-09-20 22:15:33] Cliente ID 286 <- OK VALUE 100
[2026-09-20 22:15:33] Cliente ID 309 -> RESERVE bench_tcp_85
[2026-09-20 22:15:33] Cliente ID 276 -> SET bench_tcp_52 200
[2026-09-20 22:15:33] Cliente ID 295 -> SET bench_tcp_70 200
[2026-09-20 22:15:33] Cliente ID 296 <- OK VALUE_UPDATED
[2026-09-20 22:15:33] Cliente ID 252 -> RELEASE bench_tcp_27
[2026-09-20 22:15:33] Cliente ID 301 -> GET bench_tcp_76
[2026-09-20 22:15:33] Cliente ID 314 <- OK RESOURCE_RESERVED
[2026-09-20 22:15:33] Cliente ID 295 <- OK VALUE_UPDATED
[2026-09-20 22:15:33] Cliente ID 272 -> RESERVE bench_tcp_48
[2026-09-20 22:15:33] Cliente ID 286 -> SET bench_tcp_61 200
[2026-09-20 22:15:33] Cliente ID 307 -> SET bench_tcp_82 200
[2026-09-20 22:15:33] Cliente ID 234 -> RESERVE bench_tcp_12
[2026-09-20 22:15:33] Cliente ID 246 -> RESERVE bench_tcp_21
[2026-09-20 22:15:33] Cliente ID 308 -> GET bench_tcp_84
[2026-09-20 22:15:33] Cliente ID 279 -> SET bench_tcp_54 200
[2026-09-20 22:15:33] Cliente ID 310 -> RESERVE bench_tcp_87
[2026-09-20 22:15:33] Cliente ID 251 -> RESERVE bench_tcp_26
[2026-09-20 22:15:33] Cliente ID 269 -> RESERVE bench_tcp_44
[2026-09-20 22:15:33] Cliente ID 285 -> SET bench_tcp_60 200
[2026-09-20 22:15:33] Cliente ID 297 <- OK RESOURCE_RESERVED
[2026-09-20 22:15:33] Cliente ID 303 <- OK VALUE 100
[2026-09-20 22:15:33] Cliente ID 281 -> CREATE bench_tcp_56 100
[2026-09-20 22:15:33] Cliente ID 303 -> SET bench_tcp_78 200
[2026-09-20 22:15:33] Cliente ID 296 -> RESERVE bench_tcp_73
[2026-09-20 22:15:33] Cliente ID 290 -> SET bench_tcp_65 200
[2026-09-20 22:15:33] Cliente ID 236 -> GET bench_tcp_9
[2026-09-20 22:15:33] Cliente ID 317 -> SET bench_tcp_93 200
[2026-09-20 22:15:33] Cliente ID 314 -> RELEASE bench_tcp_90
[2026-09-20 22:15:33] Cliente ID 261 -> SET bench_tcp_37 200
[2026-09-20 22:15:33] Cliente ID 295 -> RESERVE bench_tcp_70
[2026-09-20 22:15:33] Cliente ID 297 -> RELEASE bench_tcp_74
[2026-09-20 22:15:33] Cliente ID 278 -> SET bench_tcp_51 200
[2026-09-20 22:15:33] Cliente ID 245 -> SET bench_tcp_20 200
[2026-09-20 22:15:33] Cliente ID 264 -> SET bench_tcp_39 200
[2026-09-20 22:15:33] Cliente ID 266 -> SET bench_tcp_41 200
[2026-09-20 22:15:33] Cliente ID 323 -> GET bench_tcp_99
[2026-09-20 22:15:33] Cliente ID 235 <- OK VALUE 200
[2026-09-20 22:15:33] Cliente ID 235 -> SET bench_tcp_14 200
[2026-09-20 22:15:34] Cliente ID 288 <- OK VALUE_UPDATED
[2026-09-20 22:15:34] Cliente ID 312 -> CREATE bench_tcp_89 100
[2026-09-20 22:15:34] Cliente ID 241 -> SET bench_tcp_17 200
[2026-09-20 22:15:34] Cliente ID 288 -> RESERVE bench_tcp_63
[2026-09-20 22:15:34] Cliente ID 304 -> SET bench_tcp_79 200
[2026-09-20 22:15:34] Cliente ID 260 -> SET bench_tcp_36 200
[2026-09-20 22:15:34] Cliente ID 267 <- OK VALUE_UPDATED
[2026-09-20 22:15:34] Cliente ID 306 -> SET bench_tcp_81 200
[2026-09-20 22:15:34] Cliente ID 284 -> RELEASE bench_tcp_59
[2026-09-20 22:15:34] Cliente ID 316 -> RESERVE bench_tcp_92
[2026-09-20 22:15:34] Cliente ID 325 <- OK RESOURCE_RELEASED
[2026-09-20 22:15:34] Cliente ID 299 -> CREATE bench_tcp_72 100
[2026-09-20 22:15:34] Cliente ID 267 -> RESERVE bench_tcp_42
[2026-09-20 22:15:34] Cliente ID 244 <- OK RESOURCE_RELEASED
[2026-09-20 22:15:34] Cliente ID 229 <- OK VALUE_UPDATED
[2026-09-20 22:15:34] Cliente ID 229 -> RESERVE bench_tcp_4
[2026-09-20 22:15:34] Cliente ID 271 <- OK RESOURCE_RESERVED
[2026-09-20 22:15:34] Cliente ID 271 -> RELEASE bench_tcp_46
[2026-09-20 22:15:34] Cliente ID 226 <- OK RESOURCE_RESERVED
[2026-09-20 22:15:34] Cliente ID 226 -> RELEASE bench_tcp_1
[2026-09-20 22:15:34] Cliente ID 250 <- OK RESOURCE_RELEASED
[2026-09-20 22:15:34] Cliente ID 268 <- OK RESOURCE_RELEASED
[2026-09-20 22:15:34] Cliente ID 270 <- OK RESOURCE_RESERVED
[2026-09-20 22:15:34] Cliente ID 247 <- OK VALUE_UPDATED
[2026-09-20 22:15:34] Cliente ID 270 -> RELEASE bench_tcp_45
[2026-09-20 22:15:34] Cliente ID 247 -> RESERVE bench_tcp_22
[2026-09-20 22:15:34] Cliente ID 305 <- OK VALUE_UPDATED
[2026-09-20 22:15:34] Cliente ID 305 -> RESERVE bench_tcp_80
[2026-09-20 22:15:34] Cliente ID 313 <- OK RESOURCE_RESERVED
[2026-09-20 22:15:34] Cliente ID 287 <- OK RESOURCE_CREATED
[2026-09-20 22:15:34] Cliente ID 294 <- OK RESOURCE_RESERVED
[2026-09-20 22:15:34] Cliente ID 313 -> RELEASE bench_tcp_88
[2026-09-20 22:15:34] Cliente ID 287 -> GET bench_tcp_62
[2026-09-20 22:15:34] Cliente ID 318 <- OK RESOURCE_CREATED
[2026-09-20 22:15:34] Cliente ID 294 -> RELEASE bench_tcp_69
[2026-09-20 22:15:34] Cliente ID 318 -> GET bench_tcp_94
[2026-09-20 22:15:34] Cliente ID 248 <- OK RESOURCE_RESERVED
[2026-09-20 22:15:34] Cliente ID 248 -> RELEASE bench_tcp_23
[2026-09-20 22:15:34] Cliente ID 258 <- OK RESOURCE_RESERVED
[2026-09-20 22:15:34] Cliente ID 258 -> RELEASE bench_tcp_34
[2026-09-20 22:15:34] Cliente ID 242 <- OK RESOURCE_RESERVED
[2026-09-20 22:15:34] Cliente ID 242 -> RELEASE bench_tcp_13
[2026-09-20 22:15:34] Cliente ID 249 <- OK RESOURCE_RELEASED
[2026-09-20 22:15:34] Cliente ID 254 <- OK RESOURCE_RESERVED
[2026-09-20 22:15:34] Cliente ID 254 -> RELEASE bench_tcp_29
[2026-09-20 22:15:34] Cliente ID 298 <- OK VALUE_UPDATED
[2026-09-20 22:15:34] Cliente ID 298 -> RESERVE bench_tcp_71
[2026-09-20 22:15:34] Cliente ID 293 <- OK VALUE_UPDATED
[2026-09-20 22:15:34] Cliente ID 293 -> RESERVE bench_tcp_68
[2026-09-20 22:15:34] Cliente ID 302 <- OK RESOURCE_RESERVED
[2026-09-20 22:15:34] Cliente ID 302 -> RELEASE bench_tcp_77
[2026-09-20 22:15:34] Cliente ID 280 <- OK VALUE_UPDATED
[2026-09-20 22:15:34] Cliente ID 265 <- OK RESOURCE_RELEASED
[2026-09-20 22:15:34] Cliente ID 239 <- OK RESOURCE_RELEASED
[2026-09-20 22:15:34] Cliente ID 256 <- OK VALUE_UPDATED
[2026-09-20 22:15:34] Cliente ID 280 -> RESERVE bench_tcp_55
[2026-09-20 22:15:34] Cliente ID 276 <- OK VALUE_UPDATED
[2026-09-20 22:15:34] Cliente ID 309 <- OK RESOURCE_RESERVED
[2026-09-20 22:15:34] Cliente ID 309 -> RELEASE bench_tcp_85
[2026-09-20 22:15:34] Cliente ID 256 -> RESERVE bench_tcp_31
[2026-09-20 22:15:34] Cliente ID 315 <- OK RESOURCE_RELEASED
[2026-09-20 22:15:34] Cliente ID 276 -> RESERVE bench_tcp_52
[2026-09-20 22:15:34] Cliente ID 259 <- OK RESOURCE_RESERVED
[2026-09-20 22:15:34] Cliente ID 259 -> RELEASE bench_tcp_35
[2026-09-20 22:15:34] Cliente ID 263 <- OK VALUE_UPDATED
[2026-09-20 22:15:34] Cliente ID 263 -> RESERVE bench_tcp_33
[2026-09-20 22:15:34] Cliente ID 238 <- OK RESOURCE_RELEASED
[2026-09-20 22:15:34] Cliente ID 230 <- OK VALUE_UPDATED
[2026-09-20 22:15:34] Cliente ID 230 -> RESERVE bench_tcp_5
[2026-09-20 22:15:34] Cliente ID 257 <- OK RESOURCE_RESERVED
[2026-09-20 22:15:34] Cliente ID 257 -> RELEASE bench_tcp_32
[2026-09-20 22:15:34] Cliente ID 252 <- OK RESOURCE_RELEASED
[2026-09-20 22:15:34] Recursos do cliente ID 324 liberados automaticamente
[2026-09-20 22:15:34] Cliente ID 277 <- OK VALUE 100
[2026-09-20 22:15:34] Cliente ID 283 <- OK RESOURCE_RESERVED
[2026-09-20 22:15:34] Cliente ID 324 desconectado
[2026-09-20 22:15:34] Cliente ID 240 <- OK RESOURCE_RESERVED
[2026-09-20 22:15:34] Recursos do cliente ID 252 liberados automaticamente
[2026-09-20 22:15:34] Cliente ID 275 <- OK VALUE 200
[2026-09-20 22:15:34] Cliente ID 240 -> RELEASE bench_tcp_16
[2026-09-20 22:15:34] Cliente ID 283 -> RELEASE bench_tcp_58
[2026-09-20 22:15:34] Cliente ID 311 <- OK VALUE 100
[2026-09-20 22:15:34] Cliente ID 252 desconectado
[2026-09-20 22:15:34] Cliente ID 255 <- OK RESOURCE_RELEASED
[2026-09-20 22:15:34] Cliente ID 282 <- OK VALUE 100
[2026-09-20 22:15:34] Cliente ID 277 -> SET bench_tcp_53 200
[2026-09-20 22:15:34] Cliente ID 320 <- OK VALUE 100
[2026-09-20 22:15:34] Cliente ID 311 -> SET bench_tcp_86 200
[2026-09-20 22:15:34] Cliente ID 283 <- OK RESOURCE_RELEASED
[2026-09-20 22:15:34] Cliente ID 240 <- OK RESOURCE_RELEASED
[2026-09-20 22:15:34] Cliente ID 282 -> SET bench_tcp_57 200
[2026-09-20 22:15:34] Cliente ID 320 -> SET bench_tcp_83 200
[2026-09-20 22:15:34] Cliente ID 300 <- OK VALUE 100
[2026-09-20 22:15:34] Cliente ID 311 <- OK VALUE_UPDATED
[2026-09-20 22:15:34] Cliente ID 275 -> SET bench_tcp_50 200
[2026-09-20 22:15:34] Cliente ID 253 <- OK VALUE 200
[2026-09-20 22:15:34] Cliente ID 311 -> RESERVE bench_tcp_86
[2026-09-20 22:15:34] Cliente ID 253 -> SET bench_tcp_28 200
[2026-09-20 22:15:34] Cliente ID 282 <- OK VALUE_UPDATED
[2026-09-20 22:15:34] Cliente ID 232 <- OK VALUE_UPDATED
[2026-09-20 22:15:34] Cliente ID 300 -> SET bench_tcp_75 200
[2026-09-20 22:15:34] Cliente ID 291 <- OK VALUE_UPDATED
[2026-09-20 22:15:34] Cliente ID 282 -> RESERVE bench_tcp_57
[2026-09-20 22:15:34] Cliente ID 232 -> RESERVE bench_tcp_7
[2026-09-20 22:15:34] Cliente ID 231 <- OK RESOURCE_RESERVED
[2026-09-20 22:15:34] Cliente ID 291 -> RESERVE bench_tcp_66
[2026-09-20 22:15:34] Cliente ID 231 -> RELEASE bench_tcp_6
[2026-09-20 22:15:34] Cliente ID 227 <- OK VALUE_UPDATED
[2026-09-20 22:15:34] Cliente ID 227 -> RESERVE bench_tcp_2
[2026-09-20 22:15:34] Cliente ID 274 <- OK VALUE_UPDATED
[2026-09-20 22:15:34] Cliente ID 274 -> RESERVE bench_tcp_47
[2026-09-20 22:15:34] Cliente ID 320 <- OK VALUE_UPDATED
[2026-09-20 22:15:34] Cliente ID 320 -> RESERVE bench_tcp_83
[2026-09-20 22:15:34] Cliente ID 277 <- OK VALUE_UPDATED
[2026-09-20 22:15:34] Recursos do cliente ID 255 liberados automaticamente
[2026-09-20 22:15:34] Cliente ID 255 desconectado
[2026-09-20 22:15:34] Cliente ID 277 -> RESERVE bench_tcp_53
[2026-09-20 22:15:34] Cliente ID 321 <- OK RESOURCE_CREATED
[2026-09-20 22:15:34] Cliente ID 273 <- OK VALUE 200
[2026-09-20 22:15:34] Cliente ID 301 <- OK VALUE 100
[2026-09-20 22:15:34] Cliente ID 292 <- OK VALUE_UPDATED
[2026-09-20 22:15:34] Cliente ID 301 -> SET bench_tcp_76 200
[2026-09-20 22:15:34] Cliente ID 322 <- OK RESOURCE_RESERVED
[2026-09-20 22:15:34] Cliente ID 237 <- OK RESOURCE_RESERVED
[2026-09-20 22:15:34] Cliente ID 292 -> RESERVE bench_tcp_67
[2026-09-20 22:15:34] Cliente ID 308 <- OK VALUE 100
[2026-09-20 22:15:34] Cliente ID 307 <- OK VALUE_UPDATED
[2026-09-20 22:15:34] Cliente ID 234 <- OK RESOURCE_RESERVED
[2026-09-20 22:15:34] Cliente ID 281 <- OK RESOURCE_CREATED
[2026-09-20 22:15:34] Cliente ID 322 -> RELEASE bench_tcp_97
[2026-09-20 22:15:34] Cliente ID 237 -> RELEASE bench_tcp_10
[2026-09-20 22:15:34] Cliente ID 273 -> SET bench_tcp_49 200
[2026-09-20 22:15:34] Cliente ID 234 -> RELEASE bench_tcp_12
[2026-09-20 22:15:34] Cliente ID 236 <- OK VALUE 200
[2026-09-20 22:15:34] Cliente ID 262 <- OK RESOURCE_RELEASED
[2026-09-20 22:15:34] Cliente ID 317 <- OK VALUE_UPDATED
[2026-09-20 22:15:34] Cliente ID 233 <- OK RESOURCE_RESERVED
[2026-09-20 22:15:34] Cliente ID 234 <- OK RESOURCE_RELEASED
[2026-09-20 22:15:34] Cliente ID 303 <- OK VALUE_UPDATED
[2026-09-20 22:15:34] Cliente ID 314 <- OK RESOURCE_RELEASED
[2026-09-20 22:15:34] Cliente ID 308 -> SET bench_tcp_84 200
[2026-09-20 22:15:34] Cliente ID 261 <- OK VALUE_UPDATED
[2026-09-20 22:15:34] Recursos do cliente ID 314 liberados automaticamente
[2026-09-20 22:15:34] Cliente ID 323 <- OK VALUE 100
[2026-09-20 22:15:34] Cliente ID 314 desconectado
[2026-09-20 22:15:34] Cliente ID 301 <- OK VALUE_UPDATED
[2026-09-20 22:15:34] Cliente ID 261 -> RESERVE bench_tcp_37
[2026-09-20 22:15:34] Cliente ID 233 -> RELEASE bench_tcp_8
[2026-09-20 22:15:34] Cliente ID 281 -> GET bench_tcp_56
[2026-09-20 22:15:34] Cliente ID 286 <- OK VALUE_UPDATED
[2026-09-20 22:15:34] Cliente ID 307 -> RESERVE bench_tcp_82
[2026-09-20 22:15:34] Cliente ID 246 <- OK RESOURCE_RESERVED
[2026-09-20 22:15:34] Cliente ID 303 -> RESERVE bench_tcp_78
[2026-09-20 22:15:34] Cliente ID 277 <- OK RESOURCE_RESERVED
[2026-09-20 22:15:34] Cliente ID 292 <- OK RESOURCE_RESERVED
[2026-09-20 22:15:34] Cliente ID 236 -> SET bench_tcp_9 200
[2026-09-20 22:15:34] Cliente ID 323 -> SET bench_tcp_99 200
[2026-09-20 22:15:34] Cliente ID 286 -> RESERVE bench_tcp_61
[2026-09-20 22:15:34] Cliente ID 246 -> RELEASE bench_tcp_21
[2026-09-20 22:15:34] Cliente ID 279 <- OK VALUE_UPDATED
[2026-09-20 22:15:34] Cliente ID 277 -> RELEASE bench_tcp_53
[2026-09-20 22:15:34] Cliente ID 251 <- OK RESOURCE_RESERVED
[2026-09-20 22:15:34] Cliente ID 269 <- OK RESOURCE_RESERVED
[2026-09-20 22:15:34] Cliente ID 310 <- OK RESOURCE_RESERVED
[2026-09-20 22:15:34] Cliente ID 279 -> RESERVE bench_tcp_54
[2026-09-20 22:15:34] Cliente ID 285 <- OK VALUE_UPDATED
[2026-09-20 22:15:34] Cliente ID 251 -> RELEASE bench_tcp_26
[2026-09-20 22:15:34] Cliente ID 296 <- OK RESOURCE_RESERVED
[2026-09-20 22:15:34] Cliente ID 285 -> RESERVE bench_tcp_60
[2026-09-20 22:15:34] Cliente ID 237 <- OK RESOURCE_RELEASED
[2026-09-20 22:15:34] Cliente ID 317 -> RESERVE bench_tcp_93
[2026-09-20 22:15:34] Cliente ID 273 <- OK VALUE_UPDATED
[2026-09-20 22:15:34] Cliente ID 290 <- OK VALUE_UPDATED
[2026-09-20 22:15:34] Cliente ID 292 -> RELEASE bench_tcp_67
[2026-09-20 22:15:34] Cliente ID 297 <- OK RESOURCE_RELEASED
[2026-09-20 22:15:34] Cliente ID 273 -> RESERVE bench_tcp_49
[2026-09-20 22:15:34] Cliente ID 310 -> RELEASE bench_tcp_87
[2026-09-20 22:15:34] Cliente ID 245 <- OK VALUE_UPDATED
[2026-09-20 22:15:34] Cliente ID 296 -> RELEASE bench_tcp_73
[2026-09-20 22:15:34] Cliente ID 290 -> RESERVE bench_tcp_65
[2026-09-20 22:15:34] Cliente ID 264 <- OK VALUE_UPDATED
[2026-09-20 22:15:34] Cliente ID 295 <- OK RESOURCE_RESERVED
[2026-09-20 22:15:34] Cliente ID 272 <- OK RESOURCE_RESERVED
[2026-09-20 22:15:34] Cliente ID 264 -> RESERVE bench_tcp_39
[2026-09-20 22:15:34] Cliente ID 295 -> RELEASE bench_tcp_70
[2026-09-20 22:15:34] Cliente ID 272 -> RELEASE bench_tcp_48
[2026-09-20 22:15:34] Cliente ID 235 <- OK VALUE_UPDATED
[2026-09-20 22:15:34] Cliente ID 301 -> RESERVE bench_tcp_76
[2026-09-20 22:15:34] Cliente ID 321 -> GET bench_tcp_98
[2026-09-20 22:15:34] Cliente ID 241 <- OK VALUE_UPDATED
[2026-09-20 22:15:34] Cliente ID 245 -> RESERVE bench_tcp_20
[2026-09-20 22:15:34] Cliente ID 269 -> RELEASE bench_tcp_44
[2026-09-20 22:15:34] Cliente ID 235 -> RESERVE bench_tcp_14
[2026-09-20 22:15:34] Cliente ID 241 -> RESERVE bench_tcp_17
[2026-09-20 22:15:34] Cliente ID 288 <- OK RESOURCE_RESERVED
[2026-09-20 22:15:34] Recursos do cliente ID 234 liberados automaticamente
[2026-09-20 22:15:34] Cliente ID 322 <- OK RESOURCE_RELEASED
[2026-09-20 22:15:34] Cliente ID 278 <- OK VALUE_UPDATED
[2026-09-20 22:15:34] Cliente ID 234 desconectado
[2026-09-20 22:15:34] Cliente ID 308 <- OK VALUE_UPDATED
[2026-09-20 22:15:34] Cliente ID 288 -> RELEASE bench_tcp_63
[2026-09-20 22:15:34] Cliente ID 308 -> RESERVE bench_tcp_84
[2026-09-20 22:15:34] Cliente ID 260 <- OK VALUE_UPDATED
[2026-09-20 22:15:34] Cliente ID 312 <- OK RESOURCE_CREATED
[2026-09-20 22:15:34] Cliente ID 260 -> RESERVE bench_tcp_36
[2026-09-20 22:15:34] Cliente ID 278 -> RESERVE bench_tcp_51
[2026-09-20 22:15:34] Cliente ID 312 -> GET bench_tcp_89
[2026-09-20 22:15:34] Cliente ID 306 <- OK VALUE_UPDATED
[2026-09-20 22:15:34] Cliente ID 306 -> RESERVE bench_tcp_81
[2026-09-20 22:15:34] Cliente ID 284 <- OK RESOURCE_RELEASED
[2026-09-20 22:15:34] Cliente ID 316 <- OK RESOURCE_RESERVED
[2026-09-20 22:15:34] Cliente ID 316 -> RELEASE bench_tcp_92
[2026-09-20 22:15:34] Cliente ID 288 <- OK RESOURCE_RELEASED
[2026-09-20 22:15:34] Recursos do cliente ID 322 liberados automaticamente
[2026-09-20 22:15:34] Recursos do cliente ID 325 liberados automaticamente
[2026-09-20 22:15:34] Cliente ID 267 <- OK RESOURCE_RESERVED
[2026-09-20 22:15:34] Cliente ID 322 desconectado
[2026-09-20 22:15:34] Cliente ID 325 desconectado
[2026-09-20 22:15:34] Recursos do cliente ID 244 liberados automaticamente
[2026-09-20 22:15:34] Cliente ID 244 desconectado
[2026-09-20 22:15:34] Cliente ID 267 -> RELEASE bench_tcp_42
[2026-09-20 22:15:34] Cliente ID 229 <- OK RESOURCE_RESERVED
[2026-09-20 22:15:34] Cliente ID 229 -> RELEASE bench_tcp_4
[2026-09-20 22:15:34] Cliente ID 271 <- OK RESOURCE_RELEASED
[2026-09-20 22:15:34] Cliente ID 267 <- OK RESOURCE_RELEASED
[2026-09-20 22:15:34] Cliente ID 226 <- OK RESOURCE_RELEASED
[2026-09-20 22:15:34] Recursos do cliente ID 250 liberados automaticamente
[2026-09-20 22:15:34] Cliente ID 250 desconectado
[2026-09-20 22:15:34] Recursos do cliente ID 268 liberados automaticamente
[2026-09-20 22:15:34] Cliente ID 268 desconectado
[2026-09-20 22:15:34] Cliente ID 270 <- OK RESOURCE_RELEASED
[2026-09-20 22:15:34] Cliente ID 287 <- OK VALUE 100
[2026-09-20 22:15:34] Cliente ID 318 <- OK VALUE 100
[2026-09-20 22:15:34] Cliente ID 287 -> SET bench_tcp_62 200
[2026-09-20 22:15:34] Cliente ID 318 -> SET bench_tcp_94 200
[2026-09-20 22:15:34] Cliente ID 247 <- OK RESOURCE_RESERVED
[2026-09-20 22:15:34] Cliente ID 305 <- OK RESOURCE_RESERVED
[2026-09-20 22:15:34] Cliente ID 313 <- OK RESOURCE_RELEASED
[2026-09-20 22:15:34] Cliente ID 305 -> RELEASE bench_tcp_80
[2026-09-20 22:15:34] Cliente ID 247 -> RELEASE bench_tcp_22
[2026-09-20 22:15:34] Cliente ID 287 <- OK VALUE_UPDATED
[2026-09-20 22:15:34] Cliente ID 287 -> RESERVE bench_tcp_62
[2026-09-20 22:15:34] Cliente ID 248 <- OK RESOURCE_RELEASED
[2026-09-20 22:15:34] Recursos do cliente ID 270 liberados automaticamente
[2026-09-20 22:15:34] Cliente ID 270 desconectado
[2026-09-20 22:15:34] Cliente ID 294 <- OK RESOURCE_RELEASED
[2026-09-20 22:15:34] Cliente ID 242 <- OK RESOURCE_RELEASED
[2026-09-20 22:15:34] Recursos do cliente ID 248 liberados automaticamente
[2026-09-20 22:15:34] Cliente ID 254 <- OK RESOURCE_RELEASED
[2026-09-20 22:15:34] Cliente ID 248 desconectado
[2026-09-20 22:15:34] Cliente ID 298 <- OK RESOURCE_RESERVED
[2026-09-20 22:15:34] Cliente ID 280 <- OK RESOURCE_RESERVED
[2026-09-20 22:15:34] Cliente ID 298 -> RELEASE bench_tcp_71
[2026-09-20 22:15:34] Cliente ID 280 -> RELEASE bench_tcp_55
[2026-09-20 22:15:34] Recursos do cliente ID 265 liberados automaticamente
[2026-09-20 22:15:34] Cliente ID 265 desconectado
[2026-09-20 22:15:34] Cliente ID 293 <- OK RESOURCE_RESERVED
[2026-09-20 22:15:34] Cliente ID 302 <- OK RESOURCE_RELEASED
[2026-09-20 22:15:34] Cliente ID 293 -> RELEASE bench_tcp_68
[2026-09-20 22:15:34] Recursos do cliente ID 239 liberados automaticamente
[2026-09-20 22:15:34] Cliente ID 239 desconectado
[2026-09-20 22:15:34] Cliente ID 309 <- OK RESOURCE_RELEASED
[2026-09-20 22:15:34] Cliente ID 256 <- OK RESOURCE_RESERVED
[2026-09-20 22:15:34] Cliente ID 276 <- OK RESOURCE_RESERVED
[2026-09-20 22:15:34] Recursos do cliente ID 315 liberados automaticamente
[2026-09-20 22:15:34] Cliente ID 315 desconectado
[2026-09-20 22:15:34] Cliente ID 276 -> RELEASE bench_tcp_52
[2026-09-20 22:15:34] Cliente ID 256 -> RELEASE bench_tcp_31
[2026-09-20 22:15:34] Cliente ID 263 <- OK RESOURCE_RESERVED
[2026-09-20 22:15:34] Cliente ID 263 -> RELEASE bench_tcp_33
[2026-09-20 22:15:34] Recursos do cliente ID 238 liberados automaticamente
[2026-09-20 22:15:34] Cliente ID 238 desconectado
[2026-09-20 22:15:34] Cliente ID 289 <- OK VALUE_UPDATED
[2026-09-20 22:15:34] Cliente ID 289 -> RESERVE bench_tcp_64
[2026-09-20 22:15:34] Cliente ID 275 <- OK VALUE_UPDATED
[2026-09-20 22:15:34] Cliente ID 257 <- OK RESOURCE_RELEASED
[2026-09-20 22:15:34] Cliente ID 275 -> RESERVE bench_tcp_50
[2026-09-20 22:15:34] Cliente ID 259 <- OK RESOURCE_RELEASED
[2026-09-20 22:15:34] Cliente ID 228 <- OK RESOURCE_RELEASED
[2026-09-20 22:15:34] Cliente ID 230 <- OK RESOURCE_RESERVED
[2026-09-20 22:15:34] Cliente ID 230 -> RELEASE bench_tcp_5
[2026-09-20 22:15:34] Recursos do cliente ID 283 liberados automaticamente
[2026-09-20 22:15:34] Cliente ID 283 desconectado
[2026-09-20 22:15:34] Cliente ID 311 <- OK RESOURCE_RESERVED
[2026-09-20 22:15:34] Cliente ID 311 -> RELEASE bench_tcp_86
[2026-09-20 22:15:34] Recursos do cliente ID 240 liberados automaticamente
[2026-09-20 22:15:34] Cliente ID 253 <- OK VALUE_UPDATED
[2026-09-20 22:15:34] Cliente ID 240 desconectado
[2026-09-20 22:15:34] Cliente ID 300 <- OK VALUE_UPDATED
[2026-09-20 22:15:34] Cliente ID 253 -> RESERVE bench_tcp_28
[2026-09-20 22:15:34] Cliente ID 282 <- OK RESOURCE_RESERVED
[2026-09-20 22:15:34] Cliente ID 291 <- OK RESOURCE_RESERVED
[2026-09-20 22:15:34] Cliente ID 300 -> RESERVE bench_tcp_75
[2026-09-20 22:15:34] Cliente ID 281 <- OK VALUE 100
[2026-09-20 22:15:34] Cliente ID 282 -> RELEASE bench_tcp_57
[2026-09-20 22:15:34] Cliente ID 320 <- OK RESOURCE_RESERVED
[2026-09-20 22:15:34] Cliente ID 291 -> RELEASE bench_tcp_66
[2026-09-20 22:15:34] Cliente ID 232 <- OK RESOURCE_RESERVED
[2026-09-20 22:15:34] Cliente ID 281 -> SET bench_tcp_56 200
[2026-09-20 22:15:34] Cliente ID 253 <- OK RESOURCE_RESERVED
[2026-09-20 22:15:34] Cliente ID 232 -> RELEASE bench_tcp_7
[2026-09-20 22:15:34] Cliente ID 253 -> RELEASE bench_tcp_28
[2026-09-20 22:15:34] Cliente ID 323 <- OK VALUE_UPDATED
[2026-09-20 22:15:34] Cliente ID 231 <- OK RESOURCE_RELEASED
[2026-09-20 22:15:34] Cliente ID 320 -> RELEASE bench_tcp_83
[2026-09-20 22:15:34] Cliente ID 227 <- OK RESOURCE_RESERVED
[2026-09-20 22:15:34] Cliente ID 323 -> RESERVE bench_tcp_99
[2026-09-20 22:15:34] Cliente ID 274 <- OK RESOURCE_RESERVED
[2026-09-20 22:15:34] Cliente ID 274 -> RELEASE bench_tcp_47
[2026-09-20 22:15:34] Cliente ID 266 <- OK VALUE_UPDATED
[2026-09-20 22:15:34] Cliente ID 227 -> RELEASE bench_tcp_2
[2026-09-20 22:15:34] Cliente ID 261 <- OK RESOURCE_RESERVED
[2026-09-20 22:15:34] Cliente ID 266 -> RESERVE bench_tcp_41
[2026-09-20 22:15:34] Cliente ID 261 -> RELEASE bench_tcp_37
[2026-09-20 22:15:34] Cliente ID 300 <- OK RESOURCE_RESERVED
[2026-09-20 22:15:34] Cliente ID 300 -> RELEASE bench_tcp_75
[2026-09-20 22:15:34] Cliente ID 304 <- OK VALUE_UPDATED
[2026-09-20 22:15:34] Cliente ID 304 -> RESERVE bench_tcp_79
[2026-09-20 22:15:34] Cliente ID 233 <- OK RESOURCE_RELEASED
[2026-09-20 22:15:34] Cliente ID 307 <- OK RESOURCE_RESERVED
[2026-09-20 22:15:34] Cliente ID 282 <- OK RESOURCE_RELEASED
[2026-09-20 22:15:34] Cliente ID 307 -> RELEASE bench_tcp_82
[2026-09-20 22:15:34] Cliente ID 303 <- OK RESOURCE_RESERVED
[2026-09-20 22:15:34] Cliente ID 303 -> RELEASE bench_tcp_78
[2026-09-20 22:15:34] Cliente ID 291 <- OK RESOURCE_RELEASED
[2026-09-20 22:15:34] Cliente ID 236 <- OK VALUE_UPDATED
[2026-09-20 22:15:34] Cliente ID 281 <- OK VALUE_UPDATED
[2026-09-20 22:15:34] Cliente ID 281 -> RESERVE bench_tcp_56
[2026-09-20 22:15:34] Cliente ID 286 <- OK RESOURCE_RESERVED
[2026-09-20 22:15:34] Cliente ID 236 -> RESERVE bench_tcp_9
[2026-09-20 22:15:34] Cliente ID 246 <- OK RESOURCE_RELEASED
[2026-09-20 22:15:34] Recursos do cliente ID 262 liberados automaticamente
[2026-09-20 22:15:34] Cliente ID 262 desconectado
[2026-09-20 22:15:34] Cliente ID 286 -> RELEASE bench_tcp_61
[2026-09-20 22:15:34] Cliente ID 286 <- OK RESOURCE_RELEASED
[2026-09-20 22:15:34] Recursos do cliente ID 286 liberados automaticamente
[2026-09-20 22:15:34] Cliente ID 286 desconectado
[2026-09-20 22:15:34] Cliente ID 277 <- OK RESOURCE_RELEASED
[2026-09-20 22:15:34] Cliente ID 279 <- OK RESOURCE_RESERVED
[2026-09-20 22:15:34] Cliente ID 279 -> RELEASE bench_tcp_54
[2026-09-20 22:15:34] Cliente ID 251 <- OK RESOURCE_RELEASED
[2026-09-20 22:15:34] Cliente ID 285 <- OK RESOURCE_RESERVED
[2026-09-20 22:15:34] Cliente ID 285 -> RELEASE bench_tcp_60
[2026-09-20 22:15:34] Recursos do cliente ID 277 liberados automaticamente
[2026-09-20 22:15:34] Cliente ID 277 desconectado
[2026-09-20 22:15:34] Recursos do cliente ID 237 liberados automaticamente
[2026-09-20 22:15:34] Cliente ID 237 desconectado
[2026-09-20 22:15:34] Cliente ID 292 <- OK RESOURCE_RELEASED
[2026-09-20 22:15:34] Cliente ID 310 <- OK RESOURCE_RELEASED
[2026-09-20 22:15:34] Cliente ID 273 <- OK RESOURCE_RESERVED
[2026-09-20 22:15:34] Cliente ID 296 <- OK RESOURCE_RELEASED
[2026-09-20 22:15:34] Cliente ID 273 -> RELEASE bench_tcp_49
[2026-09-20 22:15:34] Cliente ID 290 <- OK RESOURCE_RESERVED
[2026-09-20 22:15:34] Recursos do cliente ID 297 liberados automaticamente
[2026-09-20 22:15:34] Cliente ID 297 desconectado
[2026-09-20 22:15:34] Cliente ID 321 <- OK VALUE 100
[2026-09-20 22:15:34] Cliente ID 290 -> RELEASE bench_tcp_65
[2026-09-20 22:15:34] Cliente ID 321 -> SET bench_tcp_98 200
[2026-09-20 22:15:34] Cliente ID 295 <- OK RESOURCE_RELEASED
[2026-09-20 22:15:34] Cliente ID 269 <- OK RESOURCE_RELEASED
[2026-09-20 22:15:34] Cliente ID 264 <- OK RESOURCE_RESERVED
[2026-09-20 22:15:34] Cliente ID 272 <- OK RESOURCE_RELEASED
[2026-09-20 22:15:34] Cliente ID 245 <- OK RESOURCE_RESERVED
[2026-09-20 22:15:34] Cliente ID 264 -> RELEASE bench_tcp_39
[2026-09-20 22:15:34] Cliente ID 245 -> RELEASE bench_tcp_20
[2026-09-20 22:15:34] Cliente ID 235 <- OK RESOURCE_RESERVED
[2026-09-20 22:15:34] Cliente ID 290 <- OK RESOURCE_RELEASED
[2026-09-20 22:15:34] Cliente ID 241 <- OK RESOURCE_RESERVED
[2026-09-20 22:15:34] Cliente ID 308 <- OK RESOURCE_RESERVED
[2026-09-20 22:15:34] Cliente ID 235 -> RELEASE bench_tcp_14
[2026-09-20 22:15:34] Cliente ID 321 <- OK VALUE_UPDATED
[2026-09-20 22:15:34] Recursos do cliente ID 269 liberados automaticamente
[2026-09-20 22:15:34] Cliente ID 301 <- OK RESOURCE_RESERVED
[2026-09-20 22:15:34] Cliente ID 260 <- OK RESOURCE_RESERVED
[2026-09-20 22:15:34] Cliente ID 312 <- OK VALUE 100
[2026-09-20 22:15:34] Cliente ID 278 <- OK RESOURCE_RESERVED
[2026-09-20 22:15:34] Cliente ID 269 desconectado
[2026-09-20 22:15:34] Cliente ID 241 -> RELEASE bench_tcp_17
[2026-09-20 22:15:34] Cliente ID 321 -> RESERVE bench_tcp_98
[2026-09-20 22:15:34] Cliente ID 301 -> RELEASE bench_tcp_76
[2026-09-20 22:15:34] Cliente ID 308 -> RELEASE bench_tcp_84
[2026-09-20 22:15:34] Cliente ID 312 -> SET bench_tcp_89 200
[2026-09-20 22:15:34] Recursos do cliente ID 284 liberados automaticamente
[2026-09-20 22:15:34] Cliente ID 284 desconectado
[2026-09-20 22:15:34] Cliente ID 260 -> RELEASE bench_tcp_36
[2026-09-20 22:15:34] Cliente ID 278 -> RELEASE bench_tcp_51
[2026-09-20 22:15:34] Cliente ID 306 <- OK RESOURCE_RESERVED
[2026-09-20 22:15:34] Cliente ID 306 -> RELEASE bench_tcp_81
[2026-09-20 22:15:34] Cliente ID 260 <- OK RESOURCE_RELEASED
[2026-09-20 22:15:34] Recursos do cliente ID 288 liberados automaticamente
[2026-09-20 22:15:34] Cliente ID 288 desconectado
[2026-09-20 22:15:34] Cliente ID 229 <- OK RESOURCE_RELEASED
[2026-09-20 22:15:34] Cliente ID 316 <- OK RESOURCE_RELEASED
[2026-09-20 22:15:34] Cliente ID 278 <- OK RESOURCE_RELEASED
[2026-09-20 22:15:34] Recursos do cliente ID 260 liberados automaticamente
[2026-09-20 22:15:34] Recursos do cliente ID 267 liberados automaticamente
[2026-09-20 22:15:34] Recursos do cliente ID 226 liberados automaticamente
[2026-09-20 22:15:34] Cliente ID 260 desconectado
[2026-09-20 22:15:34] Cliente ID 267 desconectado
[2026-09-20 22:15:34] Cliente ID 318 <- OK VALUE_UPDATED
[2026-09-20 22:15:34] Cliente ID 226 desconectado
[2026-09-20 22:15:34] Cliente ID 318 -> RESERVE bench_tcp_94
[2026-09-20 22:15:34] Recursos do cliente ID 313 liberados automaticamente
[2026-09-20 22:15:34] Cliente ID 313 desconectado
[2026-09-20 22:15:34] Cliente ID 258 <- OK RESOURCE_RELEASED
[2026-09-20 22:15:34] Cliente ID 305 <- OK RESOURCE_RELEASED
[2026-09-20 22:15:34] Cliente ID 318 <- OK RESOURCE_RESERVED
[2026-09-20 22:15:34] Cliente ID 247 <- OK RESOURCE_RELEASED
[2026-09-20 22:15:34] Cliente ID 318 -> RELEASE bench_tcp_94
[2026-09-20 22:15:34] Cliente ID 287 <- OK RESOURCE_RESERVED
[2026-09-20 22:15:34] Cliente ID 287 -> RELEASE bench_tcp_62
[2026-09-20 22:15:34] Recursos do cliente ID 249 liberados automaticamente
[2026-09-20 22:15:34] Cliente ID 249 desconectado
[2026-09-20 22:15:34] Recursos do cliente ID 242 liberados automaticamente
[2026-09-20 22:15:34] Recursos do cliente ID 294 liberados automaticamente
[2026-09-20 22:15:34] Recursos do cliente ID 254 liberados automaticamente
[2026-09-20 22:15:34] Cliente ID 294 desconectado
[2026-09-20 22:15:34] Cliente ID 254 desconectado
[2026-09-20 22:15:34] Cliente ID 242 desconectado
[2026-09-20 22:15:34] Cliente ID 298 <- OK RESOURCE_RELEASED
[2026-09-20 22:15:34] Cliente ID 280 <- OK RESOURCE_RELEASED
[2026-09-20 22:15:34] Cliente ID 293 <- OK RESOURCE_RELEASED
[2026-09-20 22:15:34] Recursos do cliente ID 302 liberados automaticamente
[2026-09-20 22:15:34] Cliente ID 302 desconectado
[2026-09-20 22:15:34] Recursos do cliente ID 309 liberados automaticamente
[2026-09-20 22:15:34] Cliente ID 309 desconectado
[2026-09-20 22:15:34] Cliente ID 276 <- OK RESOURCE_RELEASED
[2026-09-20 22:15:34] Recursos do cliente ID 293 liberados automaticamente
[2026-09-20 22:15:34] Cliente ID 263 <- OK RESOURCE_RELEASED
[2026-09-20 22:15:34] Cliente ID 293 desconectado
[2026-09-20 22:15:34] Cliente ID 289 <- OK RESOURCE_RESERVED
[2026-09-20 22:15:34] Recursos do cliente ID 257 liberados automaticamente
[2026-09-20 22:15:34] Cliente ID 257 desconectado
[2026-09-20 22:15:34] Cliente ID 230 <- OK RESOURCE_RELEASED
[2026-09-20 22:15:34] Cliente ID 289 -> RELEASE bench_tcp_64
[2026-09-20 22:15:34] Cliente ID 275 <- OK RESOURCE_RESERVED
[2026-09-20 22:15:34] Recursos do cliente ID 228 liberados automaticamente
[2026-09-20 22:15:34] Cliente ID 228 desconectado
[2026-09-20 22:15:34] Cliente ID 275 -> RELEASE bench_tcp_50
[2026-09-20 22:15:34] Recursos do cliente ID 259 liberados automaticamente
[2026-09-20 22:15:34] Cliente ID 259 desconectado
[2026-09-20 22:15:34] Cliente ID 311 <- OK RESOURCE_RELEASED
[2026-09-20 22:15:34] Cliente ID 232 <- OK RESOURCE_RELEASED
[2026-09-20 22:15:34] Cliente ID 253 <- OK RESOURCE_RELEASED
[2026-09-20 22:15:34] Cliente ID 320 <- OK RESOURCE_RELEASED
[2026-09-20 22:15:34] Cliente ID 323 <- OK RESOURCE_RESERVED
[2026-09-20 22:15:34] Cliente ID 323 -> RELEASE bench_tcp_99
[2026-09-20 22:15:34] Recursos do cliente ID 231 liberados automaticamente
[2026-09-20 22:15:34] Cliente ID 231 desconectado
[2026-09-20 22:15:34] Cliente ID 227 <- OK RESOURCE_RELEASED
[2026-09-20 22:15:34] Cliente ID 274 <- OK RESOURCE_RELEASED
[2026-09-20 22:15:34] Recursos do cliente ID 227 liberados automaticamente
[2026-09-20 22:15:34] Cliente ID 227 desconectado
[2026-09-20 22:15:34] Cliente ID 266 <- OK RESOURCE_RESERVED
[2026-09-20 22:15:34] Cliente ID 300 <- OK RESOURCE_RELEASED
[2026-09-20 22:15:34] Cliente ID 266 -> RELEASE bench_tcp_41
[2026-09-20 22:15:34] Cliente ID 261 <- OK RESOURCE_RELEASED
[2026-09-20 22:15:34] Cliente ID 307 <- OK RESOURCE_RELEASED
[2026-09-20 22:15:34] Recursos do cliente ID 282 liberados automaticamente
[2026-09-20 22:15:34] Cliente ID 282 desconectado
[2026-09-20 22:15:34] Cliente ID 303 <- OK RESOURCE_RELEASED
[2026-09-20 22:15:34] Recursos do cliente ID 307 liberados automaticamente
[2026-09-20 22:15:34] Recursos do cliente ID 291 liberados automaticamente
[2026-09-20 22:15:34] Cliente ID 307 desconectado
[2026-09-20 22:15:34] Cliente ID 291 desconectado
[2026-09-20 22:15:34] Cliente ID 236 <- OK RESOURCE_RESERVED
[2026-09-20 22:15:34] Cliente ID 236 -> RELEASE bench_tcp_9
[2026-09-20 22:15:34] Recursos do cliente ID 246 liberados automaticamente
[2026-09-20 22:15:34] Cliente ID 246 desconectado
[2026-09-20 22:15:34] Cliente ID 281 <- OK RESOURCE_RESERVED
[2026-09-20 22:15:34] Cliente ID 281 -> RELEASE bench_tcp_56
[2026-09-20 22:15:34] Cliente ID 317 <- OK RESOURCE_RESERVED
[2026-09-20 22:15:34] Recursos do cliente ID 251 liberados automaticamente
[2026-09-20 22:15:34] Cliente ID 279 <- OK RESOURCE_RELEASED
[2026-09-20 22:15:34] Cliente ID 317 -> RELEASE bench_tcp_93
[2026-09-20 22:15:34] Cliente ID 251 desconectado
[2026-09-20 22:15:34] Cliente ID 285 <- OK RESOURCE_RELEASED
[2026-09-20 22:15:34] Cliente ID 317 <- OK RESOURCE_RELEASED
[2026-09-20 22:15:34] Recursos do cliente ID 292 liberados automaticamente
[2026-09-20 22:15:34] Cliente ID 292 desconectado
[2026-09-20 22:15:34] Cliente ID 273 <- OK RESOURCE_RELEASED
[2026-09-20 22:15:34] Recursos do cliente ID 310 liberados automaticamente
[2026-09-20 22:15:34] Recursos do cliente ID 296 liberados automaticamente
[2026-09-20 22:15:34] Cliente ID 296 desconectado
[2026-09-20 22:15:34] Cliente ID 299 <- OK RESOURCE_CREATED
[2026-09-20 22:15:34] Cliente ID 310 desconectado
[2026-09-20 22:15:34] Cliente ID 299 -> GET bench_tcp_72
[2026-09-20 22:15:34] Recursos do cliente ID 295 liberados automaticamente
[2026-09-20 22:15:34] Cliente ID 295 desconectado
[2026-09-20 22:15:34] Recursos do cliente ID 272 liberados automaticamente
[2026-09-20 22:15:34] Cliente ID 272 desconectado
[2026-09-20 22:15:34] Recursos do cliente ID 290 liberados automaticamente
[2026-09-20 22:15:34] Cliente ID 290 desconectado
[2026-09-20 22:15:34] Cliente ID 245 <- OK RESOURCE_RELEASED
[2026-09-20 22:15:34] Recursos do cliente ID 271 liberados automaticamente
[2026-09-20 22:15:34] Cliente ID 271 desconectado
[2026-09-20 22:15:34] Cliente ID 264 <- OK RESOURCE_RELEASED
[2026-09-20 22:15:34] Cliente ID 306 <- OK RESOURCE_RELEASED
[2026-09-20 22:15:34] Recursos do cliente ID 229 liberados automaticamente
[2026-09-20 22:15:34] Cliente ID 229 desconectado
[2026-09-20 22:15:34] Recursos do cliente ID 316 liberados automaticamente
[2026-09-20 22:15:34] Cliente ID 316 desconectado
[2026-09-20 22:15:34] Cliente ID 235 <- OK RESOURCE_RELEASED
[2026-09-20 22:15:34] Cliente ID 241 <- OK RESOURCE_RELEASED
[2026-09-20 22:15:34] Cliente ID 321 <- OK RESOURCE_RESERVED
[2026-09-20 22:15:34] Cliente ID 308 <- OK RESOURCE_RELEASED
[2026-09-20 22:15:34] Cliente ID 321 -> RELEASE bench_tcp_98
[2026-09-20 22:15:34] Cliente ID 301 <- OK RESOURCE_RELEASED
[2026-09-20 22:15:34] Cliente ID 312 <- OK VALUE_UPDATED
[2026-09-20 22:15:34] Cliente ID 312 -> RESERVE bench_tcp_89
[2026-09-20 22:15:34] Recursos do cliente ID 278 liberados automaticamente
[2026-09-20 22:15:34] Cliente ID 278 desconectado
[2026-09-20 22:15:34] Recursos do cliente ID 301 liberados automaticamente
[2026-09-20 22:15:34] Cliente ID 301 desconectado
[2026-09-20 22:15:34] Recursos do cliente ID 258 liberados automaticamente
[2026-09-20 22:15:34] Cliente ID 258 desconectado
[2026-09-20 22:15:34] Recursos do cliente ID 247 liberados automaticamente
[2026-09-20 22:15:34] Cliente ID 247 desconectado
[2026-09-20 22:15:34] Cliente ID 318 <- OK RESOURCE_RELEASED
[2026-09-20 22:15:34] Cliente ID 287 <- OK RESOURCE_RELEASED
[2026-09-20 22:15:34] Recursos do cliente ID 298 liberados automaticamente
[2026-09-20 22:15:34] Cliente ID 298 desconectado
[2026-09-20 22:15:34] Recursos do cliente ID 280 liberados automaticamente
[2026-09-20 22:15:34] Cliente ID 280 desconectado
[2026-09-20 22:15:34] Cliente ID 256 <- OK RESOURCE_RELEASED
[2026-09-20 22:15:34] Recursos do cliente ID 276 liberados automaticamente
[2026-09-20 22:15:34] Cliente ID 276 desconectado
[2026-09-20 22:15:34] Recursos do cliente ID 263 liberados automaticamente
[2026-09-20 22:15:34] Cliente ID 263 desconectado
[2026-09-20 22:15:34] Cliente ID 289 <- OK RESOURCE_RELEASED
[2026-09-20 22:15:34] Recursos do cliente ID 230 liberados automaticamente
[2026-09-20 22:15:34] Cliente ID 230 desconectado
[2026-09-20 22:15:34] Cliente ID 275 <- OK RESOURCE_RELEASED
[2026-09-20 22:15:34] Recursos do cliente ID 311 liberados automaticamente
[2026-09-20 22:15:34] Cliente ID 311 desconectado
[2026-09-20 22:15:34] Recursos do cliente ID 275 liberados automaticamente
[2026-09-20 22:15:34] Cliente ID 275 desconectado
[2026-09-20 22:15:34] Recursos do cliente ID 253 liberados automaticamente
[2026-09-20 22:15:34] Cliente ID 253 desconectado
[2026-09-20 22:15:34] Recursos do cliente ID 320 liberados automaticamente
[2026-09-20 22:15:34] Cliente ID 320 desconectado
[2026-09-20 22:15:34] Cliente ID 323 <- OK RESOURCE_RELEASED
[2026-09-20 22:15:34] Cliente ID 304 <- OK RESOURCE_RESERVED
[2026-09-20 22:15:34] Cliente ID 304 -> RELEASE bench_tcp_79
[2026-09-20 22:15:34] Recursos do cliente ID 274 liberados automaticamente
[2026-09-20 22:15:34] Cliente ID 274 desconectado
[2026-09-20 22:15:34] Cliente ID 266 <- OK RESOURCE_RELEASED
[2026-09-20 22:15:34] Recursos do cliente ID 323 liberados automaticamente
[2026-09-20 22:15:34] Cliente ID 323 desconectado
[2026-09-20 22:15:34] Recursos do cliente ID 261 liberados automaticamente
[2026-09-20 22:15:34] Cliente ID 261 desconectado
[2026-09-20 22:15:34] Recursos do cliente ID 233 liberados automaticamente
[2026-09-20 22:15:34] Cliente ID 233 desconectado
[2026-09-20 22:15:34] Recursos do cliente ID 303 liberados automaticamente
[2026-09-20 22:15:34] Cliente ID 303 desconectado
[2026-09-20 22:15:34] Cliente ID 236 <- OK RESOURCE_RELEASED
[2026-09-20 22:15:34] Cliente ID 281 <- OK RESOURCE_RELEASED
[2026-09-20 22:15:34] Recursos do cliente ID 236 liberados automaticamente
[2026-09-20 22:15:34] Cliente ID 236 desconectado
[2026-09-20 22:15:34] Recursos do cliente ID 285 liberados automaticamente
[2026-09-20 22:15:34] Cliente ID 285 desconectado
[2026-09-20 22:15:34] Recursos do cliente ID 317 liberados automaticamente
[2026-09-20 22:15:34] Cliente ID 317 desconectado
[2026-09-20 22:15:34] Recursos do cliente ID 273 liberados automaticamente
[2026-09-20 22:15:34] Cliente ID 273 desconectado
[2026-09-20 22:15:34] Cliente ID 299 <- OK VALUE 100
[2026-09-20 22:15:34] Cliente ID 299 -> SET bench_tcp_72 200
[2026-09-20 22:15:34] Recursos do cliente ID 264 liberados automaticamente
[2026-09-20 22:15:34] Cliente ID 264 desconectado
[2026-09-20 22:15:34] Recursos do cliente ID 245 liberados automaticamente
[2026-09-20 22:15:34] Cliente ID 245 desconectado
[2026-09-20 22:15:34] Recursos do cliente ID 306 liberados automaticamente
[2026-09-20 22:15:34] Cliente ID 306 desconectado
[2026-09-20 22:15:34] Recursos do cliente ID 235 liberados automaticamente
[2026-09-20 22:15:34] Cliente ID 235 desconectado
[2026-09-20 22:15:34] Cliente ID 321 <- OK RESOURCE_RELEASED
[2026-09-20 22:15:34] Recursos do cliente ID 308 liberados automaticamente
[2026-09-20 22:15:34] Cliente ID 308 desconectado
[2026-09-20 22:15:34] Recursos do cliente ID 241 liberados automaticamente
[2026-09-20 22:15:34] Cliente ID 241 desconectado
[2026-09-20 22:15:34] Cliente ID 312 <- OK RESOURCE_RESERVED
[2026-09-20 22:15:34] Cliente ID 312 -> RELEASE bench_tcp_89
[2026-09-20 22:15:34] Recursos do cliente ID 305 liberados automaticamente
[2026-09-20 22:15:34] Cliente ID 305 desconectado
[2026-09-20 22:15:34] Recursos do cliente ID 287 liberados automaticamente
[2026-09-20 22:15:34] Cliente ID 287 desconectado
[2026-09-20 22:15:34] Recursos do cliente ID 318 liberados automaticamente
[2026-09-20 22:15:34] Cliente ID 318 desconectado
[2026-09-20 22:15:34] Recursos do cliente ID 256 liberados automaticamente
[2026-09-20 22:15:34] Cliente ID 256 desconectado
[2026-09-20 22:15:34] Recursos do cliente ID 289 liberados automaticamente
[2026-09-20 22:15:34] Cliente ID 289 desconectado
[2026-09-20 22:15:34] Recursos do cliente ID 232 liberados automaticamente
[2026-09-20 22:15:34] Cliente ID 232 desconectado
[2026-09-20 22:15:34] Cliente ID 304 <- OK RESOURCE_RELEASED
[2026-09-20 22:15:34] Recursos do cliente ID 300 liberados automaticamente
[2026-09-20 22:15:34] Cliente ID 300 desconectado
[2026-09-20 22:15:34] Recursos do cliente ID 266 liberados automaticamente
[2026-09-20 22:15:34] Cliente ID 266 desconectado
[2026-09-20 22:15:34] Recursos do cliente ID 279 liberados automaticamente
[2026-09-20 22:15:34] Cliente ID 279 desconectado
[2026-09-20 22:15:34] Recursos do cliente ID 281 liberados automaticamente
[2026-09-20 22:15:34] Cliente ID 281 desconectado
[2026-09-20 22:15:34] Cliente ID 299 <- OK VALUE_UPDATED
[2026-09-20 22:15:34] Cliente ID 299 -> RESERVE bench_tcp_72
[2026-09-20 22:15:34] Recursos do cliente ID 321 liberados automaticamente
[2026-09-20 22:15:34] Cliente ID 321 desconectado
[2026-09-20 22:15:34] Cliente ID 312 <- OK RESOURCE_RELEASED
[2026-09-20 22:15:34] Recursos do cliente ID 304 liberados automaticamente
[2026-09-20 22:15:34] Cliente ID 304 desconectado
[2026-09-20 22:15:34] Recursos do cliente ID 312 liberados automaticamente
[2026-09-20 22:15:34] Cliente ID 299 <- OK RESOURCE_RESERVED
[2026-09-20 22:15:34] Cliente ID 312 desconectado
[2026-09-20 22:15:34] Cliente ID 299 -> RELEASE bench_tcp_72
[2026-09-20 22:15:34] Cliente ID 299 <- OK RESOURCE_RELEASED
[2026-09-20 22:15:34] Recursos do cliente ID 299 liberados automaticamente
[2026-09-20 22:15:34] Cliente ID 299 desconectado
[2026-09-20 22:39:59] Cliente ID 1 conectado
[2026-09-20 22:39:59] Cliente ID 2 conectado
[2026-09-20 22:39:59] Cliente ID 1 -> LOGIN andreia 1234
[2026-09-20 22:39:59] Cliente ID 1 <- OK AUTHENTICATED
[2026-09-20 22:39:59] Cliente ID 3 conectado
[2026-09-20 22:39:59] Cliente ID 4 conectado
[2026-09-20 22:39:59] Cliente ID 2 -> LOGIN andreia 1234
[2026-09-20 22:39:59] Cliente ID 2 <- OK AUTHENTICATED
[2026-09-20 22:39:59] Cliente ID 4 -> LOGIN andreia 1234
[2026-09-20 22:39:59] Cliente ID 4 <- OK AUTHENTICATED
[2026-09-20 22:39:59] Cliente ID 5 conectado
[2026-09-20 22:39:59] Cliente ID 3 -> LOGIN andreia 1234
[2026-09-20 22:39:59] Cliente ID 3 <- OK AUTHENTICATED
[2026-09-20 22:39:59] Cliente ID 5 -> LOGIN andreia 1234
[2026-09-20 22:39:59] Cliente ID 5 <- OK AUTHENTICATED
[2026-09-20 22:39:59] Cliente ID 4 -> CREATE bench_tcp_4 100
[2026-09-20 22:39:59] Cliente ID 5 -> CREATE bench_tcp_5 100
[2026-09-20 22:39:59] Cliente ID 2 -> CREATE bench_tcp_2 100
[2026-09-20 22:39:59] Cliente ID 3 -> CREATE bench_tcp_3 100
[2026-09-20 22:39:59] Cliente ID 5 <- OK RESOURCE_CREATED
[2026-09-20 22:39:59] Cliente ID 1 -> CREATE bench_tcp_1 100
[2026-09-20 22:39:59] Cliente ID 4 <- OK RESOURCE_CREATED
[2026-09-20 22:39:59] Cliente ID 5 -> GET bench_tcp_5
[2026-09-20 22:39:59] Cliente ID 5 <- OK VALUE 100
[2026-09-20 22:39:59] Cliente ID 4 -> GET bench_tcp_4
[2026-09-20 22:39:59] Cliente ID 4 <- OK VALUE 100
[2026-09-20 22:39:59] Cliente ID 4 -> SET bench_tcp_4 200
[2026-09-20 22:39:59] Cliente ID 5 -> SET bench_tcp_5 200
[2026-09-20 22:39:59] Cliente ID 2 <- OK RESOURCE_CREATED
[2026-09-20 22:39:59] Cliente ID 5 <- OK VALUE_UPDATED
[2026-09-20 22:39:59] Cliente ID 2 -> GET bench_tcp_2
[2026-09-20 22:39:59] Cliente ID 2 <- OK VALUE 100
[2026-09-20 22:39:59] Cliente ID 3 <- OK RESOURCE_CREATED
[2026-09-20 22:39:59] Cliente ID 2 -> SET bench_tcp_2 200
[2026-09-20 22:39:59] Cliente ID 5 -> RESERVE bench_tcp_5
[2026-09-20 22:39:59] Cliente ID 1 <- OK RESOURCE_CREATED
[2026-09-20 22:39:59] Cliente ID 3 -> GET bench_tcp_3
[2026-09-20 22:39:59] Cliente ID 3 <- OK VALUE 100
[2026-09-20 22:39:59] Cliente ID 1 -> GET bench_tcp_1
[2026-09-20 22:39:59] Cliente ID 1 <- OK VALUE 100
[2026-09-20 22:39:59] Cliente ID 1 -> SET bench_tcp_1 200
[2026-09-20 22:39:59] Cliente ID 3 -> SET bench_tcp_3 200
[2026-09-20 22:39:59] Cliente ID 2 <- OK VALUE_UPDATED
[2026-09-20 22:39:59] Cliente ID 2 -> RESERVE bench_tcp_2
[2026-09-20 22:39:59] Cliente ID 4 <- OK VALUE_UPDATED
[2026-09-20 22:39:59] Cliente ID 4 -> RESERVE bench_tcp_4
[2026-09-20 22:39:59] Cliente ID 5 <- OK RESOURCE_RESERVED
[2026-09-20 22:39:59] Cliente ID 5 -> RELEASE bench_tcp_5
[2026-09-20 22:39:59] Cliente ID 1 <- OK VALUE_UPDATED
[2026-09-20 22:39:59] Cliente ID 1 -> RESERVE bench_tcp_1
[2026-09-20 22:39:59] Cliente ID 3 <- OK VALUE_UPDATED
[2026-09-20 22:39:59] Cliente ID 3 -> RESERVE bench_tcp_3
[2026-09-20 22:39:59] Cliente ID 2 <- OK RESOURCE_RESERVED
[2026-09-20 22:39:59] Cliente ID 2 -> RELEASE bench_tcp_2
[2026-09-20 22:39:59] Cliente ID 4 <- OK RESOURCE_RESERVED
[2026-09-20 22:39:59] Cliente ID 4 -> RELEASE bench_tcp_4
[2026-09-20 22:39:59] Cliente ID 5 <- OK RESOURCE_RELEASED
[2026-09-20 22:39:59] Cliente ID 1 <- OK RESOURCE_RESERVED
[2026-09-20 22:39:59] Cliente ID 1 -> RELEASE bench_tcp_1
[2026-09-20 22:39:59] Cliente ID 3 <- OK RESOURCE_RESERVED
[2026-09-20 22:39:59] Cliente ID 3 -> RELEASE bench_tcp_3
[2026-09-20 22:39:59] Cliente ID 2 <- OK RESOURCE_RELEASED
[2026-09-20 22:39:59] Cliente ID 4 <- OK RESOURCE_RELEASED
[2026-09-20 22:39:59] Recursos do cliente ID 5 liberados automaticamente
[2026-09-20 22:39:59] Cliente ID 3 <- OK RESOURCE_RELEASED
[2026-09-20 22:39:59] Cliente ID 1 <- OK RESOURCE_RELEASED
[2026-09-20 22:39:59] Cliente ID 5 desconectado
[2026-09-20 22:39:59] Recursos do cliente ID 2 liberados automaticamente
[2026-09-20 22:39:59] Cliente ID 2 desconectado
[2026-09-20 22:39:59] Recursos do cliente ID 1 liberados automaticamente
[2026-09-20 22:39:59] Cliente ID 1 desconectado
[2026-09-20 22:39:59] Recursos do cliente ID 3 liberados automaticamente
[2026-09-20 22:39:59] Cliente ID 3 desconectado
[2026-09-20 22:39:59] Recursos do cliente ID 4 liberados automaticamente
[2026-09-20 22:39:59] Cliente ID 4 desconectado
[2026-09-20 22:40:00] Cliente ID 6 conectado
[2026-09-20 22:40:00] Cliente ID 6 -> LOGIN andreia 1234
[2026-09-20 22:40:00] Cliente ID 6 <- OK AUTHENTICATED
[2026-09-20 22:40:00] Cliente ID 7 conectado
[2026-09-20 22:40:00] Cliente ID 7 -> LOGIN andreia 1234
[2026-09-20 22:40:00] Cliente ID 7 <- OK AUTHENTICATED
[2026-09-20 22:40:00] Cliente ID 8 conectado
[2026-09-20 22:40:00] Cliente ID 8 -> LOGIN andreia 1234
[2026-09-20 22:40:00] Cliente ID 8 <- OK AUTHENTICATED
[2026-09-20 22:40:00] Cliente ID 9 conectado
[2026-09-20 22:40:00] Cliente ID 10 conectado
[2026-09-20 22:40:00] Cliente ID 10 -> LOGIN andreia 1234
[2026-09-20 22:40:00] Cliente ID 10 <- OK AUTHENTICATED
[2026-09-20 22:40:00] Cliente ID 9 -> LOGIN andreia 1234
[2026-09-20 22:40:00] Cliente ID 9 <- OK AUTHENTICATED
[2026-09-20 22:40:00] Cliente ID 11 conectado
[2026-09-20 22:40:00] Cliente ID 11 -> LOGIN andreia 1234
[2026-09-20 22:40:00] Cliente ID 11 <- OK AUTHENTICATED
[2026-09-20 22:40:00] Cliente ID 12 conectado
[2026-09-20 22:40:00] Cliente ID 12 -> LOGIN andreia 1234
[2026-09-20 22:40:00] Cliente ID 12 <- OK AUTHENTICATED
[2026-09-20 22:40:00] Cliente ID 13 conectado
[2026-09-20 22:40:00] Cliente ID 13 -> LOGIN andreia 1234
[2026-09-20 22:40:00] Cliente ID 13 <- OK AUTHENTICATED
[2026-09-20 22:40:00] Cliente ID 14 conectado
[2026-09-20 22:40:00] Cliente ID 15 conectado
[2026-09-20 22:40:00] Cliente ID 14 -> LOGIN andreia 1234
[2026-09-20 22:40:00] Cliente ID 14 <- OK AUTHENTICATED
[2026-09-20 22:40:00] Cliente ID 15 -> LOGIN andreia 1234
[2026-09-20 22:40:00] Cliente ID 15 <- OK AUTHENTICATED
[2026-09-20 22:40:00] Cliente ID 13 -> CREATE bench_tcp_8 100
[2026-09-20 22:40:00] Cliente ID 13 <- OK RESOURCE_CREATED
[2026-09-20 22:40:00] Cliente ID 10 -> CREATE bench_tcp_5 100
[2026-09-20 22:40:00] Cliente ID 10 <- ERROR RESOURCE_ALREADY_EXISTS
[2026-09-20 22:40:00] Cliente ID 7 -> CREATE bench_tcp_2 100
[2026-09-20 22:40:00] Cliente ID 7 <- ERROR RESOURCE_ALREADY_EXISTS
[2026-09-20 22:40:00] Cliente ID 9 -> CREATE bench_tcp_4 100
[2026-09-20 22:40:00] Cliente ID 9 <- ERROR RESOURCE_ALREADY_EXISTS
[2026-09-20 22:40:00] Cliente ID 9 -> GET bench_tcp_4
[2026-09-20 22:40:00] Cliente ID 9 <- OK VALUE 200
[2026-09-20 22:40:00] Cliente ID 10 -> GET bench_tcp_5
[2026-09-20 22:40:00] Cliente ID 10 <- OK VALUE 200
[2026-09-20 22:40:00] Cliente ID 12 -> CREATE bench_tcp_7 100
[2026-09-20 22:40:00] Cliente ID 12 <- OK RESOURCE_CREATED
[2026-09-20 22:40:00] Cliente ID 15 -> CREATE bench_tcp_10 100
[2026-09-20 22:40:00] Cliente ID 15 <- OK RESOURCE_CREATED
[2026-09-20 22:40:00] Cliente ID 14 -> CREATE bench_tcp_9 100
[2026-09-20 22:40:00] Cliente ID 13 -> GET bench_tcp_8
[2026-09-20 22:40:00] Cliente ID 13 <- OK VALUE 100
[2026-09-20 22:40:00] Cliente ID 13 -> SET bench_tcp_8 200
[2026-09-20 22:40:00] Cliente ID 8 -> CREATE bench_tcp_3 100
[2026-09-20 22:40:00] Cliente ID 8 <- ERROR RESOURCE_ALREADY_EXISTS
[2026-09-20 22:40:00] Cliente ID 6 -> CREATE bench_tcp_1 100
[2026-09-20 22:40:00] Cliente ID 6 <- ERROR RESOURCE_ALREADY_EXISTS
[2026-09-20 22:40:00] Cliente ID 8 -> GET bench_tcp_3
[2026-09-20 22:40:00] Cliente ID 8 <- OK VALUE 200
[2026-09-20 22:40:00] Cliente ID 7 -> GET bench_tcp_2
[2026-09-20 22:40:00] Cliente ID 7 <- OK VALUE 200
[2026-09-20 22:40:00] Cliente ID 10 -> SET bench_tcp_5 200
[2026-09-20 22:40:00] Cliente ID 14 <- OK RESOURCE_CREATED
[2026-09-20 22:40:00] Cliente ID 13 <- OK VALUE_UPDATED
[2026-09-20 22:40:00] Cliente ID 15 -> GET bench_tcp_10
[2026-09-20 22:40:00] Cliente ID 15 <- OK VALUE 100
[2026-09-20 22:40:00] Cliente ID 14 -> GET bench_tcp_9
[2026-09-20 22:40:00] Cliente ID 14 <- OK VALUE 100
[2026-09-20 22:40:00] Cliente ID 10 <- OK VALUE_UPDATED
[2026-09-20 22:40:00] Cliente ID 6 -> GET bench_tcp_1
[2026-09-20 22:40:00] Cliente ID 6 <- OK VALUE 200
[2026-09-20 22:40:00] Cliente ID 8 -> SET bench_tcp_3 200
[2026-09-20 22:40:00] Cliente ID 12 -> GET bench_tcp_7
[2026-09-20 22:40:00] Cliente ID 12 <- OK VALUE 100
[2026-09-20 22:40:00] Cliente ID 13 -> RESERVE bench_tcp_8
[2026-09-20 22:40:00] Cliente ID 15 -> SET bench_tcp_10 200
[2026-09-20 22:40:00] Cliente ID 14 -> SET bench_tcp_9 200
[2026-09-20 22:40:00] Cliente ID 11 -> CREATE bench_tcp_6 100
[2026-09-20 22:40:00] Cliente ID 12 -> SET bench_tcp_7 200
[2026-09-20 22:40:00] Cliente ID 7 -> SET bench_tcp_2 200
[2026-09-20 22:40:00] Cliente ID 8 <- OK VALUE_UPDATED
[2026-09-20 22:40:00] Cliente ID 6 -> SET bench_tcp_1 200
[2026-09-20 22:40:00] Cliente ID 10 -> RESERVE bench_tcp_5
[2026-09-20 22:40:00] Cliente ID 9 -> SET bench_tcp_4 200
[2026-09-20 22:40:00] Cliente ID 8 -> RESERVE bench_tcp_3
[2026-09-20 22:40:00] Cliente ID 7 <- OK VALUE_UPDATED
[2026-09-20 22:40:00] Cliente ID 13 <- OK RESOURCE_RESERVED
[2026-09-20 22:40:00] Cliente ID 13 -> RELEASE bench_tcp_8
[2026-09-20 22:40:00] Cliente ID 15 <- OK VALUE_UPDATED
[2026-09-20 22:40:00] Cliente ID 13 <- OK RESOURCE_RELEASED
[2026-09-20 22:40:00] Cliente ID 15 -> RESERVE bench_tcp_10
[2026-09-20 22:40:00] Cliente ID 15 <- OK RESOURCE_RESERVED
[2026-09-20 22:40:00] Cliente ID 15 -> RELEASE bench_tcp_10
[2026-09-20 22:40:00] Cliente ID 15 <- OK RESOURCE_RELEASED
[2026-09-20 22:40:00] Cliente ID 7 -> RESERVE bench_tcp_2
[2026-09-20 22:40:00] Cliente ID 7 <- OK RESOURCE_RESERVED
[2026-09-20 22:40:00] Cliente ID 14 <- OK VALUE_UPDATED
[2026-09-20 22:40:00] Cliente ID 11 <- OK RESOURCE_CREATED
[2026-09-20 22:40:00] Cliente ID 12 <- OK VALUE_UPDATED
[2026-09-20 22:40:00] Recursos do cliente ID 15 liberados automaticamente
[2026-09-20 22:40:00] Cliente ID 15 desconectado
[2026-09-20 22:40:00] Cliente ID 11 -> GET bench_tcp_6
[2026-09-20 22:40:00] Recursos do cliente ID 13 liberados automaticamente
[2026-09-20 22:40:00] Cliente ID 13 desconectado
[2026-09-20 22:40:00] Cliente ID 11 <- OK VALUE 100
[2026-09-20 22:40:00] Cliente ID 11 -> SET bench_tcp_6 200
[2026-09-20 22:40:00] Cliente ID 11 <- OK VALUE_UPDATED
[2026-09-20 22:40:00] Cliente ID 11 -> RESERVE bench_tcp_6
[2026-09-20 22:40:00] Cliente ID 11 <- OK RESOURCE_RESERVED
[2026-09-20 22:40:00] Cliente ID 11 -> RELEASE bench_tcp_6
[2026-09-20 22:40:00] Cliente ID 11 <- OK RESOURCE_RELEASED
[2026-09-20 22:40:00] Recursos do cliente ID 11 liberados automaticamente
[2026-09-20 22:40:00] Cliente ID 14 -> RESERVE bench_tcp_9
[2026-09-20 22:40:00] Cliente ID 10 <- OK RESOURCE_RESERVED
[2026-09-20 22:40:00] Cliente ID 11 desconectado
[2026-09-20 22:40:00] Cliente ID 7 -> RELEASE bench_tcp_2
[2026-09-20 22:40:00] Cliente ID 9 <- OK VALUE_UPDATED
[2026-09-20 22:40:00] Cliente ID 10 -> RELEASE bench_tcp_5
[2026-09-20 22:40:00] Cliente ID 12 -> RESERVE bench_tcp_7
[2026-09-20 22:40:00] Cliente ID 6 <- OK VALUE_UPDATED
[2026-09-20 22:40:00] Cliente ID 9 -> RESERVE bench_tcp_4
[2026-09-20 22:40:00] Cliente ID 6 -> RESERVE bench_tcp_1
[2026-09-20 22:40:00] Cliente ID 8 <- OK RESOURCE_RESERVED
[2026-09-20 22:40:00] Cliente ID 10 <- OK RESOURCE_RELEASED
[2026-09-20 22:40:00] Cliente ID 14 <- OK RESOURCE_RESERVED
[2026-09-20 22:40:00] Cliente ID 8 -> RELEASE bench_tcp_3
[2026-09-20 22:40:00] Cliente ID 14 -> RELEASE bench_tcp_9
[2026-09-20 22:40:00] Cliente ID 12 <- OK RESOURCE_RESERVED
[2026-09-20 22:40:00] Cliente ID 7 <- OK RESOURCE_RELEASED
[2026-09-20 22:40:00] Cliente ID 12 -> RELEASE bench_tcp_7
[2026-09-20 22:40:00] Cliente ID 9 <- OK RESOURCE_RESERVED
[2026-09-20 22:40:00] Cliente ID 9 -> RELEASE bench_tcp_4
[2026-09-20 22:40:00] Cliente ID 6 <- OK RESOURCE_RESERVED
[2026-09-20 22:40:00] Cliente ID 6 -> RELEASE bench_tcp_1
[2026-09-20 22:40:00] Recursos do cliente ID 10 liberados automaticamente
[2026-09-20 22:40:00] Cliente ID 10 desconectado
[2026-09-20 22:40:00] Cliente ID 8 <- OK RESOURCE_RELEASED
[2026-09-20 22:40:00] Cliente ID 14 <- OK RESOURCE_RELEASED
[2026-09-20 22:40:00] Cliente ID 12 <- OK RESOURCE_RELEASED
[2026-09-20 22:40:00] Recursos do cliente ID 7 liberados automaticamente
[2026-09-20 22:40:00] Cliente ID 7 desconectado
[2026-09-20 22:40:00] Cliente ID 9 <- OK RESOURCE_RELEASED
[2026-09-20 22:40:00] Recursos do cliente ID 8 liberados automaticamente
[2026-09-20 22:40:00] Cliente ID 8 desconectado
[2026-09-20 22:40:00] Cliente ID 6 <- OK RESOURCE_RELEASED
[2026-09-20 22:40:00] Recursos do cliente ID 14 liberados automaticamente
[2026-09-20 22:40:00] Cliente ID 14 desconectado
[2026-09-20 22:40:00] Recursos do cliente ID 12 liberados automaticamente
[2026-09-20 22:40:00] Cliente ID 12 desconectado
[2026-09-20 22:40:00] Recursos do cliente ID 9 liberados automaticamente
[2026-09-20 22:40:00] Cliente ID 9 desconectado
[2026-09-20 22:40:00] Recursos do cliente ID 6 liberados automaticamente
[2026-09-20 22:40:00] Cliente ID 6 desconectado
[2026-09-20 22:40:01] Cliente ID 16 conectado
[2026-09-20 22:40:01] Cliente ID 16 -> LOGIN andreia 1234
[2026-09-20 22:40:01] Cliente ID 16 <- OK AUTHENTICATED
[2026-09-20 22:40:01] Cliente ID 17 conectado
[2026-09-20 22:40:01] Cliente ID 17 -> LOGIN andreia 1234
[2026-09-20 22:40:01] Cliente ID 17 <- OK AUTHENTICATED
[2026-09-20 22:40:01] Cliente ID 18 conectado
[2026-09-20 22:40:01] Cliente ID 18 -> LOGIN andreia 1234
[2026-09-20 22:40:01] Cliente ID 18 <- OK AUTHENTICATED
[2026-09-20 22:40:01] Cliente ID 19 conectado
[2026-09-20 22:40:01] Cliente ID 19 -> LOGIN andreia 1234
[2026-09-20 22:40:01] Cliente ID 19 <- OK AUTHENTICATED
[2026-09-20 22:40:01] Cliente ID 20 conectado
[2026-09-20 22:40:01] Cliente ID 21 conectado
[2026-09-20 22:40:01] Cliente ID 20 -> LOGIN andreia 1234
[2026-09-20 22:40:01] Cliente ID 20 <- OK AUTHENTICATED
[2026-09-20 22:40:01] Cliente ID 21 -> LOGIN andreia 1234
[2026-09-20 22:40:01] Cliente ID 21 <- OK AUTHENTICATED
[2026-09-20 22:40:01] Cliente ID 22 conectado
[2026-09-20 22:40:01] Cliente ID 23 conectado
[2026-09-20 22:40:01] Cliente ID 24 conectado
[2026-09-20 22:40:01] Cliente ID 23 -> LOGIN andreia 1234
[2026-09-20 22:40:01] Cliente ID 23 <- OK AUTHENTICATED
[2026-09-20 22:40:01] Cliente ID 25 conectado
[2026-09-20 22:40:01] Cliente ID 26 conectado
[2026-09-20 22:40:01] Cliente ID 24 -> LOGIN andreia 1234
[2026-09-20 22:40:01] Cliente ID 24 <- OK AUTHENTICATED
[2026-09-20 22:40:01] Cliente ID 26 -> LOGIN andreia 1234
[2026-09-20 22:40:01] Cliente ID 26 <- OK AUTHENTICATED
[2026-09-20 22:40:01] Cliente ID 22 -> LOGIN andreia 1234
[2026-09-20 22:40:01] Cliente ID 22 <- OK AUTHENTICATED
[2026-09-20 22:40:01] Cliente ID 27 conectado
[2026-09-20 22:40:01] Cliente ID 25 -> LOGIN andreia 1234
[2026-09-20 22:40:01] Cliente ID 25 <- OK AUTHENTICATED
[2026-09-20 22:40:01] Cliente ID 27 -> LOGIN andreia 1234
[2026-09-20 22:40:01] Cliente ID 27 <- OK AUTHENTICATED
[2026-09-20 22:40:01] Cliente ID 28 conectado
[2026-09-20 22:40:01] Cliente ID 29 conectado
[2026-09-20 22:40:01] Cliente ID 28 -> LOGIN andreia 1234
[2026-09-20 22:40:01] Cliente ID 28 <- OK AUTHENTICATED
[2026-09-20 22:40:01] Cliente ID 30 conectado
[2026-09-20 22:40:01] Cliente ID 29 -> LOGIN andreia 1234
[2026-09-20 22:40:01] Cliente ID 29 <- OK AUTHENTICATED
[2026-09-20 22:40:01] Cliente ID 30 -> LOGIN andreia 1234
[2026-09-20 22:40:01] Cliente ID 30 <- OK AUTHENTICATED
[2026-09-20 22:40:02] Cliente ID 31 conectado
[2026-09-20 22:40:02] Cliente ID 32 conectado
[2026-09-20 22:40:02] Cliente ID 31 -> LOGIN andreia 1234
[2026-09-20 22:40:02] Cliente ID 31 <- OK AUTHENTICATED
[2026-09-20 22:40:02] Cliente ID 32 -> LOGIN andreia 1234
[2026-09-20 22:40:02] Cliente ID 32 <- OK AUTHENTICATED
[2026-09-20 22:40:02] Cliente ID 33 conectado
[2026-09-20 22:40:02] Cliente ID 34 conectado
[2026-09-20 22:40:02] Cliente ID 34 -> LOGIN andreia 1234
[2026-09-20 22:40:02] Cliente ID 34 <- OK AUTHENTICATED
[2026-09-20 22:40:02] Cliente ID 33 -> LOGIN andreia 1234
[2026-09-20 22:40:02] Cliente ID 33 <- OK AUTHENTICATED
[2026-09-20 22:40:02] Cliente ID 35 conectado
[2026-09-20 22:40:02] Cliente ID 35 -> LOGIN andreia 1234
[2026-09-20 22:40:02] Cliente ID 35 <- OK AUTHENTICATED
[2026-09-20 22:40:02] Cliente ID 35 -> CREATE bench_tcp_20 100
[2026-09-20 22:40:02] Cliente ID 35 <- OK RESOURCE_CREATED
[2026-09-20 22:40:02] Cliente ID 17 -> CREATE bench_tcp_2 100
[2026-09-20 22:40:02] Cliente ID 17 <- ERROR RESOURCE_ALREADY_EXISTS
[2026-09-20 22:40:02] Cliente ID 25 -> CREATE bench_tcp_10 100
[2026-09-20 22:40:02] Cliente ID 25 <- ERROR RESOURCE_ALREADY_EXISTS
[2026-09-20 22:40:02] Cliente ID 21 -> CREATE bench_tcp_5 100
[2026-09-20 22:40:02] Cliente ID 21 <- ERROR RESOURCE_ALREADY_EXISTS
[2026-09-20 22:40:02] Cliente ID 22 -> CREATE bench_tcp_7 100
[2026-09-20 22:40:02] Cliente ID 22 <- ERROR RESOURCE_ALREADY_EXISTS
[2026-09-20 22:40:02] Cliente ID 29 -> CREATE bench_tcp_14 100
[2026-09-20 22:40:02] Cliente ID 24 -> CREATE bench_tcp_9 100
[2026-09-20 22:40:02] Cliente ID 24 <- ERROR RESOURCE_ALREADY_EXISTS
[2026-09-20 22:40:02] Cliente ID 16 -> CREATE bench_tcp_1 100
[2026-09-20 22:40:02] Cliente ID 16 <- ERROR RESOURCE_ALREADY_EXISTS
[2026-09-20 22:40:02] Cliente ID 29 <- OK RESOURCE_CREATED
[2026-09-20 22:40:02] Cliente ID 26 -> CREATE bench_tcp_11 100
[2026-09-20 22:40:02] Cliente ID 19 -> CREATE bench_tcp_4 100
[2026-09-20 22:40:02] Cliente ID 19 <- ERROR RESOURCE_ALREADY_EXISTS
[2026-09-20 22:40:02] Cliente ID 28 -> CREATE bench_tcp_13 100
[2026-09-20 22:40:02] Cliente ID 21 -> GET bench_tcp_5
[2026-09-20 22:40:02] Cliente ID 21 <- OK VALUE 200
[2026-09-20 22:40:02] Cliente ID 26 <- OK RESOURCE_CREATED
[2026-09-20 22:40:02] Cliente ID 31 -> CREATE bench_tcp_17 100
[2026-09-20 22:40:02] Cliente ID 28 <- OK RESOURCE_CREATED
[2026-09-20 22:40:02] Cliente ID 22 -> GET bench_tcp_7
[2026-09-20 22:40:02] Cliente ID 22 <- OK VALUE 200
[2026-09-20 22:40:02] Cliente ID 18 -> CREATE bench_tcp_3 100
[2026-09-20 22:40:02] Cliente ID 18 <- ERROR RESOURCE_ALREADY_EXISTS
[2026-09-20 22:40:02] Cliente ID 33 -> CREATE bench_tcp_18 100
[2026-09-20 22:40:02] Cliente ID 19 -> GET bench_tcp_4
[2026-09-20 22:40:02] Cliente ID 19 <- OK VALUE 200
[2026-09-20 22:40:02] Cliente ID 16 -> GET bench_tcp_1
[2026-09-20 22:40:02] Cliente ID 16 <- OK VALUE 200
[2026-09-20 22:40:02] Cliente ID 26 -> GET bench_tcp_11
[2026-09-20 22:40:02] Cliente ID 26 <- OK VALUE 100
[2026-09-20 22:40:02] Cliente ID 28 -> GET bench_tcp_13
[2026-09-20 22:40:02] Cliente ID 28 <- OK VALUE 100
[2026-09-20 22:40:02] Cliente ID 24 -> GET bench_tcp_9
[2026-09-20 22:40:02] Cliente ID 24 <- OK VALUE 200
[2026-09-20 22:40:02] Cliente ID 29 -> GET bench_tcp_14
[2026-09-20 22:40:02] Cliente ID 29 <- OK VALUE 100
[2026-09-20 22:40:02] Cliente ID 18 -> GET bench_tcp_3
[2026-09-20 22:40:02] Cliente ID 18 <- OK VALUE 200
[2026-09-20 22:40:02] Cliente ID 27 -> CREATE bench_tcp_12 100
[2026-09-20 22:40:02] Cliente ID 17 -> GET bench_tcp_2
[2026-09-20 22:40:02] Cliente ID 17 <- OK VALUE 200
[2026-09-20 22:40:02] Cliente ID 21 -> SET bench_tcp_5 200
[2026-09-20 22:40:02] Cliente ID 20 -> CREATE bench_tcp_6 100
[2026-09-20 22:40:02] Cliente ID 32 -> CREATE bench_tcp_16 100
[2026-09-20 22:40:02] Cliente ID 23 -> CREATE bench_tcp_8 100
[2026-09-20 22:40:02] Cliente ID 23 <- ERROR RESOURCE_ALREADY_EXISTS
[2026-09-20 22:40:02] Cliente ID 20 <- ERROR RESOURCE_ALREADY_EXISTS
[2026-09-20 22:40:02] Cliente ID 33 <- OK RESOURCE_CREATED
[2026-09-20 22:40:02] Cliente ID 19 -> SET bench_tcp_4 200
[2026-09-20 22:40:02] Cliente ID 25 -> GET bench_tcp_10
[2026-09-20 22:40:02] Cliente ID 22 -> SET bench_tcp_7 200
[2026-09-20 22:40:02] Cliente ID 26 -> SET bench_tcp_11 200
[2026-09-20 22:40:02] Cliente ID 33 -> GET bench_tcp_18
[2026-09-20 22:40:02] Cliente ID 33 <- OK VALUE 100
[2026-09-20 22:40:02] Cliente ID 29 -> SET bench_tcp_14 200
[2026-09-20 22:40:02] Cliente ID 31 <- OK RESOURCE_CREATED
[2026-09-20 22:40:02] Cliente ID 25 <- OK VALUE 200
[2026-09-20 22:40:02] Cliente ID 18 -> SET bench_tcp_3 200
[2026-09-20 22:40:02] Cliente ID 34 -> CREATE bench_tcp_19 100
[2026-09-20 22:40:02] Cliente ID 21 <- OK VALUE_UPDATED
[2026-09-20 22:40:02] Cliente ID 24 -> SET bench_tcp_9 200
[2026-09-20 22:40:02] Cliente ID 35 -> GET bench_tcp_20
[2026-09-20 22:40:02] Cliente ID 35 <- OK VALUE 100
[2026-09-20 22:40:02] Cliente ID 32 <- OK RESOURCE_CREATED
[2026-09-20 22:40:02] Cliente ID 26 <- OK VALUE_UPDATED
[2026-09-20 22:40:02] Cliente ID 19 <- OK VALUE_UPDATED
[2026-09-20 22:40:02] Cliente ID 30 -> CREATE bench_tcp_15 100
[2026-09-20 22:40:02] Cliente ID 28 -> SET bench_tcp_13 200
[2026-09-20 22:40:02] Cliente ID 35 -> SET bench_tcp_20 200
[2026-09-20 22:40:02] Cliente ID 22 <- OK VALUE_UPDATED
[2026-09-20 22:40:02] Cliente ID 20 -> GET bench_tcp_6
[2026-09-20 22:40:02] Cliente ID 20 <- OK VALUE 200
[2026-09-20 22:40:02] Cliente ID 27 <- OK RESOURCE_CREATED
[2026-09-20 22:40:02] Cliente ID 22 -> RESERVE bench_tcp_7
[2026-09-20 22:40:02] Cliente ID 31 -> GET bench_tcp_17
[2026-09-20 22:40:02] Cliente ID 31 <- OK VALUE 100
[2026-09-20 22:40:02] Cliente ID 27 -> GET bench_tcp_12
[2026-09-20 22:40:02] Cliente ID 27 <- OK VALUE 100
[2026-09-20 22:40:02] Cliente ID 25 -> SET bench_tcp_10 200
[2026-09-20 22:40:02] Cliente ID 27 -> SET bench_tcp_12 200
[2026-09-20 22:40:02] Cliente ID 31 -> SET bench_tcp_17 200
[2026-09-20 22:40:02] Cliente ID 31 <- OK VALUE_UPDATED
[2026-09-20 22:40:02] Cliente ID 29 <- OK VALUE_UPDATED
[2026-09-20 22:40:02] Cliente ID 27 <- OK VALUE_UPDATED
[2026-09-20 22:40:02] Cliente ID 33 -> SET bench_tcp_18 200
[2026-09-20 22:40:02] Cliente ID 31 -> RESERVE bench_tcp_17
[2026-09-20 22:40:02] Cliente ID 18 <- OK VALUE_UPDATED
[2026-09-20 22:40:02] Cliente ID 34 <- OK RESOURCE_CREATED
[2026-09-20 22:40:02] Cliente ID 26 -> RESERVE bench_tcp_11
[2026-09-20 22:40:02] Cliente ID 18 -> RESERVE bench_tcp_3
[2026-09-20 22:40:02] Cliente ID 24 <- OK VALUE_UPDATED
[2026-09-20 22:40:02] Cliente ID 16 -> SET bench_tcp_1 200
[2026-09-20 22:40:02] Cliente ID 29 -> RESERVE bench_tcp_14
[2026-09-20 22:40:02] Cliente ID 30 <- OK RESOURCE_CREATED
[2026-09-20 22:40:02] Cliente ID 28 <- OK VALUE_UPDATED
[2026-09-20 22:40:02] Cliente ID 22 <- OK RESOURCE_RESERVED
[2026-09-20 22:40:02] Cliente ID 17 -> SET bench_tcp_2 200
[2026-09-20 22:40:02] Cliente ID 17 <- OK VALUE_UPDATED
[2026-09-20 22:40:02] Cliente ID 21 -> RESERVE bench_tcp_5
[2026-09-20 22:40:02] Cliente ID 34 -> GET bench_tcp_19
[2026-09-20 22:40:02] Cliente ID 34 <- OK VALUE 100
[2026-09-20 22:40:02] Cliente ID 35 <- OK VALUE_UPDATED
[2026-09-20 22:40:02] Cliente ID 32 -> GET bench_tcp_16
[2026-09-20 22:40:02] Cliente ID 32 <- OK VALUE 100
[2026-09-20 22:40:02] Cliente ID 20 -> SET bench_tcp_6 200
[2026-09-20 22:40:02] Cliente ID 21 <- OK RESOURCE_RESERVED
[2026-09-20 22:40:02] Cliente ID 24 -> RESERVE bench_tcp_9
[2026-09-20 22:40:02] Cliente ID 25 <- OK VALUE_UPDATED
[2026-09-20 22:40:02] Cliente ID 22 -> RELEASE bench_tcp_7
[2026-09-20 22:40:02] Cliente ID 30 -> GET bench_tcp_15
[2026-09-20 22:40:02] Cliente ID 30 <- OK VALUE 100
[2026-09-20 22:40:02] Cliente ID 23 -> GET bench_tcp_8
[2026-09-20 22:40:02] Cliente ID 23 <- OK VALUE 200
[2026-09-20 22:40:02] Cliente ID 25 -> RESERVE bench_tcp_10
[2026-09-20 22:40:02] Cliente ID 21 -> RELEASE bench_tcp_5
[2026-09-20 22:40:02] Cliente ID 19 -> RESERVE bench_tcp_4
[2026-09-20 22:40:02] Cliente ID 24 <- OK RESOURCE_RESERVED
[2026-09-20 22:40:02] Cliente ID 23 -> SET bench_tcp_8 200
[2026-09-20 22:40:02] Cliente ID 32 -> SET bench_tcp_16 200
[2026-09-20 22:40:02] Cliente ID 22 <- OK RESOURCE_RELEASED
[2026-09-20 22:40:02] Cliente ID 33 <- OK VALUE_UPDATED
[2026-09-20 22:40:02] Cliente ID 28 -> RESERVE bench_tcp_13
[2026-09-20 22:40:02] Cliente ID 28 <- OK RESOURCE_RESERVED
[2026-09-20 22:40:02] Cliente ID 34 -> SET bench_tcp_19 200
[2026-09-20 22:40:02] Cliente ID 24 -> RELEASE bench_tcp_9
[2026-09-20 22:40:02] Cliente ID 30 -> SET bench_tcp_15 200
[2026-09-20 22:40:02] Cliente ID 31 <- OK RESOURCE_RESERVED
[2026-09-20 22:40:02] Cliente ID 34 <- OK VALUE_UPDATED
[2026-09-20 22:40:02] Cliente ID 35 -> RESERVE bench_tcp_20
[2026-09-20 22:40:02] Cliente ID 28 -> RELEASE bench_tcp_13
[2026-09-20 22:40:02] Cliente ID 26 <- OK RESOURCE_RESERVED
[2026-09-20 22:40:02] Cliente ID 33 -> RESERVE bench_tcp_18
[2026-09-20 22:40:02] Cliente ID 18 <- OK RESOURCE_RESERVED
[2026-09-20 22:40:02] Cliente ID 27 -> RESERVE bench_tcp_12
[2026-09-20 22:40:02] Cliente ID 28 <- OK RESOURCE_RELEASED
[2026-09-20 22:40:02] Cliente ID 16 <- OK VALUE_UPDATED
[2026-09-20 22:40:02] Cliente ID 29 <- OK RESOURCE_RESERVED
[2026-09-20 22:40:02] Cliente ID 31 -> RELEASE bench_tcp_17
[2026-09-20 22:40:02] Cliente ID 20 <- OK VALUE_UPDATED
[2026-09-20 22:40:02] Cliente ID 16 -> RESERVE bench_tcp_1
[2026-09-20 22:40:02] Cliente ID 25 <- OK RESOURCE_RESERVED
[2026-09-20 22:40:02] Cliente ID 34 -> RESERVE bench_tcp_19
[2026-09-20 22:40:02] Cliente ID 21 <- OK RESOURCE_RELEASED
[2026-09-20 22:40:02] Cliente ID 23 <- OK VALUE_UPDATED
[2026-09-20 22:40:02] Cliente ID 17 -> RESERVE bench_tcp_2
[2026-09-20 22:40:02] Cliente ID 18 -> RELEASE bench_tcp_3
[2026-09-20 22:40:02] Cliente ID 32 <- OK VALUE_UPDATED
[2026-09-20 22:40:02] Cliente ID 29 -> RELEASE bench_tcp_14
[2026-09-20 22:40:02] Cliente ID 23 -> RESERVE bench_tcp_8
[2026-09-20 22:40:02] Cliente ID 26 -> RELEASE bench_tcp_11
[2026-09-20 22:40:02] Cliente ID 24 <- OK RESOURCE_RELEASED
[2026-09-20 22:40:02] Cliente ID 20 -> RESERVE bench_tcp_6
[2026-09-20 22:40:02] Cliente ID 25 -> RELEASE bench_tcp_10
[2026-09-20 22:40:02] Cliente ID 35 <- OK RESOURCE_RESERVED
[2026-09-20 22:40:02] Cliente ID 32 -> RESERVE bench_tcp_16
[2026-09-20 22:40:02] Cliente ID 35 -> RELEASE bench_tcp_20
[2026-09-20 22:40:02] Cliente ID 33 <- OK RESOURCE_RESERVED
[2026-09-20 22:40:02] Cliente ID 27 <- OK RESOURCE_RESERVED
[2026-09-20 22:40:02] Cliente ID 33 -> RELEASE bench_tcp_18
[2026-09-20 22:40:02] Recursos do cliente ID 22 liberados automaticamente
[2026-09-20 22:40:02] Cliente ID 19 <- OK RESOURCE_RESERVED
[2026-09-20 22:40:02] Cliente ID 30 <- OK VALUE_UPDATED
[2026-09-20 22:40:02] Cliente ID 27 -> RELEASE bench_tcp_12
[2026-09-20 22:40:02] Recursos do cliente ID 28 liberados automaticamente
[2026-09-20 22:40:02] Cliente ID 19 -> RELEASE bench_tcp_4
[2026-09-20 22:40:02] Cliente ID 28 desconectado
[2026-09-20 22:40:02] Cliente ID 22 desconectado
[2026-09-20 22:40:02] Cliente ID 19 <- OK RESOURCE_RELEASED
[2026-09-20 22:40:02] Cliente ID 30 -> RESERVE bench_tcp_15
[2026-09-20 22:40:02] Cliente ID 31 <- OK RESOURCE_RELEASED
[2026-09-20 22:40:02] Recursos do cliente ID 19 liberados automaticamente
[2026-09-20 22:40:02] Cliente ID 19 desconectado
[2026-09-20 22:40:02] Cliente ID 34 <- OK RESOURCE_RESERVED
[2026-09-20 22:40:02] Cliente ID 34 -> RELEASE bench_tcp_19
[2026-09-20 22:40:02] Cliente ID 17 <- OK RESOURCE_RESERVED
[2026-09-20 22:40:02] Cliente ID 17 -> RELEASE bench_tcp_2
[2026-09-20 22:40:02] Recursos do cliente ID 21 liberados automaticamente
[2026-09-20 22:40:02] Cliente ID 21 desconectado
[2026-09-20 22:40:02] Cliente ID 18 <- OK RESOURCE_RELEASED
[2026-09-20 22:40:02] Cliente ID 20 <- OK RESOURCE_RESERVED
[2026-09-20 22:40:02] Cliente ID 29 <- OK RESOURCE_RELEASED
[2026-09-20 22:40:02] Cliente ID 20 -> RELEASE bench_tcp_6
[2026-09-20 22:40:02] Cliente ID 23 <- OK RESOURCE_RESERVED
[2026-09-20 22:40:02] Cliente ID 23 -> RELEASE bench_tcp_8
[2026-09-20 22:40:02] Cliente ID 26 <- OK RESOURCE_RELEASED
[2026-09-20 22:40:02] Cliente ID 25 <- OK RESOURCE_RELEASED
[2026-09-20 22:40:02] Recursos do cliente ID 24 liberados automaticamente
[2026-09-20 22:40:02] Cliente ID 24 desconectado
[2026-09-20 22:40:02] Cliente ID 32 <- OK RESOURCE_RESERVED
[2026-09-20 22:40:02] Cliente ID 32 -> RELEASE bench_tcp_16
[2026-09-20 22:40:02] Recursos do cliente ID 25 liberados automaticamente
[2026-09-20 22:40:02] Cliente ID 25 desconectado
[2026-09-20 22:40:02] Cliente ID 35 <- OK RESOURCE_RELEASED
[2026-09-20 22:40:02] Cliente ID 27 <- OK RESOURCE_RELEASED
[2026-09-20 22:40:02] Cliente ID 16 <- OK RESOURCE_RESERVED
[2026-09-20 22:40:02] Cliente ID 16 -> RELEASE bench_tcp_1
[2026-09-20 22:40:02] Cliente ID 30 <- OK RESOURCE_RESERVED
[2026-09-20 22:40:02] Cliente ID 30 -> RELEASE bench_tcp_15
[2026-09-20 22:40:02] Recursos do cliente ID 31 liberados automaticamente
[2026-09-20 22:40:02] Cliente ID 31 desconectado
[2026-09-20 22:40:02] Cliente ID 34 <- OK RESOURCE_RELEASED
[2026-09-20 22:40:02] Cliente ID 17 <- OK RESOURCE_RELEASED
[2026-09-20 22:40:02] Recursos do cliente ID 18 liberados automaticamente
[2026-09-20 22:40:02] Cliente ID 20 <- OK RESOURCE_RELEASED
[2026-09-20 22:40:02] Cliente ID 18 desconectado
[2026-09-20 22:40:02] Recursos do cliente ID 29 liberados automaticamente
[2026-09-20 22:40:02] Cliente ID 29 desconectado
[2026-09-20 22:40:02] Cliente ID 23 <- OK RESOURCE_RELEASED
[2026-09-20 22:40:02] Recursos do cliente ID 26 liberados automaticamente
[2026-09-20 22:40:02] Cliente ID 26 desconectado
[2026-09-20 22:40:02] Recursos do cliente ID 23 liberados automaticamente
[2026-09-20 22:40:02] Cliente ID 23 desconectado
[2026-09-20 22:40:02] Recursos do cliente ID 35 liberados automaticamente
[2026-09-20 22:40:02] Cliente ID 35 desconectado
[2026-09-20 22:40:02] Cliente ID 32 <- OK RESOURCE_RELEASED
[2026-09-20 22:40:02] Recursos do cliente ID 27 liberados automaticamente
[2026-09-20 22:40:02] Cliente ID 27 desconectado
[2026-09-20 22:40:02] Cliente ID 16 <- OK RESOURCE_RELEASED
[2026-09-20 22:40:02] Cliente ID 30 <- OK RESOURCE_RELEASED
[2026-09-20 22:40:02] Recursos do cliente ID 34 liberados automaticamente
[2026-09-20 22:40:02] Cliente ID 34 desconectado
[2026-09-20 22:40:02] Recursos do cliente ID 17 liberados automaticamente
[2026-09-20 22:40:02] Cliente ID 17 desconectado
[2026-09-20 22:40:02] Recursos do cliente ID 20 liberados automaticamente
[2026-09-20 22:40:02] Cliente ID 20 desconectado
[2026-09-20 22:40:02] Cliente ID 33 <- OK RESOURCE_RELEASED
[2026-09-20 22:40:02] Recursos do cliente ID 32 liberados automaticamente
[2026-09-20 22:40:02] Cliente ID 32 desconectado
[2026-09-20 22:40:02] Recursos do cliente ID 16 liberados automaticamente
[2026-09-20 22:40:02] Cliente ID 16 desconectado
[2026-09-20 22:40:02] Recursos do cliente ID 30 liberados automaticamente
[2026-09-20 22:40:02] Cliente ID 30 desconectado
[2026-09-20 22:40:02] Recursos do cliente ID 33 liberados automaticamente
[2026-09-20 22:40:02] Cliente ID 33 desconectado
[2026-09-20 22:40:03] Cliente ID 36 conectado
[2026-09-20 22:40:03] Cliente ID 36 -> LOGIN andreia 1234
[2026-09-20 22:40:03] Cliente ID 36 <- OK AUTHENTICATED
[2026-09-20 22:40:03] Cliente ID 37 conectado
[2026-09-20 22:40:03] Cliente ID 37 -> LOGIN andreia 1234
[2026-09-20 22:40:03] Cliente ID 37 <- OK AUTHENTICATED
[2026-09-20 22:40:03] Cliente ID 38 conectado
[2026-09-20 22:40:03] Cliente ID 39 conectado
[2026-09-20 22:40:03] Cliente ID 40 conectado
[2026-09-20 22:40:03] Cliente ID 39 -> LOGIN andreia 1234
[2026-09-20 22:40:03] Cliente ID 39 <- OK AUTHENTICATED
[2026-09-20 22:40:03] Cliente ID 38 -> LOGIN andreia 1234
[2026-09-20 22:40:03] Cliente ID 38 <- OK AUTHENTICATED
[2026-09-20 22:40:03] Cliente ID 40 -> LOGIN andreia 1234
[2026-09-20 22:40:03] Cliente ID 40 <- OK AUTHENTICATED
[2026-09-20 22:40:03] Cliente ID 41 conectado
[2026-09-20 22:40:03] Cliente ID 41 -> LOGIN andreia 1234
[2026-09-20 22:40:03] Cliente ID 41 <- OK AUTHENTICATED
[2026-09-20 22:40:03] Cliente ID 42 conectado
[2026-09-20 22:40:03] Cliente ID 42 -> LOGIN andreia 1234
[2026-09-20 22:40:03] Cliente ID 42 <- OK AUTHENTICATED
[2026-09-20 22:40:03] Cliente ID 43 conectado
[2026-09-20 22:40:03] Cliente ID 44 conectado
[2026-09-20 22:40:03] Cliente ID 44 -> LOGIN andreia 1234
[2026-09-20 22:40:03] Cliente ID 44 <- OK AUTHENTICATED
[2026-09-20 22:40:03] Cliente ID 43 -> LOGIN andreia 1234
[2026-09-20 22:40:03] Cliente ID 43 <- OK AUTHENTICATED
[2026-09-20 22:40:03] Cliente ID 45 conectado
[2026-09-20 22:40:03] Cliente ID 45 -> LOGIN andreia 1234
[2026-09-20 22:40:03] Cliente ID 45 <- OK AUTHENTICATED
[2026-09-20 22:40:03] Cliente ID 46 conectado
[2026-09-20 22:40:03] Cliente ID 46 -> LOGIN andreia 1234
[2026-09-20 22:40:03] Cliente ID 46 <- OK AUTHENTICATED
[2026-09-20 22:40:03] Cliente ID 47 conectado
[2026-09-20 22:40:03] Cliente ID 47 -> LOGIN andreia 1234
[2026-09-20 22:40:03] Cliente ID 47 <- OK AUTHENTICATED
[2026-09-20 22:40:03] Cliente ID 48 conectado
[2026-09-20 22:40:03] Cliente ID 49 conectado
[2026-09-20 22:40:03] Cliente ID 50 conectado
[2026-09-20 22:40:03] Cliente ID 48 -> LOGIN andreia 1234
[2026-09-20 22:40:03] Cliente ID 48 <- OK AUTHENTICATED
[2026-09-20 22:40:03] Cliente ID 51 conectado
[2026-09-20 22:40:03] Cliente ID 49 -> LOGIN andreia 1234
[2026-09-20 22:40:03] Cliente ID 49 <- OK AUTHENTICATED
[2026-09-20 22:40:03] Cliente ID 52 conectado
[2026-09-20 22:40:03] Cliente ID 51 -> LOGIN andreia 1234
[2026-09-20 22:40:03] Cliente ID 51 <- OK AUTHENTICATED
[2026-09-20 22:40:03] Cliente ID 50 -> LOGIN andreia 1234
[2026-09-20 22:40:03] Cliente ID 50 <- OK AUTHENTICATED
[2026-09-20 22:40:03] Cliente ID 53 conectado
[2026-09-20 22:40:03] Cliente ID 53 -> LOGIN andreia 1234
[2026-09-20 22:40:03] Cliente ID 53 <- OK AUTHENTICATED
[2026-09-20 22:40:03] Cliente ID 54 conectado
[2026-09-20 22:40:03] Cliente ID 54 -> LOGIN andreia 1234
[2026-09-20 22:40:03] Cliente ID 54 <- OK AUTHENTICATED
[2026-09-20 22:40:03] Cliente ID 52 -> LOGIN andreia 1234
[2026-09-20 22:40:03] Cliente ID 52 <- OK AUTHENTICATED
[2026-09-20 22:40:03] Cliente ID 55 conectado
[2026-09-20 22:40:03] Cliente ID 56 conectado
[2026-09-20 22:40:03] Cliente ID 56 -> LOGIN andreia 1234
[2026-09-20 22:40:03] Cliente ID 56 <- OK AUTHENTICATED
[2026-09-20 22:40:03] Cliente ID 57 conectado
[2026-09-20 22:40:03] Cliente ID 55 -> LOGIN andreia 1234
[2026-09-20 22:40:03] Cliente ID 55 <- OK AUTHENTICATED
[2026-09-20 22:40:03] Cliente ID 57 -> LOGIN andreia 1234
[2026-09-20 22:40:03] Cliente ID 57 <- OK AUTHENTICATED
[2026-09-20 22:40:03] Cliente ID 58 conectado
[2026-09-20 22:40:03] Cliente ID 59 conectado
[2026-09-20 22:40:03] Cliente ID 58 -> LOGIN andreia 1234
[2026-09-20 22:40:03] Cliente ID 58 <- OK AUTHENTICATED
[2026-09-20 22:40:03] Cliente ID 59 -> LOGIN andreia 1234
[2026-09-20 22:40:03] Cliente ID 59 <- OK AUTHENTICATED
[2026-09-20 22:40:03] Cliente ID 60 conectado
[2026-09-20 22:40:03] Cliente ID 60 -> LOGIN andreia 1234
[2026-09-20 22:40:03] Cliente ID 60 <- OK AUTHENTICATED
[2026-09-20 22:40:03] Cliente ID 61 conectado
[2026-09-20 22:40:03] Cliente ID 61 -> LOGIN andreia 1234
[2026-09-20 22:40:03] Cliente ID 61 <- OK AUTHENTICATED
[2026-09-20 22:40:03] Cliente ID 62 conectado
[2026-09-20 22:40:03] Cliente ID 62 -> LOGIN andreia 1234
[2026-09-20 22:40:03] Cliente ID 62 <- OK AUTHENTICATED
[2026-09-20 22:40:03] Cliente ID 63 conectado
[2026-09-20 22:40:03] Cliente ID 63 -> LOGIN andreia 1234
[2026-09-20 22:40:03] Cliente ID 63 <- OK AUTHENTICATED
[2026-09-20 22:40:03] Cliente ID 64 conectado
[2026-09-20 22:40:03] Cliente ID 65 conectado
[2026-09-20 22:40:03] Cliente ID 66 conectado
[2026-09-20 22:40:03] Cliente ID 65 -> LOGIN andreia 1234
[2026-09-20 22:40:03] Cliente ID 65 <- OK AUTHENTICATED
[2026-09-20 22:40:03] Cliente ID 66 -> LOGIN andreia 1234
[2026-09-20 22:40:03] Cliente ID 66 <- OK AUTHENTICATED
[2026-09-20 22:40:03] Cliente ID 64 -> LOGIN andreia 1234
[2026-09-20 22:40:03] Cliente ID 64 <- OK AUTHENTICATED
[2026-09-20 22:40:03] Cliente ID 67 conectado
[2026-09-20 22:40:03] Cliente ID 68 conectado
[2026-09-20 22:40:03] Cliente ID 67 -> LOGIN andreia 1234
[2026-09-20 22:40:03] Cliente ID 67 <- OK AUTHENTICATED
[2026-09-20 22:40:03] Cliente ID 68 -> LOGIN andreia 1234
[2026-09-20 22:40:03] Cliente ID 68 <- OK AUTHENTICATED
[2026-09-20 22:40:03] Cliente ID 69 conectado
[2026-09-20 22:40:03] Cliente ID 70 conectado
[2026-09-20 22:40:03] Cliente ID 69 -> LOGIN andreia 1234
[2026-09-20 22:40:03] Cliente ID 69 <- OK AUTHENTICATED
[2026-09-20 22:40:03] Cliente ID 71 conectado
[2026-09-20 22:40:03] Cliente ID 71 -> LOGIN andreia 1234
[2026-09-20 22:40:03] Cliente ID 71 <- OK AUTHENTICATED
[2026-09-20 22:40:03] Cliente ID 72 conectado
[2026-09-20 22:40:03] Cliente ID 70 -> LOGIN andreia 1234
[2026-09-20 22:40:03] Cliente ID 70 <- OK AUTHENTICATED
[2026-09-20 22:40:03] Cliente ID 72 -> LOGIN andreia 1234
[2026-09-20 22:40:03] Cliente ID 72 <- OK AUTHENTICATED
[2026-09-20 22:40:03] Cliente ID 73 conectado
[2026-09-20 22:40:03] Cliente ID 74 conectado
[2026-09-20 22:40:03] Cliente ID 73 -> LOGIN andreia 1234
[2026-09-20 22:40:03] Cliente ID 73 <- OK AUTHENTICATED
[2026-09-20 22:40:03] Cliente ID 75 conectado
[2026-09-20 22:40:03] Cliente ID 74 -> LOGIN andreia 1234
[2026-09-20 22:40:03] Cliente ID 74 <- OK AUTHENTICATED
[2026-09-20 22:40:03] Cliente ID 76 conectado
[2026-09-20 22:40:03] Cliente ID 76 -> LOGIN andreia 1234
[2026-09-20 22:40:03] Cliente ID 76 <- OK AUTHENTICATED
[2026-09-20 22:40:03] Cliente ID 77 conectado
[2026-09-20 22:40:03] Cliente ID 77 -> LOGIN andreia 1234
[2026-09-20 22:40:03] Cliente ID 77 <- OK AUTHENTICATED
[2026-09-20 22:40:03] Cliente ID 75 -> LOGIN andreia 1234
[2026-09-20 22:40:03] Cliente ID 75 <- OK AUTHENTICATED
[2026-09-20 22:40:03] Cliente ID 78 conectado
[2026-09-20 22:40:03] Cliente ID 79 conectado
[2026-09-20 22:40:03] Cliente ID 79 -> LOGIN andreia 1234
[2026-09-20 22:40:03] Cliente ID 79 <- OK AUTHENTICATED
[2026-09-20 22:40:03] Cliente ID 78 -> LOGIN andreia 1234
[2026-09-20 22:40:03] Cliente ID 78 <- OK AUTHENTICATED
[2026-09-20 22:40:03] Cliente ID 80 conectado
[2026-09-20 22:40:03] Cliente ID 80 -> LOGIN andreia 1234
[2026-09-20 22:40:03] Cliente ID 80 <- OK AUTHENTICATED
[2026-09-20 22:40:03] Cliente ID 81 conectado
[2026-09-20 22:40:03] Cliente ID 81 -> LOGIN andreia 1234
[2026-09-20 22:40:03] Cliente ID 81 <- OK AUTHENTICATED
[2026-09-20 22:40:03] Cliente ID 82 conectado
[2026-09-20 22:40:03] Cliente ID 83 conectado
[2026-09-20 22:40:03] Cliente ID 82 -> LOGIN andreia 1234
[2026-09-20 22:40:03] Cliente ID 82 <- OK AUTHENTICATED
[2026-09-20 22:40:03] Cliente ID 83 -> LOGIN andreia 1234
[2026-09-20 22:40:03] Cliente ID 83 <- OK AUTHENTICATED
[2026-09-20 22:40:03] Cliente ID 84 conectado
[2026-09-20 22:40:03] Cliente ID 85 conectado
[2026-09-20 22:40:03] Cliente ID 85 -> LOGIN andreia 1234
[2026-09-20 22:40:03] Cliente ID 85 <- OK AUTHENTICATED
[2026-09-20 22:40:03] Cliente ID 84 -> LOGIN andreia 1234
[2026-09-20 22:40:03] Cliente ID 84 <- OK AUTHENTICATED
[2026-09-20 22:40:03] Cliente ID 84 -> CREATE bench_tcp_49 100
[2026-09-20 22:40:03] Cliente ID 37 -> CREATE bench_tcp_2 100
[2026-09-20 22:40:03] Cliente ID 37 <- ERROR RESOURCE_ALREADY_EXISTS
[2026-09-20 22:40:03] Cliente ID 39 -> CREATE bench_tcp_5 100
[2026-09-20 22:40:03] Cliente ID 39 <- ERROR RESOURCE_ALREADY_EXISTS
[2026-09-20 22:40:03] Cliente ID 76 -> CREATE bench_tcp_41 100
[2026-09-20 22:40:03] Cliente ID 41 -> CREATE bench_tcp_3 100
[2026-09-20 22:40:03] Cliente ID 41 <- ERROR RESOURCE_ALREADY_EXISTS
[2026-09-20 22:40:03] Cliente ID 44 -> CREATE bench_tcp_9 100
[2026-09-20 22:40:03] Cliente ID 44 <- ERROR RESOURCE_ALREADY_EXISTS
[2026-09-20 22:40:03] Cliente ID 61 -> CREATE bench_tcp_26 100
[2026-09-20 22:40:03] Cliente ID 84 <- OK RESOURCE_CREATED
[2026-09-20 22:40:03] Cliente ID 39 -> GET bench_tcp_5
[2026-09-20 22:40:03] Cliente ID 39 <- OK VALUE 200
[2026-09-20 22:40:03] Cliente ID 47 -> CREATE bench_tcp_10 100
[2026-09-20 22:40:03] Cliente ID 47 <- ERROR RESOURCE_ALREADY_EXISTS
[2026-09-20 22:40:03] Cliente ID 53 -> CREATE bench_tcp_18 100
[2026-09-20 22:40:03] Cliente ID 53 <- ERROR RESOURCE_ALREADY_EXISTS
[2026-09-20 22:40:03] Cliente ID 44 -> GET bench_tcp_9
[2026-09-20 22:40:03] Cliente ID 44 <- OK VALUE 200
[2026-09-20 22:40:03] Cliente ID 62 -> CREATE bench_tcp_27 100
[2026-09-20 22:40:03] Cliente ID 61 <- OK RESOURCE_CREATED
[2026-09-20 22:40:03] Cliente ID 40 -> CREATE bench_tcp_6 100
[2026-09-20 22:40:03] Cliente ID 40 <- ERROR RESOURCE_ALREADY_EXISTS
[2026-09-20 22:40:03] Cliente ID 43 -> CREATE bench_tcp_7 100
[2026-09-20 22:40:03] Cliente ID 43 <- ERROR RESOURCE_ALREADY_EXISTS
[2026-09-20 22:40:03] Cliente ID 55 -> CREATE bench_tcp_20 100
[2026-09-20 22:40:03] Cliente ID 55 <- ERROR RESOURCE_ALREADY_EXISTS
[2026-09-20 22:40:03] Cliente ID 37 -> GET bench_tcp_2
[2026-09-20 22:40:03] Cliente ID 46 -> CREATE bench_tcp_12 100
[2026-09-20 22:40:03] Cliente ID 59 -> CREATE bench_tcp_24 100
[2026-09-20 22:40:03] Cliente ID 50 -> CREATE bench_tcp_16 100
[2026-09-20 22:40:03] Cliente ID 50 <- ERROR RESOURCE_ALREADY_EXISTS
[2026-09-20 22:40:03] Cliente ID 70 -> CREATE bench_tcp_35 100
[2026-09-20 22:40:03] Cliente ID 54 -> CREATE bench_tcp_19 100
[2026-09-20 22:40:03] Cliente ID 54 <- ERROR RESOURCE_ALREADY_EXISTS
[2026-09-20 22:40:03] Cliente ID 54 -> GET bench_tcp_19
[2026-09-20 22:40:03] Cliente ID 54 <- OK VALUE 200
[2026-09-20 22:40:03] Cliente ID 46 <- ERROR RESOURCE_ALREADY_EXISTS
[2026-09-20 22:40:03] Cliente ID 72 -> CREATE bench_tcp_37 100
[2026-09-20 22:40:03] Cliente ID 54 -> SET bench_tcp_19 200
[2026-09-20 22:40:03] Cliente ID 38 -> CREATE bench_tcp_4 100
[2026-09-20 22:40:03] Cliente ID 38 <- ERROR RESOURCE_ALREADY_EXISTS
[2026-09-20 22:40:03] Cliente ID 71 -> CREATE bench_tcp_36 100
[2026-09-20 22:40:03] Cliente ID 68 -> CREATE bench_tcp_33 100
[2026-09-20 22:40:03] Cliente ID 70 <- OK RESOURCE_CREATED
[2026-09-20 22:40:03] Cliente ID 81 -> CREATE bench_tcp_46 100
[2026-09-20 22:40:03] Cliente ID 78 -> CREATE bench_tcp_43 100
[2026-09-20 22:40:03] Cliente ID 67 -> CREATE bench_tcp_32 100
[2026-09-20 22:40:03] Cliente ID 82 -> CREATE bench_tcp_48 100
[2026-09-20 22:40:03] Cliente ID 71 <- OK RESOURCE_CREATED
[2026-09-20 22:40:03] Cliente ID 54 <- OK VALUE_UPDATED
[2026-09-20 22:40:03] Cliente ID 54 -> RESERVE bench_tcp_19
[2026-09-20 22:40:03] Cliente ID 84 -> GET bench_tcp_49
[2026-09-20 22:40:03] Cliente ID 84 <- OK VALUE 100
[2026-09-20 22:40:03] Cliente ID 36 -> CREATE bench_tcp_1 100
[2026-09-20 22:40:03] Cliente ID 36 <- ERROR RESOURCE_ALREADY_EXISTS
[2026-09-20 22:40:03] Cliente ID 57 -> CREATE bench_tcp_21 100
[2026-09-20 22:40:03] Cliente ID 46 -> GET bench_tcp_12
[2026-09-20 22:40:03] Cliente ID 46 <- OK VALUE 200
[2026-09-20 22:40:03] Cliente ID 71 -> GET bench_tcp_36
[2026-09-20 22:40:03] Cliente ID 71 <- OK VALUE 100
[2026-09-20 22:40:03] Cliente ID 58 -> CREATE bench_tcp_23 100
[2026-09-20 22:40:03] Cliente ID 62 <- OK RESOURCE_CREATED
[2026-09-20 22:40:03] Cliente ID 45 -> CREATE bench_tcp_11 100
[2026-09-20 22:40:03] Cliente ID 45 <- ERROR RESOURCE_ALREADY_EXISTS
[2026-09-20 22:40:03] Cliente ID 72 <- OK RESOURCE_CREATED
[2026-09-20 22:40:03] Cliente ID 76 <- OK RESOURCE_CREATED
[2026-09-20 22:40:03] Cliente ID 37 <- OK VALUE 200
[2026-09-20 22:40:03] Cliente ID 65 -> CREATE bench_tcp_29 100
[2026-09-20 22:40:03] Cliente ID 70 -> GET bench_tcp_35
[2026-09-20 22:40:03] Cliente ID 70 <- OK VALUE 100
[2026-09-20 22:40:03] Cliente ID 81 <- OK RESOURCE_CREATED
[2026-09-20 22:40:03] Cliente ID 82 <- OK RESOURCE_CREATED
[2026-09-20 22:40:03] Cliente ID 71 -> SET bench_tcp_36 200
[2026-09-20 22:40:03] Cliente ID 48 -> CREATE bench_tcp_13 100
[2026-09-20 22:40:03] Cliente ID 48 <- ERROR RESOURCE_ALREADY_EXISTS
[2026-09-20 22:40:03] Cliente ID 48 -> GET bench_tcp_13
[2026-09-20 22:40:03] Cliente ID 48 <- OK VALUE 200
[2026-09-20 22:40:03] Cliente ID 48 -> SET bench_tcp_13 200
[2026-09-20 22:40:03] Cliente ID 85 -> CREATE bench_tcp_50 100
[2026-09-20 22:40:03] Cliente ID 61 -> GET bench_tcp_26
[2026-09-20 22:40:03] Cliente ID 61 <- OK VALUE 100
[2026-09-20 22:40:03] Cliente ID 49 -> CREATE bench_tcp_14 100
[2026-09-20 22:40:03] Cliente ID 49 <- ERROR RESOURCE_ALREADY_EXISTS
[2026-09-20 22:40:03] Cliente ID 82 -> GET bench_tcp_48
[2026-09-20 22:40:03] Cliente ID 82 <- OK VALUE 100
[2026-09-20 22:40:03] Cliente ID 49 -> GET bench_tcp_14
[2026-09-20 22:40:03] Cliente ID 49 <- OK VALUE 200
[2026-09-20 22:40:03] Cliente ID 49 -> SET bench_tcp_14 200
[2026-09-20 22:40:03] Cliente ID 56 -> CREATE bench_tcp_22 100
[2026-09-20 22:40:03] Cliente ID 64 -> CREATE bench_tcp_30 100
[2026-09-20 22:40:03] Cliente ID 54 <- OK RESOURCE_RESERVED
[2026-09-20 22:40:03] Cliente ID 56 <- OK RESOURCE_CREATED
[2026-09-20 22:40:03] Cliente ID 69 -> CREATE bench_tcp_34 100
[2026-09-20 22:40:03] Cliente ID 74 -> CREATE bench_tcp_40 100
[2026-09-20 22:40:03] Cliente ID 46 -> SET bench_tcp_12 200
[2026-09-20 22:40:03] Cliente ID 60 -> CREATE bench_tcp_25 100
[2026-09-20 22:40:03] Cliente ID 73 -> CREATE bench_tcp_39 100
[2026-09-20 22:40:03] Cliente ID 57 <- OK RESOURCE_CREATED
[2026-09-20 22:40:03] Cliente ID 77 -> CREATE bench_tcp_42 100
[2026-09-20 22:40:03] Cliente ID 73 <- OK RESOURCE_CREATED
[2026-09-20 22:40:03] Cliente ID 59 <- OK RESOURCE_CREATED
[2026-09-20 22:40:03] Cliente ID 55 -> GET bench_tcp_20
[2026-09-20 22:40:03] Cliente ID 55 <- OK VALUE 200
[2026-09-20 22:40:03] Cliente ID 39 -> SET bench_tcp_5 200
[2026-09-20 22:40:03] Cliente ID 79 -> CREATE bench_tcp_44 100
[2026-09-20 22:40:03] Cliente ID 54 -> RELEASE bench_tcp_19
[2026-09-20 22:40:03] Cliente ID 41 -> GET bench_tcp_3
[2026-09-20 22:40:03] Cliente ID 41 <- OK VALUE 200
[2026-09-20 22:40:03] Cliente ID 45 -> GET bench_tcp_11
[2026-09-20 22:40:03] Cliente ID 45 <- OK VALUE 200
[2026-09-20 22:40:03] Cliente ID 61 -> SET bench_tcp_26 200
[2026-09-20 22:40:03] Cliente ID 75 -> CREATE bench_tcp_38 100
[2026-09-20 22:40:03] Cliente ID 36 -> GET bench_tcp_1
[2026-09-20 22:40:03] Cliente ID 36 <- OK VALUE 200
[2026-09-20 22:40:03] Cliente ID 84 -> SET bench_tcp_49 200
[2026-09-20 22:40:03] Cliente ID 81 -> GET bench_tcp_46
[2026-09-20 22:40:03] Cliente ID 81 <- OK VALUE 100
[2026-09-20 22:40:03] Cliente ID 59 -> GET bench_tcp_24
[2026-09-20 22:40:03] Cliente ID 59 <- OK VALUE 100
[2026-09-20 22:40:03] Cliente ID 70 -> SET bench_tcp_35 200
[2026-09-20 22:40:03] Cliente ID 65 <- OK RESOURCE_CREATED
[2026-09-20 22:40:03] Cliente ID 83 -> CREATE bench_tcp_47 100
[2026-09-20 22:40:03] Cliente ID 80 -> CREATE bench_tcp_45 100
[2026-09-20 22:40:03] Cliente ID 63 -> CREATE bench_tcp_28 100
[2026-09-20 22:40:03] Cliente ID 62 -> GET bench_tcp_27
[2026-09-20 22:40:03] Cliente ID 62 <- OK VALUE 100
[2026-09-20 22:40:03] Cliente ID 65 -> GET bench_tcp_29
[2026-09-20 22:40:03] Cliente ID 55 -> SET bench_tcp_20 200
[2026-09-20 22:40:03] Cliente ID 58 <- OK RESOURCE_CREATED
[2026-09-20 22:40:03] Cliente ID 81 -> SET bench_tcp_46 200
[2026-09-20 22:40:03] Cliente ID 40 -> GET bench_tcp_6
[2026-09-20 22:40:03] Cliente ID 40 <- OK VALUE 200
[2026-09-20 22:40:03] Cliente ID 44 -> SET bench_tcp_9 200
[2026-09-20 22:40:03] Cliente ID 73 -> GET bench_tcp_39
[2026-09-20 22:40:03] Cliente ID 73 <- OK VALUE 100
[2026-09-20 22:40:03] Cliente ID 59 -> SET bench_tcp_24 200
[2026-09-20 22:40:03] Cliente ID 36 -> SET bench_tcp_1 200
[2026-09-20 22:40:03] Cliente ID 57 -> GET bench_tcp_21
[2026-09-20 22:40:03] Cliente ID 57 <- OK VALUE 100
[2026-09-20 22:40:03] Cliente ID 72 -> GET bench_tcp_37
[2026-09-20 22:40:03] Cliente ID 72 <- OK VALUE 100
[2026-09-20 22:40:03] Cliente ID 62 -> SET bench_tcp_27 200
[2026-09-20 22:40:03] Cliente ID 58 -> GET bench_tcp_23
[2026-09-20 22:40:03] Cliente ID 58 <- OK VALUE 100
[2026-09-20 22:40:03] Cliente ID 37 -> SET bench_tcp_2 200
[2026-09-20 22:40:03] Cliente ID 40 -> SET bench_tcp_6 200
[2026-09-20 22:40:03] Cliente ID 61 <- OK VALUE_UPDATED
[2026-09-20 22:40:03] Cliente ID 73 -> SET bench_tcp_39 200
[2026-09-20 22:40:03] Cliente ID 51 -> CREATE bench_tcp_15 100
[2026-09-20 22:40:03] Cliente ID 51 <- ERROR RESOURCE_ALREADY_EXISTS
[2026-09-20 22:40:03] Cliente ID 41 -> SET bench_tcp_3 200
[2026-09-20 22:40:03] Cliente ID 45 -> SET bench_tcp_11 200
[2026-09-20 22:40:03] Cliente ID 68 <- OK RESOURCE_CREATED
[2026-09-20 22:40:03] Cliente ID 66 -> CREATE bench_tcp_31 100
[2026-09-20 22:40:03] Cliente ID 65 <- OK VALUE 100
[2026-09-20 22:40:03] Cliente ID 61 -> RESERVE bench_tcp_26
[2026-09-20 22:40:03] Cliente ID 57 -> SET bench_tcp_21 200
[2026-09-20 22:40:03] Cliente ID 56 -> GET bench_tcp_22
[2026-09-20 22:40:03] Cliente ID 56 <- OK VALUE 100
[2026-09-20 22:40:03] Cliente ID 65 -> SET bench_tcp_29 200
[2026-09-20 22:40:03] Cliente ID 51 -> GET bench_tcp_15
[2026-09-20 22:40:03] Cliente ID 51 <- OK VALUE 200
[2026-09-20 22:40:03] Cliente ID 82 -> SET bench_tcp_48 200
[2026-09-20 22:40:03] Cliente ID 72 -> SET bench_tcp_37 200
[2026-09-20 22:40:03] Cliente ID 40 <- OK VALUE_UPDATED
[2026-09-20 22:40:03] Cliente ID 42 -> CREATE bench_tcp_8 100
[2026-09-20 22:40:03] Cliente ID 42 <- ERROR RESOURCE_ALREADY_EXISTS
[2026-09-20 22:40:03] Cliente ID 56 -> SET bench_tcp_22 200
[2026-09-20 22:40:03] Cliente ID 67 <- OK RESOURCE_CREATED
[2026-09-20 22:40:03] Cliente ID 58 -> SET bench_tcp_23 200
[2026-09-20 22:40:03] Cliente ID 52 -> CREATE bench_tcp_17 100
[2026-09-20 22:40:03] Cliente ID 52 <- ERROR RESOURCE_ALREADY_EXISTS
[2026-09-20 22:40:03] Cliente ID 53 -> GET bench_tcp_18
[2026-09-20 22:40:03] Cliente ID 53 <- OK VALUE 200
[2026-09-20 22:40:03] Cliente ID 42 -> GET bench_tcp_8
[2026-09-20 22:40:03] Cliente ID 42 <- OK VALUE 200
[2026-09-20 22:40:03] Cliente ID 48 <- OK VALUE_UPDATED
[2026-09-20 22:40:03] Cliente ID 43 -> GET bench_tcp_7
[2026-09-20 22:40:03] Cliente ID 43 <- OK VALUE 200
[2026-09-20 22:40:03] Cliente ID 68 -> GET bench_tcp_33
[2026-09-20 22:40:03] Cliente ID 68 <- OK VALUE 100
[2026-09-20 22:40:03] Cliente ID 50 -> GET bench_tcp_16
[2026-09-20 22:40:03] Cliente ID 50 <- OK VALUE 200
[2026-09-20 22:40:03] Cliente ID 38 -> GET bench_tcp_4
[2026-09-20 22:40:03] Cliente ID 38 <- OK VALUE 200
[2026-09-20 22:40:03] Cliente ID 71 <- OK VALUE_UPDATED
[2026-09-20 22:40:03] Cliente ID 51 -> SET bench_tcp_15 200
[2026-09-20 22:40:03] Cliente ID 52 -> GET bench_tcp_17
[2026-09-20 22:40:03] Cliente ID 52 <- OK VALUE 200
[2026-09-20 22:40:03] Cliente ID 40 -> RESERVE bench_tcp_6
[2026-09-20 22:40:03] Cliente ID 67 -> GET bench_tcp_32
[2026-09-20 22:40:03] Cliente ID 53 -> SET bench_tcp_18 200
[2026-09-20 22:40:03] Cliente ID 49 <- OK VALUE_UPDATED
[2026-09-20 22:40:03] Cliente ID 85 <- OK RESOURCE_CREATED
[2026-09-20 22:40:03] Cliente ID 67 <- OK VALUE 100
[2026-09-20 22:40:03] Cliente ID 68 -> SET bench_tcp_33 200
[2026-09-20 22:40:03] Cliente ID 51 <- OK VALUE_UPDATED
[2026-09-20 22:40:03] Cliente ID 64 <- OK RESOURCE_CREATED
[2026-09-20 22:40:03] Cliente ID 76 -> GET bench_tcp_41
[2026-09-20 22:40:03] Cliente ID 76 <- OK VALUE 100
[2026-09-20 22:40:03] Cliente ID 49 -> RESERVE bench_tcp_14
[2026-09-20 22:40:03] Cliente ID 51 -> RESERVE bench_tcp_15
[2026-09-20 22:40:03] Cliente ID 38 -> SET bench_tcp_4 200
[2026-09-20 22:40:03] Cliente ID 49 <- OK RESOURCE_RESERVED
[2026-09-20 22:40:03] Cliente ID 78 <- OK RESOURCE_CREATED
[2026-09-20 22:40:03] Cliente ID 49 -> RELEASE bench_tcp_14
[2026-09-20 22:40:03] Cliente ID 42 -> SET bench_tcp_8 200
[2026-09-20 22:40:03] Cliente ID 52 -> SET bench_tcp_17 200
[2026-09-20 22:40:03] Cliente ID 76 -> SET bench_tcp_41 200
[2026-09-20 22:40:03] Cliente ID 38 <- OK VALUE_UPDATED
[2026-09-20 22:40:03] Cliente ID 51 <- OK RESOURCE_RESERVED
[2026-09-20 22:40:03] Cliente ID 48 -> RESERVE bench_tcp_13
[2026-09-20 22:40:03] Cliente ID 47 -> GET bench_tcp_10
[2026-09-20 22:40:03] Cliente ID 47 <- OK VALUE 200
[2026-09-20 22:40:03] Cliente ID 69 <- OK RESOURCE_CREATED
[2026-09-20 22:40:03] Cliente ID 85 -> GET bench_tcp_50
[2026-09-20 22:40:03] Cliente ID 85 <- OK VALUE 100
[2026-09-20 22:40:03] Cliente ID 60 <- OK RESOURCE_CREATED
[2026-09-20 22:40:03] Cliente ID 51 -> RELEASE bench_tcp_15
[2026-09-20 22:40:03] Cliente ID 74 <- OK RESOURCE_CREATED
[2026-09-20 22:40:03] Cliente ID 52 <- OK VALUE_UPDATED
[2026-09-20 22:40:03] Cliente ID 64 -> GET bench_tcp_30
[2026-09-20 22:40:03] Cliente ID 64 <- OK VALUE 100
[2026-09-20 22:40:03] Cliente ID 50 -> SET bench_tcp_16 200
[2026-09-20 22:40:03] Cliente ID 77 <- OK RESOURCE_CREATED
[2026-09-20 22:40:03] Cliente ID 67 -> SET bench_tcp_32 200
[2026-09-20 22:40:03] Cliente ID 69 -> GET bench_tcp_34
[2026-09-20 22:40:03] Cliente ID 69 <- OK VALUE 100
[2026-09-20 22:40:03] Cliente ID 43 -> SET bench_tcp_7 200
[2026-09-20 22:40:03] Cliente ID 71 -> RESERVE bench_tcp_36
[2026-09-20 22:40:03] Cliente ID 47 -> SET bench_tcp_10 200
[2026-09-20 22:40:03] Cliente ID 78 -> GET bench_tcp_43
[2026-09-20 22:40:03] Cliente ID 78 <- OK VALUE 100
[2026-09-20 22:40:03] Cliente ID 77 -> GET bench_tcp_42
[2026-09-20 22:40:03] Cliente ID 77 <- OK VALUE 100
[2026-09-20 22:40:03] Cliente ID 50 <- OK VALUE_UPDATED
[2026-09-20 22:40:03] Cliente ID 77 -> SET bench_tcp_42 200
[2026-09-20 22:40:03] Cliente ID 69 -> SET bench_tcp_34 200
[2026-09-20 22:40:03] Cliente ID 79 <- OK RESOURCE_CREATED
[2026-09-20 22:40:03] Cliente ID 60 -> GET bench_tcp_25
[2026-09-20 22:40:03] Cliente ID 60 <- OK VALUE 100
[2026-09-20 22:40:03] Cliente ID 64 -> SET bench_tcp_30 200
[2026-09-20 22:40:03] Cliente ID 79 -> GET bench_tcp_44
[2026-09-20 22:40:03] Cliente ID 79 <- OK VALUE 100
[2026-09-20 22:40:03] Cliente ID 52 -> RESERVE bench_tcp_17
[2026-09-20 22:40:03] Cliente ID 85 -> SET bench_tcp_50 200
[2026-09-20 22:40:03] Cliente ID 54 <- OK RESOURCE_RELEASED
[2026-09-20 22:40:03] Cliente ID 75 <- OK RESOURCE_CREATED
[2026-09-20 22:40:03] Cliente ID 52 <- OK RESOURCE_RESERVED
[2026-09-20 22:40:03] Cliente ID 78 -> SET bench_tcp_43 200
[2026-09-20 22:40:03] Cliente ID 50 -> RESERVE bench_tcp_16
[2026-09-20 22:40:03] Cliente ID 70 <- OK VALUE_UPDATED
[2026-09-20 22:40:03] Cliente ID 60 -> SET bench_tcp_25 200
[2026-09-20 22:40:03] Cliente ID 74 -> GET bench_tcp_40
[2026-09-20 22:40:03] Cliente ID 79 -> SET bench_tcp_44 200
[2026-09-20 22:40:03] Cliente ID 75 -> GET bench_tcp_38
[2026-09-20 22:40:03] Cliente ID 70 -> RESERVE bench_tcp_35
[2026-09-20 22:40:03] Cliente ID 83 <- OK RESOURCE_CREATED
[2026-09-20 22:40:03] Cliente ID 38 -> RESERVE bench_tcp_4
[2026-09-20 22:40:03] Cliente ID 52 -> RELEASE bench_tcp_17
[2026-09-20 22:40:03] Cliente ID 80 <- OK RESOURCE_CREATED
[2026-09-20 22:40:03] Cliente ID 83 -> GET bench_tcp_47
[2026-09-20 22:40:03] Cliente ID 80 -> GET bench_tcp_45
[2026-09-20 22:40:03] Cliente ID 55 <- OK VALUE_UPDATED
[2026-09-20 22:40:03] Cliente ID 63 <- OK RESOURCE_CREATED
[2026-09-20 22:40:03] Cliente ID 63 -> GET bench_tcp_28
[2026-09-20 22:40:03] Cliente ID 55 -> RESERVE bench_tcp_20
[2026-09-20 22:40:03] Cliente ID 81 <- OK VALUE_UPDATED
[2026-09-20 22:40:03] Cliente ID 81 -> RESERVE bench_tcp_46
[2026-09-20 22:40:03] Cliente ID 44 <- OK VALUE_UPDATED
[2026-09-20 22:40:03] Cliente ID 59 <- OK VALUE_UPDATED
[2026-09-20 22:40:03] Cliente ID 44 -> RESERVE bench_tcp_9
[2026-09-20 22:40:03] Cliente ID 59 -> RESERVE bench_tcp_24
[2026-09-20 22:40:03] Cliente ID 36 <- OK VALUE_UPDATED
[2026-09-20 22:40:03] Cliente ID 36 -> RESERVE bench_tcp_1
[2026-09-20 22:40:03] Cliente ID 62 <- OK VALUE_UPDATED
[2026-09-20 22:40:03] Cliente ID 62 -> RESERVE bench_tcp_27
[2026-09-20 22:40:03] Cliente ID 37 <- OK VALUE_UPDATED
[2026-09-20 22:40:03] Cliente ID 37 -> RESERVE bench_tcp_2
[2026-09-20 22:40:03] Cliente ID 73 <- OK VALUE_UPDATED
[2026-09-20 22:40:03] Cliente ID 73 -> RESERVE bench_tcp_39
[2026-09-20 22:40:03] Cliente ID 41 <- OK VALUE_UPDATED
[2026-09-20 22:40:03] Cliente ID 41 -> RESERVE bench_tcp_3
[2026-09-20 22:40:03] Cliente ID 66 <- OK RESOURCE_CREATED
[2026-09-20 22:40:03] Cliente ID 66 -> GET bench_tcp_31
[2026-09-20 22:40:03] Cliente ID 45 <- OK VALUE_UPDATED
[2026-09-20 22:40:03] Cliente ID 45 -> RESERVE bench_tcp_11
[2026-09-20 22:40:03] Cliente ID 61 <- OK RESOURCE_RESERVED
[2026-09-20 22:40:03] Cliente ID 61 -> RELEASE bench_tcp_26
[2026-09-20 22:40:03] Cliente ID 57 <- OK VALUE_UPDATED
[2026-09-20 22:40:03] Cliente ID 65 <- OK VALUE_UPDATED
[2026-09-20 22:40:03] Cliente ID 65 -> RESERVE bench_tcp_29
[2026-09-20 22:40:03] Cliente ID 57 -> RESERVE bench_tcp_21
[2026-09-20 22:40:03] Cliente ID 56 <- OK VALUE_UPDATED
[2026-09-20 22:40:03] Cliente ID 56 -> RESERVE bench_tcp_22
[2026-09-20 22:40:03] Cliente ID 82 <- OK VALUE_UPDATED
[2026-09-20 22:40:03] Cliente ID 82 -> RESERVE bench_tcp_48
[2026-09-20 22:40:03] Cliente ID 72 <- OK VALUE_UPDATED
[2026-09-20 22:40:03] Cliente ID 72 -> RESERVE bench_tcp_37
[2026-09-20 22:40:03] Cliente ID 58 <- OK VALUE_UPDATED
[2026-09-20 22:40:03] Cliente ID 58 -> RESERVE bench_tcp_23
[2026-09-20 22:40:03] Cliente ID 40 <- OK RESOURCE_RESERVED
[2026-09-20 22:40:03] Cliente ID 40 -> RELEASE bench_tcp_6
[2026-09-20 22:40:03] Cliente ID 53 <- OK VALUE_UPDATED
[2026-09-20 22:40:03] Cliente ID 68 <- OK VALUE_UPDATED
[2026-09-20 22:40:03] Cliente ID 68 -> RESERVE bench_tcp_33
[2026-09-20 22:40:03] Cliente ID 53 -> RESERVE bench_tcp_18
[2026-09-20 22:40:03] Cliente ID 49 <- OK RESOURCE_RELEASED
[2026-09-20 22:40:03] Cliente ID 42 <- OK VALUE_UPDATED
[2026-09-20 22:40:03] Cliente ID 42 -> RESERVE bench_tcp_8
[2026-09-20 22:40:03] Cliente ID 46 <- OK VALUE_UPDATED
[2026-09-20 22:40:03] Cliente ID 46 -> RESERVE bench_tcp_12
[2026-09-20 22:40:03] Cliente ID 76 <- OK VALUE_UPDATED
[2026-09-20 22:40:03] Cliente ID 76 -> RESERVE bench_tcp_41
[2026-09-20 22:40:03] Cliente ID 48 <- OK RESOURCE_RESERVED
[2026-09-20 22:40:03] Cliente ID 48 -> RELEASE bench_tcp_13
[2026-09-20 22:40:03] Cliente ID 51 <- OK RESOURCE_RELEASED
[2026-09-20 22:40:03] Cliente ID 39 <- OK VALUE_UPDATED
[2026-09-20 22:40:03] Cliente ID 39 -> RESERVE bench_tcp_5
[2026-09-20 22:40:03] Cliente ID 67 <- OK VALUE_UPDATED
[2026-09-20 22:40:03] Cliente ID 67 -> RESERVE bench_tcp_32
[2026-09-20 22:40:03] Cliente ID 43 <- OK VALUE_UPDATED
[2026-09-20 22:40:03] Cliente ID 43 -> RESERVE bench_tcp_7
[2026-09-20 22:40:03] Cliente ID 71 <- OK RESOURCE_RESERVED
[2026-09-20 22:40:03] Cliente ID 47 <- OK VALUE_UPDATED
[2026-09-20 22:40:03] Cliente ID 77 <- OK VALUE_UPDATED
[2026-09-20 22:40:03] Cliente ID 47 -> RESERVE bench_tcp_10
[2026-09-20 22:40:03] Cliente ID 71 -> RELEASE bench_tcp_36
[2026-09-20 22:40:03] Cliente ID 77 -> RESERVE bench_tcp_42
[2026-09-20 22:40:03] Cliente ID 69 <- OK VALUE_UPDATED
[2026-09-20 22:40:03] Cliente ID 69 -> RESERVE bench_tcp_34
[2026-09-20 22:40:03] Cliente ID 64 <- OK VALUE_UPDATED
[2026-09-20 22:40:03] Cliente ID 64 -> RESERVE bench_tcp_30
[2026-09-20 22:40:03] Cliente ID 85 <- OK VALUE_UPDATED
[2026-09-20 22:40:03] Cliente ID 85 -> RESERVE bench_tcp_50
[2026-09-20 22:40:03] Cliente ID 84 <- OK VALUE_UPDATED
[2026-09-20 22:40:03] Recursos do cliente ID 54 liberados automaticamente
[2026-09-20 22:40:03] Cliente ID 54 desconectado
[2026-09-20 22:40:03] Cliente ID 84 -> RESERVE bench_tcp_49
[2026-09-20 22:40:03] Cliente ID 74 <- OK VALUE 100
[2026-09-20 22:40:03] Cliente ID 78 <- OK VALUE_UPDATED
[2026-09-20 22:40:03] Cliente ID 75 <- OK VALUE 100
[2026-09-20 22:40:03] Cliente ID 74 -> SET bench_tcp_40 200
[2026-09-20 22:40:03] Cliente ID 78 -> RESERVE bench_tcp_43
[2026-09-20 22:40:03] Cliente ID 84 <- OK RESOURCE_RESERVED
[2026-09-20 22:40:03] Cliente ID 83 <- OK VALUE 100
[2026-09-20 22:40:03] Cliente ID 78 <- OK RESOURCE_RESERVED
[2026-09-20 22:40:03] Cliente ID 75 -> SET bench_tcp_38 200
[2026-09-20 22:40:03] Cliente ID 83 -> SET bench_tcp_47 200
[2026-09-20 22:40:03] Cliente ID 63 <- OK VALUE 100
[2026-09-20 22:40:03] Cliente ID 80 <- OK VALUE 100
[2026-09-20 22:40:03] Cliente ID 63 -> SET bench_tcp_28 200
[2026-09-20 22:40:03] Cliente ID 60 <- OK VALUE_UPDATED
[2026-09-20 22:40:03] Cliente ID 78 -> RELEASE bench_tcp_43
[2026-09-20 22:40:03] Cliente ID 50 <- OK RESOURCE_RESERVED
[2026-09-20 22:40:03] Cliente ID 55 <- OK RESOURCE_RESERVED
[2026-09-20 22:40:03] Cliente ID 84 -> RELEASE bench_tcp_49
[2026-09-20 22:40:03] Cliente ID 80 -> SET bench_tcp_45 200
[2026-09-20 22:40:03] Cliente ID 60 -> RESERVE bench_tcp_25
[2026-09-20 22:40:03] Cliente ID 55 -> RELEASE bench_tcp_20
[2026-09-20 22:40:03] Cliente ID 36 <- OK RESOURCE_RESERVED
[2026-09-20 22:40:03] Cliente ID 50 -> RELEASE bench_tcp_16
[2026-09-20 22:40:03] Cliente ID 81 <- OK RESOURCE_RESERVED
[2026-09-20 22:40:03] Cliente ID 60 <- OK RESOURCE_RESERVED
[2026-09-20 22:40:03] Cliente ID 60 -> RELEASE bench_tcp_25
[2026-09-20 22:40:03] Cliente ID 36 -> RELEASE bench_tcp_1
[2026-09-20 22:40:03] Cliente ID 79 <- OK VALUE_UPDATED
[2026-09-20 22:40:03] Cliente ID 66 <- OK VALUE 100
[2026-09-20 22:40:03] Cliente ID 81 -> RELEASE bench_tcp_46
[2026-09-20 22:40:03] Cliente ID 79 -> RESERVE bench_tcp_44
[2026-09-20 22:40:03] Cliente ID 73 <- OK RESOURCE_RESERVED
[2026-09-20 22:40:03] Cliente ID 56 <- OK RESOURCE_RESERVED
[2026-09-20 22:40:03] Cliente ID 70 <- OK RESOURCE_RESERVED
[2026-09-20 22:40:03] Cliente ID 82 <- OK RESOURCE_RESERVED
[2026-09-20 22:40:03] Cliente ID 40 <- OK RESOURCE_RELEASED
[2026-09-20 22:40:03] Cliente ID 38 <- OK RESOURCE_RESERVED
[2026-09-20 22:40:03] Cliente ID 66 -> SET bench_tcp_31 200
[2026-09-20 22:40:03] Cliente ID 56 -> RELEASE bench_tcp_22
[2026-09-20 22:40:03] Cliente ID 70 -> RELEASE bench_tcp_35
[2026-09-20 22:40:03] Cliente ID 73 -> RELEASE bench_tcp_39
[2026-09-20 22:40:03] Cliente ID 52 <- OK RESOURCE_RELEASED
[2026-09-20 22:40:03] Cliente ID 74 <- OK VALUE_UPDATED
[2026-09-20 22:40:03] Cliente ID 63 <- OK VALUE_UPDATED
[2026-09-20 22:40:03] Cliente ID 38 -> RELEASE bench_tcp_4
[2026-09-20 22:40:03] Cliente ID 83 <- OK VALUE_UPDATED
[2026-09-20 22:40:03] Cliente ID 82 -> RELEASE bench_tcp_48
[2026-09-20 22:40:03] Cliente ID 74 -> RESERVE bench_tcp_40
[2026-09-20 22:40:03] Cliente ID 63 -> RESERVE bench_tcp_28
[2026-09-20 22:40:03] Cliente ID 83 -> RESERVE bench_tcp_47
[2026-09-20 22:40:03] Cliente ID 75 <- OK VALUE_UPDATED
[2026-09-20 22:40:03] Cliente ID 78 <- OK RESOURCE_RELEASED
[2026-09-20 22:40:03] Cliente ID 44 <- OK RESOURCE_RESERVED
[2026-09-20 22:40:03] Cliente ID 44 -> RELEASE bench_tcp_9
[2026-09-20 22:40:03] Cliente ID 75 -> RESERVE bench_tcp_38
[2026-09-20 22:40:03] Cliente ID 84 <- OK RESOURCE_RELEASED
[2026-09-20 22:40:03] Cliente ID 59 <- OK RESOURCE_RESERVED
[2026-09-20 22:40:03] Cliente ID 59 -> RELEASE bench_tcp_24
[2026-09-20 22:40:03] Cliente ID 80 <- OK VALUE_UPDATED
[2026-09-20 22:40:03] Cliente ID 80 -> RESERVE bench_tcp_45
[2026-09-20 22:40:03] Cliente ID 62 <- OK RESOURCE_RESERVED
[2026-09-20 22:40:03] Cliente ID 55 <- OK RESOURCE_RELEASED
[2026-09-20 22:40:03] Cliente ID 62 -> RELEASE bench_tcp_27
[2026-09-20 22:40:03] Cliente ID 50 <- OK RESOURCE_RELEASED
[2026-09-20 22:40:03] Cliente ID 37 <- OK RESOURCE_RESERVED
[2026-09-20 22:40:03] Cliente ID 37 -> RELEASE bench_tcp_2
[2026-09-20 22:40:03] Cliente ID 36 <- OK RESOURCE_RELEASED
[2026-09-20 22:40:03] Cliente ID 60 <- OK RESOURCE_RELEASED
[2026-09-20 22:40:03] Cliente ID 41 <- OK RESOURCE_RESERVED
[2026-09-20 22:40:03] Cliente ID 81 <- OK RESOURCE_RELEASED
[2026-09-20 22:40:03] Cliente ID 41 -> RELEASE bench_tcp_3
[2026-09-20 22:40:03] Cliente ID 45 <- OK RESOURCE_RESERVED
[2026-09-20 22:40:03] Cliente ID 45 -> RELEASE bench_tcp_11
[2026-09-20 22:40:03] Cliente ID 79 <- OK RESOURCE_RESERVED
[2026-09-20 22:40:03] Cliente ID 79 -> RELEASE bench_tcp_44
[2026-09-20 22:40:03] Cliente ID 61 <- OK RESOURCE_RELEASED
[2026-09-20 22:40:03] Cliente ID 65 <- OK RESOURCE_RESERVED
[2026-09-20 22:40:03] Cliente ID 65 -> RELEASE bench_tcp_29
[2026-09-20 22:40:03] Cliente ID 57 <- OK RESOURCE_RESERVED
[2026-09-20 22:40:03] Cliente ID 72 <- OK RESOURCE_RESERVED
[2026-09-20 22:40:03] Cliente ID 57 -> RELEASE bench_tcp_21
[2026-09-20 22:40:03] Cliente ID 72 -> RELEASE bench_tcp_37
[2026-09-20 22:40:03] Cliente ID 58 <- OK RESOURCE_RESERVED
[2026-09-20 22:40:03] Cliente ID 58 -> RELEASE bench_tcp_23
[2026-09-20 22:40:03] Cliente ID 68 <- OK RESOURCE_RESERVED
[2026-09-20 22:40:03] Cliente ID 68 -> RELEASE bench_tcp_33
[2026-09-20 22:40:03] Recursos do cliente ID 49 liberados automaticamente
[2026-09-20 22:40:03] Cliente ID 49 desconectado
[2026-09-20 22:40:03] Cliente ID 53 <- OK RESOURCE_RESERVED
[2026-09-20 22:40:03] Cliente ID 53 -> RELEASE bench_tcp_18
[2026-09-20 22:40:03] Cliente ID 46 <- OK RESOURCE_RESERVED
[2026-09-20 22:40:03] Cliente ID 46 -> RELEASE bench_tcp_12
[2026-09-20 22:40:03] Recursos do cliente ID 51 liberados automaticamente
[2026-09-20 22:40:03] Cliente ID 51 desconectado
[2026-09-20 22:40:03] Cliente ID 42 <- OK RESOURCE_RESERVED
[2026-09-20 22:40:03] Cliente ID 39 <- OK RESOURCE_RESERVED
[2026-09-20 22:40:03] Cliente ID 42 -> RELEASE bench_tcp_8
[2026-09-20 22:40:03] Cliente ID 39 -> RELEASE bench_tcp_5
[2026-09-20 22:40:03] Cliente ID 67 <- OK RESOURCE_RESERVED
[2026-09-20 22:40:03] Cliente ID 76 <- OK RESOURCE_RESERVED
[2026-09-20 22:40:03] Cliente ID 76 -> RELEASE bench_tcp_41
[2026-09-20 22:40:03] Cliente ID 48 <- OK RESOURCE_RELEASED
[2026-09-20 22:40:03] Cliente ID 67 -> RELEASE bench_tcp_32
[2026-09-20 22:40:03] Cliente ID 53 <- OK RESOURCE_RELEASED
[2026-09-20 22:40:03] Cliente ID 46 <- OK RESOURCE_RELEASED
[2026-09-20 22:40:03] Cliente ID 42 <- OK RESOURCE_RELEASED
[2026-09-20 22:40:03] Cliente ID 43 <- OK RESOURCE_RESERVED
[2026-09-20 22:40:03] Cliente ID 47 <- OK RESOURCE_RESERVED
[2026-09-20 22:40:03] Cliente ID 47 -> RELEASE bench_tcp_10
[2026-09-20 22:40:03] Cliente ID 71 <- OK RESOURCE_RELEASED
[2026-09-20 22:40:03] Cliente ID 43 -> RELEASE bench_tcp_7
[2026-09-20 22:40:03] Cliente ID 39 <- OK RESOURCE_RELEASED
[2026-09-20 22:40:03] Cliente ID 77 <- OK RESOURCE_RESERVED
[2026-09-20 22:40:03] Cliente ID 77 -> RELEASE bench_tcp_42
[2026-09-20 22:40:03] Cliente ID 69 <- OK RESOURCE_RESERVED
[2026-09-20 22:40:03] Cliente ID 69 -> RELEASE bench_tcp_34
[2026-09-20 22:40:03] Cliente ID 64 <- OK RESOURCE_RESERVED
[2026-09-20 22:40:03] Cliente ID 64 -> RELEASE bench_tcp_30
[2026-09-20 22:40:03] Cliente ID 85 <- OK RESOURCE_RESERVED
[2026-09-20 22:40:03] Cliente ID 85 -> RELEASE bench_tcp_50
[2026-09-20 22:40:03] Cliente ID 66 <- OK VALUE_UPDATED
[2026-09-20 22:40:03] Cliente ID 66 -> RESERVE bench_tcp_31
[2026-09-20 22:40:03] Cliente ID 56 <- OK RESOURCE_RELEASED
[2026-09-20 22:40:03] Recursos do cliente ID 40 liberados automaticamente
[2026-09-20 22:40:03] Cliente ID 40 desconectado
[2026-09-20 22:40:03] Recursos do cliente ID 56 liberados automaticamente
[2026-09-20 22:40:03] Cliente ID 56 desconectado
[2026-09-20 22:40:03] Cliente ID 73 <- OK RESOURCE_RELEASED
[2026-09-20 22:40:03] Cliente ID 38 <- OK RESOURCE_RELEASED
[2026-09-20 22:40:03] Cliente ID 82 <- OK RESOURCE_RELEASED
[2026-09-20 22:40:03] Recursos do cliente ID 73 liberados automaticamente
[2026-09-20 22:40:03] Cliente ID 73 desconectado
[2026-09-20 22:40:03] Cliente ID 74 <- OK RESOURCE_RESERVED
[2026-09-20 22:40:03] Cliente ID 74 -> RELEASE bench_tcp_40
[2026-09-20 22:40:03] Recursos do cliente ID 78 liberados automaticamente
[2026-09-20 22:40:03] Cliente ID 78 desconectado
[2026-09-20 22:40:03] Cliente ID 59 <- OK RESOURCE_RELEASED
[2026-09-20 22:40:03] Cliente ID 63 <- OK RESOURCE_RESERVED
[2026-09-20 22:40:03] Cliente ID 83 <- OK RESOURCE_RESERVED
[2026-09-20 22:40:03] Cliente ID 83 -> RELEASE bench_tcp_47
[2026-09-20 22:40:03] Cliente ID 63 -> RELEASE bench_tcp_28
[2026-09-20 22:40:03] Cliente ID 44 <- OK RESOURCE_RELEASED
[2026-09-20 22:40:03] Cliente ID 75 <- OK RESOURCE_RESERVED
[2026-09-20 22:40:03] Cliente ID 75 -> RELEASE bench_tcp_38
[2026-09-20 22:40:03] Recursos do cliente ID 84 liberados automaticamente
[2026-09-20 22:40:03] Cliente ID 62 <- OK RESOURCE_RELEASED
[2026-09-20 22:40:03] Cliente ID 84 desconectado
[2026-09-20 22:40:03] Recursos do cliente ID 55 liberados automaticamente
[2026-09-20 22:40:03] Cliente ID 55 desconectado
[2026-09-20 22:40:03] Recursos do cliente ID 62 liberados automaticamente
[2026-09-20 22:40:03] Cliente ID 62 desconectado
[2026-09-20 22:40:03] Cliente ID 80 <- OK RESOURCE_RESERVED
[2026-09-20 22:40:03] Cliente ID 80 -> RELEASE bench_tcp_45
[2026-09-20 22:40:03] Cliente ID 37 <- OK RESOURCE_RELEASED
[2026-09-20 22:40:03] Recursos do cliente ID 60 liberados automaticamente
[2026-09-20 22:40:03] Cliente ID 60 desconectado
[2026-09-20 22:40:03] Recursos do cliente ID 36 liberados automaticamente
[2026-09-20 22:40:03] Cliente ID 36 desconectado
[2026-09-20 22:40:03] Cliente ID 41 <- OK RESOURCE_RELEASED
[2026-09-20 22:40:03] Recursos do cliente ID 81 liberados automaticamente
[2026-09-20 22:40:03] Cliente ID 81 desconectado
[2026-09-20 22:40:03] Recursos do cliente ID 61 liberados automaticamente
[2026-09-20 22:40:03] Cliente ID 45 <- OK RESOURCE_RELEASED
[2026-09-20 22:40:03] Cliente ID 61 desconectado
[2026-09-20 22:40:03] Cliente ID 65 <- OK RESOURCE_RELEASED
[2026-09-20 22:40:03] Cliente ID 79 <- OK RESOURCE_RELEASED
[2026-09-20 22:40:03] Recursos do cliente ID 41 liberados automaticamente
[2026-09-20 22:40:03] Cliente ID 72 <- OK RESOURCE_RELEASED
[2026-09-20 22:40:03] Cliente ID 41 desconectado
[2026-09-20 22:40:03] Recursos do cliente ID 72 liberados automaticamente
[2026-09-20 22:40:03] Cliente ID 72 desconectado
[2026-09-20 22:40:03] Cliente ID 58 <- OK RESOURCE_RELEASED
[2026-09-20 22:40:03] Cliente ID 68 <- OK RESOURCE_RELEASED
[2026-09-20 22:40:03] Recursos do cliente ID 48 liberados automaticamente
[2026-09-20 22:40:03] Cliente ID 48 desconectado
[2026-09-20 22:40:03] Cliente ID 67 <- OK RESOURCE_RELEASED
[2026-09-20 22:40:03] Recursos do cliente ID 42 liberados automaticamente
[2026-09-20 22:40:03] Cliente ID 42 desconectado
[2026-09-20 22:40:03] Recursos do cliente ID 67 liberados automaticamente
[2026-09-20 22:40:03] Cliente ID 67 desconectado
[2026-09-20 22:40:03] Recursos do cliente ID 46 liberados automaticamente
[2026-09-20 22:40:03] Cliente ID 46 desconectado
[2026-09-20 22:40:03] Cliente ID 47 <- OK RESOURCE_RELEASED
[2026-09-20 22:40:03] Cliente ID 43 <- OK RESOURCE_RELEASED
[2026-09-20 22:40:03] Recursos do cliente ID 71 liberados automaticamente
[2026-09-20 22:40:03] Cliente ID 71 desconectado
[2026-09-20 22:40:03] Recursos do cliente ID 39 liberados automaticamente
[2026-09-20 22:40:03] Cliente ID 39 desconectado
[2026-09-20 22:40:03] Cliente ID 77 <- OK RESOURCE_RELEASED
[2026-09-20 22:40:03] Cliente ID 69 <- OK RESOURCE_RELEASED
[2026-09-20 22:40:03] Cliente ID 64 <- OK RESOURCE_RELEASED
[2026-09-20 22:40:03] Cliente ID 85 <- OK RESOURCE_RELEASED
[2026-09-20 22:40:03] Cliente ID 66 <- OK RESOURCE_RESERVED
[2026-09-20 22:40:03] Recursos do cliente ID 69 liberados automaticamente
[2026-09-20 22:40:03] Cliente ID 66 -> RELEASE bench_tcp_31
[2026-09-20 22:40:03] Cliente ID 69 desconectado
[2026-09-20 22:40:03] Cliente ID 66 <- OK RESOURCE_RELEASED
[2026-09-20 22:40:03] Recursos do cliente ID 52 liberados automaticamente
[2026-09-20 22:40:03] Cliente ID 52 desconectado
[2026-09-20 22:40:03] Recursos do cliente ID 38 liberados automaticamente
[2026-09-20 22:40:03] Cliente ID 38 desconectado
[2026-09-20 22:40:03] Recursos do cliente ID 82 liberados automaticamente
[2026-09-20 22:40:03] Cliente ID 82 desconectado
[2026-09-20 22:40:03] Cliente ID 74 <- OK RESOURCE_RELEASED
[2026-09-20 22:40:03] Recursos do cliente ID 59 liberados automaticamente
[2026-09-20 22:40:03] Cliente ID 59 desconectado
[2026-09-20 22:40:03] Cliente ID 63 <- OK RESOURCE_RELEASED
[2026-09-20 22:40:03] Recursos do cliente ID 44 liberados automaticamente
[2026-09-20 22:40:03] Cliente ID 83 <- OK RESOURCE_RELEASED
[2026-09-20 22:40:03] Cliente ID 44 desconectado
[2026-09-20 22:40:03] Cliente ID 75 <- OK RESOURCE_RELEASED
[2026-09-20 22:40:03] Recursos do cliente ID 50 liberados automaticamente
[2026-09-20 22:40:03] Cliente ID 50 desconectado
[2026-09-20 22:40:03] Cliente ID 80 <- OK RESOURCE_RELEASED
[2026-09-20 22:40:03] Recursos do cliente ID 75 liberados automaticamente
[2026-09-20 22:40:03] Cliente ID 57 <- OK RESOURCE_RELEASED
[2026-09-20 22:40:03] Cliente ID 75 desconectado
[2026-09-20 22:40:03] Recursos do cliente ID 45 liberados automaticamente
[2026-09-20 22:40:03] Cliente ID 45 desconectado
[2026-09-20 22:40:03] Recursos do cliente ID 57 liberados automaticamente
[2026-09-20 22:40:03] Cliente ID 57 desconectado
[2026-09-20 22:40:03] Recursos do cliente ID 79 liberados automaticamente
[2026-09-20 22:40:03] Cliente ID 79 desconectado
[2026-09-20 22:40:03] Recursos do cliente ID 58 liberados automaticamente
[2026-09-20 22:40:03] Cliente ID 58 desconectado
[2026-09-20 22:40:03] Recursos do cliente ID 68 liberados automaticamente
[2026-09-20 22:40:03] Cliente ID 68 desconectado
[2026-09-20 22:40:03] Cliente ID 76 <- OK RESOURCE_RELEASED
[2026-09-20 22:40:03] Recursos do cliente ID 53 liberados automaticamente
[2026-09-20 22:40:03] Cliente ID 53 desconectado
[2026-09-20 22:40:03] Recursos do cliente ID 47 liberados automaticamente
[2026-09-20 22:40:03] Cliente ID 47 desconectado
[2026-09-20 22:40:03] Recursos do cliente ID 43 liberados automaticamente
[2026-09-20 22:40:03] Cliente ID 43 desconectado
[2026-09-20 22:40:03] Recursos do cliente ID 77 liberados automaticamente
[2026-09-20 22:40:03] Cliente ID 77 desconectado
[2026-09-20 22:40:03] Cliente ID 70 <- OK RESOURCE_RELEASED
[2026-09-20 22:40:03] Recursos do cliente ID 85 liberados automaticamente
[2026-09-20 22:40:03] Cliente ID 85 desconectado
[2026-09-20 22:40:03] Recursos do cliente ID 64 liberados automaticamente
[2026-09-20 22:40:03] Cliente ID 64 desconectado
[2026-09-20 22:40:03] Recursos do cliente ID 66 liberados automaticamente
[2026-09-20 22:40:03] Cliente ID 66 desconectado
[2026-09-20 22:40:03] Recursos do cliente ID 74 liberados automaticamente
[2026-09-20 22:40:03] Cliente ID 74 desconectado
[2026-09-20 22:40:03] Recursos do cliente ID 63 liberados automaticamente
[2026-09-20 22:40:03] Cliente ID 63 desconectado
[2026-09-20 22:40:03] Recursos do cliente ID 83 liberados automaticamente
[2026-09-20 22:40:03] Cliente ID 83 desconectado
[2026-09-20 22:40:03] Recursos do cliente ID 37 liberados automaticamente
[2026-09-20 22:40:03] Cliente ID 37 desconectado
[2026-09-20 22:40:03] Recursos do cliente ID 80 liberados automaticamente
[2026-09-20 22:40:03] Cliente ID 80 desconectado
[2026-09-20 22:40:03] Recursos do cliente ID 65 liberados automaticamente
[2026-09-20 22:40:03] Cliente ID 65 desconectado
[2026-09-20 22:40:03] Recursos do cliente ID 76 liberados automaticamente
[2026-09-20 22:40:03] Cliente ID 76 desconectado
[2026-09-20 22:40:03] Recursos do cliente ID 70 liberados automaticamente
[2026-09-20 22:40:03] Cliente ID 70 desconectado
[2026-09-20 22:40:04] Cliente ID 86 conectado
[2026-09-20 22:40:04] Cliente ID 87 conectado
[2026-09-20 22:40:04] Cliente ID 87 -> LOGIN andreia 1234
[2026-09-20 22:40:04] Cliente ID 87 <- OK AUTHENTICATED
[2026-09-20 22:40:04] Cliente ID 88 conectado
[2026-09-20 22:40:04] Cliente ID 88 -> LOGIN andreia 1234
[2026-09-20 22:40:04] Cliente ID 88 <- OK AUTHENTICATED
[2026-09-20 22:40:04] Cliente ID 89 conectado
[2026-09-20 22:40:04] Cliente ID 90 conectado
[2026-09-20 22:40:04] Cliente ID 89 -> LOGIN andreia 1234
[2026-09-20 22:40:04] Cliente ID 89 <- OK AUTHENTICATED
[2026-09-20 22:40:04] Cliente ID 86 -> LOGIN andreia 1234
[2026-09-20 22:40:04] Cliente ID 86 <- OK AUTHENTICATED
[2026-09-20 22:40:04] Cliente ID 91 conectado
[2026-09-20 22:40:04] Cliente ID 90 -> LOGIN andreia 1234
[2026-09-20 22:40:04] Cliente ID 90 <- OK AUTHENTICATED
[2026-09-20 22:40:04] Cliente ID 92 conectado
[2026-09-20 22:40:04] Cliente ID 93 conectado
[2026-09-20 22:40:04] Cliente ID 94 conectado
[2026-09-20 22:40:04] Cliente ID 93 -> LOGIN andreia 1234
[2026-09-20 22:40:04] Cliente ID 93 <- OK AUTHENTICATED
[2026-09-20 22:40:04] Cliente ID 92 -> LOGIN andreia 1234
[2026-09-20 22:40:04] Cliente ID 92 <- OK AUTHENTICATED
[2026-09-20 22:40:04] Cliente ID 94 -> LOGIN andreia 1234
[2026-09-20 22:40:04] Cliente ID 94 <- OK AUTHENTICATED
[2026-09-20 22:40:04] Cliente ID 91 -> LOGIN andreia 1234
[2026-09-20 22:40:04] Cliente ID 91 <- OK AUTHENTICATED
[2026-09-20 22:40:04] Cliente ID 95 conectado
[2026-09-20 22:40:04] Cliente ID 95 -> LOGIN andreia 1234
[2026-09-20 22:40:04] Cliente ID 95 <- OK AUTHENTICATED
[2026-09-20 22:40:04] Cliente ID 96 conectado
[2026-09-20 22:40:04] Cliente ID 97 conectado
[2026-09-20 22:40:04] Cliente ID 96 -> LOGIN andreia 1234
[2026-09-20 22:40:04] Cliente ID 96 <- OK AUTHENTICATED
[2026-09-20 22:40:04] Cliente ID 97 -> LOGIN andreia 1234
[2026-09-20 22:40:04] Cliente ID 97 <- OK AUTHENTICATED
[2026-09-20 22:40:04] Cliente ID 98 conectado
[2026-09-20 22:40:04] Cliente ID 99 conectado
[2026-09-20 22:40:04] Cliente ID 98 -> LOGIN andreia 1234
[2026-09-20 22:40:04] Cliente ID 98 <- OK AUTHENTICATED
[2026-09-20 22:40:04] Cliente ID 100 conectado
[2026-09-20 22:40:04] Cliente ID 99 -> LOGIN andreia 1234
[2026-09-20 22:40:04] Cliente ID 99 <- OK AUTHENTICATED
[2026-09-20 22:40:04] Cliente ID 101 conectado
[2026-09-20 22:40:04] Cliente ID 100 -> LOGIN andreia 1234
[2026-09-20 22:40:04] Cliente ID 100 <- OK AUTHENTICATED
[2026-09-20 22:40:04] Cliente ID 102 conectado
[2026-09-20 22:40:04] Cliente ID 101 -> LOGIN andreia 1234
[2026-09-20 22:40:04] Cliente ID 101 <- OK AUTHENTICATED
[2026-09-20 22:40:04] Cliente ID 103 conectado
[2026-09-20 22:40:04] Cliente ID 103 -> LOGIN andreia 1234
[2026-09-20 22:40:04] Cliente ID 102 -> LOGIN andreia 1234
[2026-09-20 22:40:04] Cliente ID 104 conectado
[2026-09-20 22:40:04] Cliente ID 102 <- OK AUTHENTICATED
[2026-09-20 22:40:04] Cliente ID 103 <- OK AUTHENTICATED
[2026-09-20 22:40:04] Cliente ID 104 -> LOGIN andreia 1234
[2026-09-20 22:40:04] Cliente ID 104 <- OK AUTHENTICATED
[2026-09-20 22:40:04] Cliente ID 105 conectado
[2026-09-20 22:40:04] Cliente ID 105 -> LOGIN andreia 1234
[2026-09-20 22:40:04] Cliente ID 105 <- OK AUTHENTICATED
[2026-09-20 22:40:04] Cliente ID 106 conectado
[2026-09-20 22:40:04] Cliente ID 106 -> LOGIN andreia 1234
[2026-09-20 22:40:04] Cliente ID 106 <- OK AUTHENTICATED
[2026-09-20 22:40:04] Cliente ID 107 conectado
[2026-09-20 22:40:04] Cliente ID 108 conectado
[2026-09-20 22:40:04] Cliente ID 109 conectado
[2026-09-20 22:40:04] Cliente ID 109 -> LOGIN andreia 1234
[2026-09-20 22:40:04] Cliente ID 109 <- OK AUTHENTICATED
[2026-09-20 22:40:04] Cliente ID 108 -> LOGIN andreia 1234
[2026-09-20 22:40:04] Cliente ID 108 <- OK AUTHENTICATED
[2026-09-20 22:40:04] Cliente ID 107 -> LOGIN andreia 1234
[2026-09-20 22:40:04] Cliente ID 107 <- OK AUTHENTICATED
[2026-09-20 22:40:04] Cliente ID 110 conectado
[2026-09-20 22:40:04] Cliente ID 110 -> LOGIN andreia 1234
[2026-09-20 22:40:04] Cliente ID 110 <- OK AUTHENTICATED
[2026-09-20 22:40:04] Cliente ID 111 conectado
[2026-09-20 22:40:04] Cliente ID 112 conectado
[2026-09-20 22:40:04] Cliente ID 113 conectado
[2026-09-20 22:40:04] Cliente ID 114 conectado
[2026-09-20 22:40:04] Cliente ID 114 -> LOGIN andreia 1234
[2026-09-20 22:40:04] Cliente ID 114 <- OK AUTHENTICATED
[2026-09-20 22:40:04] Cliente ID 113 -> LOGIN andreia 1234
[2026-09-20 22:40:04] Cliente ID 113 <- OK AUTHENTICATED
[2026-09-20 22:40:04] Cliente ID 112 -> LOGIN andreia 1234
[2026-09-20 22:40:04] Cliente ID 112 <- OK AUTHENTICATED
[2026-09-20 22:40:04] Cliente ID 115 conectado
[2026-09-20 22:40:04] Cliente ID 116 conectado
[2026-09-20 22:40:04] Cliente ID 116 -> LOGIN andreia 1234
[2026-09-20 22:40:04] Cliente ID 116 <- OK AUTHENTICATED
[2026-09-20 22:40:04] Cliente ID 117 conectado
[2026-09-20 22:40:04] Cliente ID 111 -> LOGIN andreia 1234
[2026-09-20 22:40:04] Cliente ID 111 <- OK AUTHENTICATED
[2026-09-20 22:40:04] Cliente ID 115 -> LOGIN andreia 1234
[2026-09-20 22:40:04] Cliente ID 115 <- OK AUTHENTICATED
[2026-09-20 22:40:04] Cliente ID 117 -> LOGIN andreia 1234
[2026-09-20 22:40:04] Cliente ID 117 <- OK AUTHENTICATED
[2026-09-20 22:40:04] Cliente ID 118 conectado
[2026-09-20 22:40:04] Cliente ID 119 conectado
[2026-09-20 22:40:04] Cliente ID 118 -> LOGIN andreia 1234
[2026-09-20 22:40:04] Cliente ID 118 <- OK AUTHENTICATED
[2026-09-20 22:40:04] Cliente ID 119 -> LOGIN andreia 1234
[2026-09-20 22:40:04] Cliente ID 119 <- OK AUTHENTICATED
[2026-09-20 22:40:04] Cliente ID 120 conectado
[2026-09-20 22:40:04] Cliente ID 121 conectado
[2026-09-20 22:40:04] Cliente ID 121 -> LOGIN andreia 1234
[2026-09-20 22:40:04] Cliente ID 121 <- OK AUTHENTICATED
[2026-09-20 22:40:04] Cliente ID 120 -> LOGIN andreia 1234
[2026-09-20 22:40:04] Cliente ID 120 <- OK AUTHENTICATED
[2026-09-20 22:40:04] Cliente ID 122 conectado
[2026-09-20 22:40:04] Cliente ID 123 conectado
[2026-09-20 22:40:04] Cliente ID 122 -> LOGIN andreia 1234
[2026-09-20 22:40:04] Cliente ID 122 <- OK AUTHENTICATED
[2026-09-20 22:40:04] Cliente ID 123 -> LOGIN andreia 1234
[2026-09-20 22:40:04] Cliente ID 123 <- OK AUTHENTICATED
[2026-09-20 22:40:04] Cliente ID 124 conectado
[2026-09-20 22:40:04] Cliente ID 125 conectado
[2026-09-20 22:40:04] Cliente ID 124 -> LOGIN andreia 1234
[2026-09-20 22:40:04] Cliente ID 124 <- OK AUTHENTICATED
[2026-09-20 22:40:04] Cliente ID 125 -> LOGIN andreia 1234
[2026-09-20 22:40:04] Cliente ID 125 <- OK AUTHENTICATED
[2026-09-20 22:40:04] Cliente ID 126 conectado
[2026-09-20 22:40:04] Cliente ID 127 conectado
[2026-09-20 22:40:04] Cliente ID 126 -> LOGIN andreia 1234
[2026-09-20 22:40:04] Cliente ID 126 <- OK AUTHENTICATED
[2026-09-20 22:40:04] Cliente ID 127 -> LOGIN andreia 1234
[2026-09-20 22:40:04] Cliente ID 127 <- OK AUTHENTICATED
[2026-09-20 22:40:04] Cliente ID 128 conectado
[2026-09-20 22:40:04] Cliente ID 129 conectado
[2026-09-20 22:40:04] Cliente ID 129 -> LOGIN andreia 1234
[2026-09-20 22:40:04] Cliente ID 129 <- OK AUTHENTICATED
[2026-09-20 22:40:04] Cliente ID 128 -> LOGIN andreia 1234
[2026-09-20 22:40:04] Cliente ID 128 <- OK AUTHENTICATED
[2026-09-20 22:40:04] Cliente ID 130 conectado
[2026-09-20 22:40:04] Cliente ID 131 conectado
[2026-09-20 22:40:04] Cliente ID 130 -> LOGIN andreia 1234
[2026-09-20 22:40:04] Cliente ID 130 <- OK AUTHENTICATED
[2026-09-20 22:40:04] Cliente ID 132 conectado
[2026-09-20 22:40:04] Cliente ID 132 -> LOGIN andreia 1234
[2026-09-20 22:40:04] Cliente ID 132 <- OK AUTHENTICATED
[2026-09-20 22:40:04] Cliente ID 131 -> LOGIN andreia 1234
[2026-09-20 22:40:04] Cliente ID 131 <- OK AUTHENTICATED
[2026-09-20 22:40:04] Cliente ID 133 conectado
[2026-09-20 22:40:04] Cliente ID 133 -> LOGIN andreia 1234
[2026-09-20 22:40:04] Cliente ID 133 <- OK AUTHENTICATED
[2026-09-20 22:40:04] Cliente ID 134 conectado
[2026-09-20 22:40:04] Cliente ID 134 -> LOGIN andreia 1234
[2026-09-20 22:40:04] Cliente ID 134 <- OK AUTHENTICATED
[2026-09-20 22:40:04] Cliente ID 135 conectado
[2026-09-20 22:40:04] Cliente ID 136 conectado
[2026-09-20 22:40:04] Cliente ID 137 conectado
[2026-09-20 22:40:04] Cliente ID 137 -> LOGIN andreia 1234
[2026-09-20 22:40:04] Cliente ID 137 <- OK AUTHENTICATED
[2026-09-20 22:40:04] Cliente ID 138 conectado
[2026-09-20 22:40:04] Cliente ID 136 -> LOGIN andreia 1234
[2026-09-20 22:40:04] Cliente ID 136 <- OK AUTHENTICATED
[2026-09-20 22:40:04] Cliente ID 135 -> LOGIN andreia 1234
[2026-09-20 22:40:04] Cliente ID 135 <- OK AUTHENTICATED
[2026-09-20 22:40:04] Cliente ID 139 conectado
[2026-09-20 22:40:04] Cliente ID 138 -> LOGIN andreia 1234
[2026-09-20 22:40:04] Cliente ID 138 <- OK AUTHENTICATED
[2026-09-20 22:40:04] Cliente ID 140 conectado
[2026-09-20 22:40:04] Cliente ID 139 -> LOGIN andreia 1234
[2026-09-20 22:40:04] Cliente ID 139 <- OK AUTHENTICATED
[2026-09-20 22:40:04] Cliente ID 140 -> LOGIN andreia 1234
[2026-09-20 22:40:04] Cliente ID 140 <- OK AUTHENTICATED
[2026-09-20 22:40:04] Cliente ID 141 conectado
[2026-09-20 22:40:04] Cliente ID 141 -> LOGIN andreia 1234
[2026-09-20 22:40:04] Cliente ID 141 <- OK AUTHENTICATED
[2026-09-20 22:40:04] Cliente ID 142 conectado
[2026-09-20 22:40:04] Cliente ID 143 conectado
[2026-09-20 22:40:04] Cliente ID 143 -> LOGIN andreia 1234
[2026-09-20 22:40:04] Cliente ID 143 <- OK AUTHENTICATED
[2026-09-20 22:40:04] Cliente ID 144 conectado
[2026-09-20 22:40:04] Cliente ID 144 -> LOGIN andreia 1234
[2026-09-20 22:40:04] Cliente ID 144 <- OK AUTHENTICATED
[2026-09-20 22:40:04] Cliente ID 145 conectado
[2026-09-20 22:40:04] Cliente ID 142 -> LOGIN andreia 1234
[2026-09-20 22:40:04] Cliente ID 142 <- OK AUTHENTICATED
[2026-09-20 22:40:04] Cliente ID 146 conectado
[2026-09-20 22:40:04] Cliente ID 145 -> LOGIN andreia 1234
[2026-09-20 22:40:04] Cliente ID 145 <- OK AUTHENTICATED
[2026-09-20 22:40:04] Cliente ID 147 conectado
[2026-09-20 22:40:04] Cliente ID 146 -> LOGIN andreia 1234
[2026-09-20 22:40:04] Cliente ID 146 <- OK AUTHENTICATED
[2026-09-20 22:40:04] Cliente ID 147 -> LOGIN andreia 1234
[2026-09-20 22:40:04] Cliente ID 147 <- OK AUTHENTICATED
[2026-09-20 22:40:04] Cliente ID 148 conectado
[2026-09-20 22:40:04] Cliente ID 149 conectado
[2026-09-20 22:40:04] Cliente ID 148 -> LOGIN andreia 1234
[2026-09-20 22:40:04] Cliente ID 148 <- OK AUTHENTICATED
[2026-09-20 22:40:04] Cliente ID 149 -> LOGIN andreia 1234
[2026-09-20 22:40:04] Cliente ID 149 <- OK AUTHENTICATED
[2026-09-20 22:40:04] Cliente ID 150 conectado
[2026-09-20 22:40:04] Cliente ID 151 conectado
[2026-09-20 22:40:04] Cliente ID 151 -> LOGIN andreia 1234
[2026-09-20 22:40:04] Cliente ID 151 <- OK AUTHENTICATED
[2026-09-20 22:40:04] Cliente ID 150 -> LOGIN andreia 1234
[2026-09-20 22:40:04] Cliente ID 150 <- OK AUTHENTICATED
[2026-09-20 22:40:04] Cliente ID 152 conectado
[2026-09-20 22:40:04] Cliente ID 153 conectado
[2026-09-20 22:40:04] Cliente ID 152 -> LOGIN andreia 1234
[2026-09-20 22:40:04] Cliente ID 152 <- OK AUTHENTICATED
[2026-09-20 22:40:04] Cliente ID 154 conectado
[2026-09-20 22:40:04] Cliente ID 153 -> LOGIN andreia 1234
[2026-09-20 22:40:04] Cliente ID 153 <- OK AUTHENTICATED
[2026-09-20 22:40:04] Cliente ID 154 -> LOGIN andreia 1234
[2026-09-20 22:40:04] Cliente ID 154 <- OK AUTHENTICATED
[2026-09-20 22:40:04] Cliente ID 155 conectado
[2026-09-20 22:40:04] Cliente ID 156 conectado
[2026-09-20 22:40:04] Cliente ID 156 -> LOGIN andreia 1234
[2026-09-20 22:40:04] Cliente ID 156 <- OK AUTHENTICATED
[2026-09-20 22:40:04] Cliente ID 155 -> LOGIN andreia 1234
[2026-09-20 22:40:04] Cliente ID 155 <- OK AUTHENTICATED
[2026-09-20 22:40:04] Cliente ID 157 conectado
[2026-09-20 22:40:04] Cliente ID 158 conectado
[2026-09-20 22:40:04] Cliente ID 157 -> LOGIN andreia 1234
[2026-09-20 22:40:04] Cliente ID 157 <- OK AUTHENTICATED
[2026-09-20 22:40:04] Cliente ID 159 conectado
[2026-09-20 22:40:04] Cliente ID 158 -> LOGIN andreia 1234
[2026-09-20 22:40:04] Cliente ID 158 <- OK AUTHENTICATED
[2026-09-20 22:40:04] Cliente ID 160 conectado
[2026-09-20 22:40:04] Cliente ID 159 -> LOGIN andreia 1234
[2026-09-20 22:40:04] Cliente ID 159 <- OK AUTHENTICATED
[2026-09-20 22:40:04] Cliente ID 161 conectado
[2026-09-20 22:40:04] Cliente ID 160 -> LOGIN andreia 1234
[2026-09-20 22:40:04] Cliente ID 160 <- OK AUTHENTICATED
[2026-09-20 22:40:04] Cliente ID 162 conectado
[2026-09-20 22:40:04] Cliente ID 162 -> LOGIN andreia 1234
[2026-09-20 22:40:04] Cliente ID 162 <- OK AUTHENTICATED
[2026-09-20 22:40:04] Cliente ID 161 -> LOGIN andreia 1234
[2026-09-20 22:40:04] Cliente ID 161 <- OK AUTHENTICATED
[2026-09-20 22:40:04] Cliente ID 163 conectado
[2026-09-20 22:40:04] Cliente ID 164 conectado
[2026-09-20 22:40:04] Cliente ID 165 conectado
[2026-09-20 22:40:04] Cliente ID 163 -> LOGIN andreia 1234
[2026-09-20 22:40:04] Cliente ID 163 <- OK AUTHENTICATED
[2026-09-20 22:40:04] Cliente ID 164 -> LOGIN andreia 1234
[2026-09-20 22:40:04] Cliente ID 164 <- OK AUTHENTICATED
[2026-09-20 22:40:04] Cliente ID 165 -> LOGIN andreia 1234
[2026-09-20 22:40:04] Cliente ID 165 <- OK AUTHENTICATED
[2026-09-20 22:40:04] Cliente ID 166 conectado
[2026-09-20 22:40:04] Cliente ID 167 conectado
[2026-09-20 22:40:04] Cliente ID 167 -> LOGIN andreia 1234
[2026-09-20 22:40:04] Cliente ID 167 <- OK AUTHENTICATED
[2026-09-20 22:40:04] Cliente ID 166 -> LOGIN andreia 1234
[2026-09-20 22:40:04] Cliente ID 166 <- OK AUTHENTICATED
[2026-09-20 22:40:04] Cliente ID 168 conectado
[2026-09-20 22:40:04] Cliente ID 169 conectado
[2026-09-20 22:40:04] Cliente ID 168 -> LOGIN andreia 1234
[2026-09-20 22:40:04] Cliente ID 168 <- OK AUTHENTICATED
[2026-09-20 22:40:04] Cliente ID 169 -> LOGIN andreia 1234
[2026-09-20 22:40:04] Cliente ID 169 <- OK AUTHENTICATED
[2026-09-20 22:40:04] Cliente ID 170 conectado
[2026-09-20 22:40:04] Cliente ID 170 -> LOGIN andreia 1234
[2026-09-20 22:40:04] Cliente ID 170 <- OK AUTHENTICATED
[2026-09-20 22:40:04] Cliente ID 171 conectado
[2026-09-20 22:40:04] Cliente ID 172 conectado
[2026-09-20 22:40:04] Cliente ID 173 conectado
[2026-09-20 22:40:04] Cliente ID 172 -> LOGIN andreia 1234
[2026-09-20 22:40:04] Cliente ID 172 <- OK AUTHENTICATED
[2026-09-20 22:40:04] Cliente ID 174 conectado
[2026-09-20 22:40:04] Cliente ID 171 -> LOGIN andreia 1234
[2026-09-20 22:40:04] Cliente ID 171 <- OK AUTHENTICATED
[2026-09-20 22:40:04] Cliente ID 174 -> LOGIN andreia 1234
[2026-09-20 22:40:04] Cliente ID 174 <- OK AUTHENTICATED
[2026-09-20 22:40:04] Cliente ID 173 -> LOGIN andreia 1234
[2026-09-20 22:40:04] Cliente ID 173 <- OK AUTHENTICATED
[2026-09-20 22:40:04] Cliente ID 175 conectado
[2026-09-20 22:40:04] Cliente ID 176 conectado
[2026-09-20 22:40:04] Cliente ID 175 -> LOGIN andreia 1234
[2026-09-20 22:40:04] Cliente ID 175 <- OK AUTHENTICATED
[2026-09-20 22:40:04] Cliente ID 177 conectado
[2026-09-20 22:40:04] Cliente ID 178 conectado
[2026-09-20 22:40:04] Cliente ID 177 -> LOGIN andreia 1234
[2026-09-20 22:40:04] Cliente ID 177 <- OK AUTHENTICATED
[2026-09-20 22:40:04] Cliente ID 178 -> LOGIN andreia 1234
[2026-09-20 22:40:04] Cliente ID 178 <- OK AUTHENTICATED
[2026-09-20 22:40:04] Cliente ID 179 conectado
[2026-09-20 22:40:04] Cliente ID 176 -> LOGIN andreia 1234
[2026-09-20 22:40:04] Cliente ID 176 <- OK AUTHENTICATED
[2026-09-20 22:40:04] Cliente ID 180 conectado
[2026-09-20 22:40:04] Cliente ID 179 -> LOGIN andreia 1234
[2026-09-20 22:40:04] Cliente ID 179 <- OK AUTHENTICATED
[2026-09-20 22:40:04] Cliente ID 180 -> LOGIN andreia 1234
[2026-09-20 22:40:04] Cliente ID 180 <- OK AUTHENTICATED
[2026-09-20 22:40:04] Cliente ID 181 conectado
[2026-09-20 22:40:04] Cliente ID 181 -> LOGIN andreia 1234
[2026-09-20 22:40:04] Cliente ID 181 <- OK AUTHENTICATED
[2026-09-20 22:40:04] Cliente ID 182 conectado
[2026-09-20 22:40:04] Cliente ID 183 conectado
[2026-09-20 22:40:04] Cliente ID 182 -> LOGIN andreia 1234
[2026-09-20 22:40:04] Cliente ID 182 <- OK AUTHENTICATED
[2026-09-20 22:40:04] Cliente ID 183 -> LOGIN andreia 1234
[2026-09-20 22:40:04] Cliente ID 183 <- OK AUTHENTICATED
[2026-09-20 22:40:04] Cliente ID 184 conectado
[2026-09-20 22:40:04] Cliente ID 184 -> LOGIN andreia 1234
[2026-09-20 22:40:04] Cliente ID 184 <- OK AUTHENTICATED
[2026-09-20 22:40:04] Cliente ID 185 conectado
[2026-09-20 22:40:04] Cliente ID 185 -> LOGIN andreia 1234
[2026-09-20 22:40:04] Cliente ID 185 <- OK AUTHENTICATED
[2026-09-20 22:40:04] Cliente ID 185 -> CREATE bench_tcp_100 100
[2026-09-20 22:40:04] Cliente ID 185 <- OK RESOURCE_CREATED
[2026-09-20 22:40:04] Cliente ID 183 -> CREATE bench_tcp_99 100
[2026-09-20 22:40:04] Cliente ID 164 -> CREATE bench_tcp_79 100
[2026-09-20 22:40:04] Cliente ID 166 -> CREATE bench_tcp_81 100
[2026-09-20 22:40:04] Cliente ID 99 -> CREATE bench_tcp_13 100
[2026-09-20 22:40:04] Cliente ID 99 <- ERROR RESOURCE_ALREADY_EXISTS
[2026-09-20 22:40:04] Cliente ID 183 <- OK RESOURCE_CREATED
[2026-09-20 22:40:04] Cliente ID 92 -> CREATE bench_tcp_7 100
[2026-09-20 22:40:04] Cliente ID 179 -> CREATE bench_tcp_94 100
[2026-09-20 22:40:04] Cliente ID 92 <- ERROR RESOURCE_ALREADY_EXISTS
[2026-09-20 22:40:04] Cliente ID 166 <- OK RESOURCE_CREATED
[2026-09-20 22:40:04] Cliente ID 164 <- OK RESOURCE_CREATED
[2026-09-20 22:40:04] Cliente ID 182 -> CREATE bench_tcp_98 100
[2026-09-20 22:40:04] Cliente ID 183 -> GET bench_tcp_99
[2026-09-20 22:40:04] Cliente ID 183 <- OK VALUE 100
[2026-09-20 22:40:04] Cliente ID 103 -> CREATE bench_tcp_17 100
[2026-09-20 22:40:04] Cliente ID 103 <- ERROR RESOURCE_ALREADY_EXISTS
[2026-09-20 22:40:04] Cliente ID 107 -> CREATE bench_tcp_22 100
[2026-09-20 22:40:04] Cliente ID 107 <- ERROR RESOURCE_ALREADY_EXISTS
[2026-09-20 22:40:04] Cliente ID 165 -> CREATE bench_tcp_80 100
[2026-09-20 22:40:04] Cliente ID 105 -> CREATE bench_tcp_20 100
[2026-09-20 22:40:04] Cliente ID 105 <- ERROR RESOURCE_ALREADY_EXISTS
[2026-09-20 22:40:04] Cliente ID 91 -> CREATE bench_tcp_6 100
[2026-09-20 22:40:04] Cliente ID 91 <- ERROR RESOURCE_ALREADY_EXISTS
[2026-09-20 22:40:04] Cliente ID 101 -> CREATE bench_tcp_15 100
[2026-09-20 22:40:04] Cliente ID 101 <- ERROR RESOURCE_ALREADY_EXISTS
[2026-09-20 22:40:04] Cliente ID 117 -> CREATE bench_tcp_27 100
[2026-09-20 22:40:04] Cliente ID 117 <- ERROR RESOURCE_ALREADY_EXISTS
[2026-09-20 22:40:04] Cliente ID 115 -> CREATE bench_tcp_31 100
[2026-09-20 22:40:04] Cliente ID 115 <- ERROR RESOURCE_ALREADY_EXISTS
[2026-09-20 22:40:04] Cliente ID 88 -> CREATE bench_tcp_3 100
[2026-09-20 22:40:04] Cliente ID 88 <- ERROR RESOURCE_ALREADY_EXISTS
[2026-09-20 22:40:04] Cliente ID 182 <- OK RESOURCE_CREATED
[2026-09-20 22:40:04] Cliente ID 112 -> CREATE bench_tcp_28 100
[2026-09-20 22:40:04] Cliente ID 112 <- ERROR RESOURCE_ALREADY_EXISTS
[2026-09-20 22:40:04] Cliente ID 122 -> CREATE bench_tcp_37 100
[2026-09-20 22:40:04] Cliente ID 122 <- ERROR RESOURCE_ALREADY_EXISTS
[2026-09-20 22:40:04] Cliente ID 115 -> GET bench_tcp_31
[2026-09-20 22:40:04] Cliente ID 115 <- OK VALUE 200
[2026-09-20 22:40:04] Cliente ID 120 -> CREATE bench_tcp_35 100
[2026-09-20 22:40:04] Cliente ID 120 <- ERROR RESOURCE_ALREADY_EXISTS
[2026-09-20 22:40:04] Cliente ID 183 -> SET bench_tcp_99 200
[2026-09-20 22:40:04] Cliente ID 179 <- OK RESOURCE_CREATED
[2026-09-20 22:40:04] Cliente ID 122 -> GET bench_tcp_37
[2026-09-20 22:40:04] Cliente ID 122 <- OK VALUE 200
[2026-09-20 22:40:04] Cliente ID 118 -> CREATE bench_tcp_33 100
[2026-09-20 22:40:04] Cliente ID 118 <- ERROR RESOURCE_ALREADY_EXISTS
[2026-09-20 22:40:04] Cliente ID 98 -> CREATE bench_tcp_14 100
[2026-09-20 22:40:04] Cliente ID 98 <- ERROR RESOURCE_ALREADY_EXISTS
[2026-09-20 22:40:04] Cliente ID 165 <- OK RESOURCE_CREATED
[2026-09-20 22:40:04] Cliente ID 183 <- OK VALUE_UPDATED
[2026-09-20 22:40:04] Cliente ID 178 -> CREATE bench_tcp_93 100
[2026-09-20 22:40:04] Cliente ID 128 -> CREATE bench_tcp_43 100
[2026-09-20 22:40:04] Cliente ID 128 <- ERROR RESOURCE_ALREADY_EXISTS
[2026-09-20 22:40:04] Cliente ID 140 -> CREATE bench_tcp_54 100
[2026-09-20 22:40:04] Cliente ID 172 -> CREATE bench_tcp_88 100
[2026-09-20 22:40:04] Cliente ID 125 -> CREATE bench_tcp_39 100
[2026-09-20 22:40:04] Cliente ID 125 <- ERROR RESOURCE_ALREADY_EXISTS
[2026-09-20 22:40:04] Cliente ID 170 -> CREATE bench_tcp_85 100
[2026-09-20 22:40:04] Cliente ID 125 -> GET bench_tcp_39
[2026-09-20 22:40:04] Cliente ID 125 <- OK VALUE 200
[2026-09-20 22:40:04] Cliente ID 178 <- OK RESOURCE_CREATED
[2026-09-20 22:40:04] Cliente ID 167 -> CREATE bench_tcp_82 100
[2026-09-20 22:40:04] Cliente ID 153 -> CREATE bench_tcp_68 100
[2026-09-20 22:40:04] Cliente ID 120 -> GET bench_tcp_35
[2026-09-20 22:40:04] Cliente ID 120 <- OK VALUE 200
[2026-09-20 22:40:04] Cliente ID 176 -> CREATE bench_tcp_92 100
[2026-09-20 22:40:04] Cliente ID 153 <- OK RESOURCE_CREATED
[2026-09-20 22:40:04] Cliente ID 172 <- OK RESOURCE_CREATED
[2026-09-20 22:40:04] Cliente ID 140 <- OK RESOURCE_CREATED
[2026-09-20 22:40:04] Cliente ID 129 -> CREATE bench_tcp_44 100
[2026-09-20 22:40:04] Cliente ID 129 <- ERROR RESOURCE_ALREADY_EXISTS
[2026-09-20 22:40:04] Cliente ID 170 <- OK RESOURCE_CREATED
[2026-09-20 22:40:04] Cliente ID 95 -> CREATE bench_tcp_10 100
[2026-09-20 22:40:04] Cliente ID 95 <- ERROR RESOURCE_ALREADY_EXISTS
[2026-09-20 22:40:04] Cliente ID 167 <- OK RESOURCE_CREATED
[2026-09-20 22:40:04] Cliente ID 111 -> CREATE bench_tcp_26 100
[2026-09-20 22:40:04] Cliente ID 111 <- ERROR RESOURCE_ALREADY_EXISTS
[2026-09-20 22:40:04] Cliente ID 95 -> GET bench_tcp_10
[2026-09-20 22:40:04] Cliente ID 95 <- OK VALUE 200
[2026-09-20 22:40:04] Cliente ID 90 -> CREATE bench_tcp_4 100
[2026-09-20 22:40:04] Cliente ID 176 <- OK RESOURCE_CREATED
[2026-09-20 22:40:04] Cliente ID 117 -> GET bench_tcp_27
[2026-09-20 22:40:04] Cliente ID 117 <- OK VALUE 200
[2026-09-20 22:40:04] Cliente ID 113 -> CREATE bench_tcp_29 100
[2026-09-20 22:40:04] Cliente ID 113 <- ERROR RESOURCE_ALREADY_EXISTS
[2026-09-20 22:40:04] Cliente ID 124 -> CREATE bench_tcp_42 100
[2026-09-20 22:40:04] Cliente ID 124 <- ERROR RESOURCE_ALREADY_EXISTS
[2026-09-20 22:40:04] Cliente ID 101 -> GET bench_tcp_15
[2026-09-20 22:40:04] Cliente ID 105 -> GET bench_tcp_20
[2026-09-20 22:40:04] Cliente ID 105 <- OK VALUE 200
[2026-09-20 22:40:04] Cliente ID 102 -> CREATE bench_tcp_18 100
[2026-09-20 22:40:04] Cliente ID 102 <- ERROR RESOURCE_ALREADY_EXISTS
[2026-09-20 22:40:04] Cliente ID 87 -> CREATE bench_tcp_2 100
[2026-09-20 22:40:04] Cliente ID 87 <- ERROR RESOURCE_ALREADY_EXISTS
[2026-09-20 22:40:04] Cliente ID 101 <- OK VALUE 200
[2026-09-20 22:40:04] Cliente ID 175 -> CREATE bench_tcp_91 100
[2026-09-20 22:40:04] Cliente ID 176 -> GET bench_tcp_92
[2026-09-20 22:40:04] Cliente ID 176 <- OK VALUE 100
[2026-09-20 22:40:04] Cliente ID 90 <- ERROR RESOURCE_ALREADY_EXISTS
[2026-09-20 22:40:04] Cliente ID 116 -> CREATE bench_tcp_32 100
[2026-09-20 22:40:04] Cliente ID 182 -> GET bench_tcp_98
[2026-09-20 22:40:04] Cliente ID 121 -> CREATE bench_tcp_36 100
[2026-09-20 22:40:04] Cliente ID 121 <- ERROR RESOURCE_ALREADY_EXISTS
[2026-09-20 22:40:04] Cliente ID 130 -> CREATE bench_tcp_46 100
[2026-09-20 22:40:04] Cliente ID 130 <- ERROR RESOURCE_ALREADY_EXISTS
[2026-09-20 22:40:04] Cliente ID 126 -> CREATE bench_tcp_41 100
[2026-09-20 22:40:04] Cliente ID 126 <- ERROR RESOURCE_ALREADY_EXISTS
[2026-09-20 22:40:04] Cliente ID 175 <- OK RESOURCE_CREATED
[2026-09-20 22:40:04] Cliente ID 182 <- OK VALUE 100
[2026-09-20 22:40:04] Cliente ID 116 <- ERROR RESOURCE_ALREADY_EXISTS
[2026-09-20 22:40:04] Cliente ID 120 -> SET bench_tcp_35 200
[2026-09-20 22:40:04] Cliente ID 121 -> GET bench_tcp_36
[2026-09-20 22:40:04] Cliente ID 110 -> CREATE bench_tcp_25 100
[2026-09-20 22:40:04] Cliente ID 110 <- ERROR RESOURCE_ALREADY_EXISTS
[2026-09-20 22:40:04] Cliente ID 121 <- OK VALUE 200
[2026-09-20 22:40:04] Cliente ID 127 -> CREATE bench_tcp_40 100
[2026-09-20 22:40:04] Cliente ID 127 <- ERROR RESOURCE_ALREADY_EXISTS
[2026-09-20 22:40:04] Cliente ID 118 -> GET bench_tcp_33
[2026-09-20 22:40:04] Cliente ID 118 <- OK VALUE 200
[2026-09-20 22:40:04] Cliente ID 120 <- OK VALUE_UPDATED
[2026-09-20 22:40:04] Cliente ID 144 -> CREATE bench_tcp_59 100
[2026-09-20 22:40:04] Cliente ID 144 <- OK RESOURCE_CREATED
[2026-09-20 22:40:04] Cliente ID 115 -> SET bench_tcp_31 200
[2026-09-20 22:40:04] Cliente ID 90 -> GET bench_tcp_4
[2026-09-20 22:40:04] Cliente ID 90 <- OK VALUE 200
[2026-09-20 22:40:04] Cliente ID 128 -> GET bench_tcp_43
[2026-09-20 22:40:04] Cliente ID 128 <- OK VALUE 200
[2026-09-20 22:40:04] Cliente ID 112 -> GET bench_tcp_28
[2026-09-20 22:40:04] Cliente ID 112 <- OK VALUE 200
[2026-09-20 22:40:04] Cliente ID 115 <- OK VALUE_UPDATED
[2026-09-20 22:40:04] Cliente ID 97 -> CREATE bench_tcp_12 100
[2026-09-20 22:40:04] Cliente ID 97 <- ERROR RESOURCE_ALREADY_EXISTS
[2026-09-20 22:40:04] Cliente ID 147 -> CREATE bench_tcp_62 100
[2026-09-20 22:40:04] Cliente ID 175 -> GET bench_tcp_91
[2026-09-20 22:40:04] Cliente ID 175 <- OK VALUE 100
[2026-09-20 22:40:04] Cliente ID 154 -> CREATE bench_tcp_69 100
[2026-09-20 22:40:04] Cliente ID 147 <- OK RESOURCE_CREATED
[2026-09-20 22:40:04] Cliente ID 154 <- OK RESOURCE_CREATED
[2026-09-20 22:40:04] Cliente ID 148 -> CREATE bench_tcp_63 100
[2026-09-20 22:40:04] Cliente ID 148 <- OK RESOURCE_CREATED
[2026-09-20 22:40:04] Cliente ID 154 -> GET bench_tcp_69
[2026-09-20 22:40:04] Cliente ID 154 <- OK VALUE 100
[2026-09-20 22:40:04] Cliente ID 167 -> GET bench_tcp_82
[2026-09-20 22:40:04] Cliente ID 167 <- OK VALUE 100
[2026-09-20 22:40:04] Cliente ID 148 -> GET bench_tcp_63
[2026-09-20 22:40:04] Cliente ID 148 <- OK VALUE 100
[2026-09-20 22:40:04] Cliente ID 96 -> CREATE bench_tcp_11 100
[2026-09-20 22:40:04] Cliente ID 96 <- ERROR RESOURCE_ALREADY_EXISTS
[2026-09-20 22:40:04] Cliente ID 162 -> CREATE bench_tcp_77 100
[2026-09-20 22:40:04] Cliente ID 162 <- OK RESOURCE_CREATED
[2026-09-20 22:40:04] Cliente ID 123 -> CREATE bench_tcp_38 100
[2026-09-20 22:40:04] Cliente ID 123 <- ERROR RESOURCE_ALREADY_EXISTS
[2026-09-20 22:40:04] Cliente ID 99 -> GET bench_tcp_13
[2026-09-20 22:40:04] Cliente ID 99 <- OK VALUE 200
[2026-09-20 22:40:04] Cliente ID 123 -> GET bench_tcp_38
[2026-09-20 22:40:04] Cliente ID 123 <- OK VALUE 200
[2026-09-20 22:40:04] Cliente ID 131 -> CREATE bench_tcp_47 100
[2026-09-20 22:40:04] Cliente ID 131 <- ERROR RESOURCE_ALREADY_EXISTS
[2026-09-20 22:40:04] Cliente ID 109 -> CREATE bench_tcp_24 100
[2026-09-20 22:40:04] Cliente ID 109 <- ERROR RESOURCE_ALREADY_EXISTS
[2026-09-20 22:40:04] Cliente ID 94 -> CREATE bench_tcp_9 100
[2026-09-20 22:40:04] Cliente ID 94 <- ERROR RESOURCE_ALREADY_EXISTS
[2026-09-20 22:40:04] Cliente ID 160 -> CREATE bench_tcp_70 100
[2026-09-20 22:40:04] Cliente ID 119 -> CREATE bench_tcp_34 100
[2026-09-20 22:40:04] Cliente ID 119 <- ERROR RESOURCE_ALREADY_EXISTS
[2026-09-20 22:40:04] Cliente ID 160 <- OK RESOURCE_CREATED
[2026-09-20 22:40:04] Cliente ID 176 -> SET bench_tcp_92 200
[2026-09-20 22:40:04] Cliente ID 176 <- OK VALUE_UPDATED
[2026-09-20 22:40:04] Cliente ID 94 -> GET bench_tcp_9
[2026-09-20 22:40:04] Cliente ID 94 <- OK VALUE 200
[2026-09-20 22:40:04] Cliente ID 114 -> CREATE bench_tcp_30 100
[2026-09-20 22:40:04] Cliente ID 114 <- ERROR RESOURCE_ALREADY_EXISTS
[2026-09-20 22:40:04] Cliente ID 104 -> CREATE bench_tcp_19 100
[2026-09-20 22:40:04] Cliente ID 104 <- ERROR RESOURCE_ALREADY_EXISTS
[2026-09-20 22:40:04] Cliente ID 168 -> CREATE bench_tcp_83 100
[2026-09-20 22:40:04] Cliente ID 128 -> SET bench_tcp_43 200
[2026-09-20 22:40:04] Cliente ID 168 <- OK RESOURCE_CREATED
[2026-09-20 22:40:04] Cliente ID 128 <- OK VALUE_UPDATED
[2026-09-20 22:40:04] Cliente ID 125 -> SET bench_tcp_39 200
[2026-09-20 22:40:04] Cliente ID 125 <- OK VALUE_UPDATED
[2026-09-20 22:40:04] Cliente ID 89 -> CREATE bench_tcp_5 100
[2026-09-20 22:40:04] Cliente ID 89 <- ERROR RESOURCE_ALREADY_EXISTS
[2026-09-20 22:40:04] Cliente ID 111 -> GET bench_tcp_26
[2026-09-20 22:40:04] Cliente ID 111 <- OK VALUE 200
[2026-09-20 22:40:04] Cliente ID 90 -> SET bench_tcp_4 200
[2026-09-20 22:40:04] Cliente ID 90 <- OK VALUE_UPDATED
[2026-09-20 22:40:04] Cliente ID 176 -> RESERVE bench_tcp_92
[2026-09-20 22:40:04] Cliente ID 158 -> CREATE bench_tcp_76 100
[2026-09-20 22:40:04] Cliente ID 116 -> GET bench_tcp_32
[2026-09-20 22:40:04] Cliente ID 116 <- OK VALUE 200
[2026-09-20 22:40:04] Cliente ID 176 <- OK RESOURCE_RESERVED
[2026-09-20 22:40:04] Cliente ID 174 -> CREATE bench_tcp_87 100
[2026-09-20 22:40:04] Cliente ID 167 -> SET bench_tcp_82 200
[2026-09-20 22:40:04] Cliente ID 182 -> SET bench_tcp_98 200
[2026-09-20 22:40:04] Cliente ID 150 -> CREATE bench_tcp_65 100
[2026-09-20 22:40:04] Cliente ID 104 -> GET bench_tcp_19
[2026-09-20 22:40:04] Cliente ID 104 <- OK VALUE 200
[2026-09-20 22:40:04] Cliente ID 158 <- OK RESOURCE_CREATED
[2026-09-20 22:40:04] Cliente ID 174 <- OK RESOURCE_CREATED
[2026-09-20 22:40:04] Cliente ID 114 -> GET bench_tcp_30
[2026-09-20 22:40:04] Cliente ID 114 <- OK VALUE 200
[2026-09-20 22:40:04] Cliente ID 109 -> GET bench_tcp_24
[2026-09-20 22:40:04] Cliente ID 109 <- OK VALUE 200
[2026-09-20 22:40:04] Cliente ID 144 -> GET bench_tcp_59
[2026-09-20 22:40:04] Cliente ID 144 <- OK VALUE 100
[2026-09-20 22:40:04] Cliente ID 133 -> CREATE bench_tcp_48 100
[2026-09-20 22:40:04] Cliente ID 133 <- ERROR RESOURCE_ALREADY_EXISTS
[2026-09-20 22:40:04] Cliente ID 142 -> CREATE bench_tcp_57 100
[2026-09-20 22:40:04] Cliente ID 120 -> RESERVE bench_tcp_35
[2026-09-20 22:40:04] Cliente ID 142 <- OK RESOURCE_CREATED
[2026-09-20 22:40:04] Cliente ID 169 -> CREATE bench_tcp_84 100
[2026-09-20 22:40:04] Cliente ID 93 -> CREATE bench_tcp_8 100
[2026-09-20 22:40:04] Cliente ID 93 <- ERROR RESOURCE_ALREADY_EXISTS
[2026-09-20 22:40:04] Cliente ID 175 -> SET bench_tcp_91 200
[2026-09-20 22:40:04] Cliente ID 178 -> GET bench_tcp_93
[2026-09-20 22:40:04] Cliente ID 178 <- OK VALUE 100
[2026-09-20 22:40:04] Cliente ID 107 -> GET bench_tcp_22
[2026-09-20 22:40:04] Cliente ID 107 <- OK VALUE 200
[2026-09-20 22:40:04] Cliente ID 171 -> CREATE bench_tcp_86 100
[2026-09-20 22:40:04] Cliente ID 161 -> CREATE bench_tcp_74 100
[2026-09-20 22:40:04] Cliente ID 120 <- OK RESOURCE_RESERVED
[2026-09-20 22:40:04] Cliente ID 163 -> CREATE bench_tcp_78 100
[2026-09-20 22:40:04] Cliente ID 160 -> GET bench_tcp_70
[2026-09-20 22:40:04] Cliente ID 160 <- OK VALUE 100
[2026-09-20 22:40:04] Cliente ID 163 <- OK RESOURCE_CREATED
[2026-09-20 22:40:04] Cliente ID 184 -> CREATE bench_tcp_97 100
[2026-09-20 22:40:04] Cliente ID 182 <- OK VALUE_UPDATED
[2026-09-20 22:40:04] Cliente ID 108 -> CREATE bench_tcp_23 100
[2026-09-20 22:40:04] Cliente ID 108 <- ERROR RESOURCE_ALREADY_EXISTS
[2026-09-20 22:40:04] Cliente ID 170 -> GET bench_tcp_85
[2026-09-20 22:40:04] Cliente ID 111 -> SET bench_tcp_26 200
[2026-09-20 22:40:04] Cliente ID 151 -> CREATE bench_tcp_66 100
[2026-09-20 22:40:04] Cliente ID 150 <- OK RESOURCE_CREATED
[2026-09-20 22:40:04] Cliente ID 182 -> RESERVE bench_tcp_98
[2026-09-20 22:40:04] Cliente ID 131 -> GET bench_tcp_47
[2026-09-20 22:40:04] Cliente ID 131 <- OK VALUE 200
[2026-09-20 22:40:04] Cliente ID 94 -> SET bench_tcp_9 200
[2026-09-20 22:40:04] Cliente ID 170 <- OK VALUE 100
[2026-09-20 22:40:04] Cliente ID 132 -> CREATE bench_tcp_45 100
[2026-09-20 22:40:04] Cliente ID 103 -> GET bench_tcp_17
[2026-09-20 22:40:04] Cliente ID 103 <- OK VALUE 200
[2026-09-20 22:40:04] Cliente ID 169 <- OK RESOURCE_CREATED
[2026-09-20 22:40:04] Cliente ID 132 <- ERROR RESOURCE_ALREADY_EXISTS
[2026-09-20 22:40:04] Cliente ID 117 -> SET bench_tcp_27 200
[2026-09-20 22:40:04] Cliente ID 91 -> GET bench_tcp_6
[2026-09-20 22:40:04] Cliente ID 91 <- OK VALUE 200
[2026-09-20 22:40:04] Cliente ID 167 <- OK VALUE_UPDATED
[2026-09-20 22:40:04] Cliente ID 122 -> SET bench_tcp_37 200
[2026-09-20 22:40:04] Cliente ID 175 <- OK VALUE_UPDATED
[2026-09-20 22:40:04] Cliente ID 122 <- OK VALUE_UPDATED
[2026-09-20 22:40:04] Cliente ID 149 -> CREATE bench_tcp_64 100
[2026-09-20 22:40:04] Cliente ID 178 -> SET bench_tcp_93 200
[2026-09-20 22:40:04] Cliente ID 149 <- OK RESOURCE_CREATED
[2026-09-20 22:40:04] Cliente ID 176 -> RELEASE bench_tcp_92
[2026-09-20 22:40:04] Cliente ID 166 -> GET bench_tcp_81
[2026-09-20 22:40:04] Cliente ID 166 <- OK VALUE 100
[2026-09-20 22:40:04] Cliente ID 160 -> SET bench_tcp_70 200
[2026-09-20 22:40:04] Cliente ID 112 -> SET bench_tcp_28 200
[2026-09-20 22:40:04] Cliente ID 128 -> RESERVE bench_tcp_43
[2026-09-20 22:40:04] Cliente ID 124 -> GET bench_tcp_42
[2026-09-20 22:40:04] Cliente ID 124 <- OK VALUE 200
[2026-09-20 22:40:04] Cliente ID 174 -> GET bench_tcp_87
[2026-09-20 22:40:04] Cliente ID 174 <- OK VALUE 100
[2026-09-20 22:40:04] Cliente ID 155 -> CREATE bench_tcp_71 100
[2026-09-20 22:40:04] Cliente ID 133 -> GET bench_tcp_48
[2026-09-20 22:40:04] Cliente ID 133 <- OK VALUE 200
[2026-09-20 22:40:04] Cliente ID 158 -> GET bench_tcp_76
[2026-09-20 22:40:04] Cliente ID 158 <- OK VALUE 100
[2026-09-20 22:40:04] Cliente ID 116 -> SET bench_tcp_32 200
[2026-09-20 22:40:04] Cliente ID 138 -> CREATE bench_tcp_53 100
[2026-09-20 22:40:04] Cliente ID 114 -> SET bench_tcp_30 200
[2026-09-20 22:40:04] Cliente ID 124 -> SET bench_tcp_42 200
[2026-09-20 22:40:04] Cliente ID 119 -> GET bench_tcp_34
[2026-09-20 22:40:04] Cliente ID 119 <- OK VALUE 200
[2026-09-20 22:40:04] Cliente ID 100 -> CREATE bench_tcp_16 100
[2026-09-20 22:40:04] Cliente ID 100 <- ERROR RESOURCE_ALREADY_EXISTS
[2026-09-20 22:40:04] Cliente ID 171 <- OK RESOURCE_CREATED
[2026-09-20 22:40:04] Cliente ID 93 -> GET bench_tcp_8
[2026-09-20 22:40:04] Cliente ID 93 <- OK VALUE 200
[2026-09-20 22:40:04] Cliente ID 93 -> SET bench_tcp_8 200
[2026-09-20 22:40:04] Cliente ID 166 -> SET bench_tcp_81 200
[2026-09-20 22:40:04] Cliente ID 161 <- OK RESOURCE_CREATED
[2026-09-20 22:40:04] Cliente ID 153 -> GET bench_tcp_68
[2026-09-20 22:40:04] Cliente ID 153 <- OK VALUE 100
[2026-09-20 22:40:04] Cliente ID 116 <- OK VALUE_UPDATED
[2026-09-20 22:40:04] Cliente ID 140 -> GET bench_tcp_54
[2026-09-20 22:40:04] Cliente ID 140 <- OK VALUE 100
[2026-09-20 22:40:04] Cliente ID 133 -> SET bench_tcp_48 200
[2026-09-20 22:40:04] Cliente ID 132 -> GET bench_tcp_45
[2026-09-20 22:40:04] Cliente ID 132 <- OK VALUE 200
[2026-09-20 22:40:04] Cliente ID 113 -> GET bench_tcp_29
[2026-09-20 22:40:04] Cliente ID 113 <- OK VALUE 200
[2026-09-20 22:40:04] Cliente ID 123 -> SET bench_tcp_38 200
[2026-09-20 22:40:04] Cliente ID 142 -> GET bench_tcp_57
[2026-09-20 22:40:04] Cliente ID 142 <- OK VALUE 100
[2026-09-20 22:40:04] Cliente ID 184 <- OK RESOURCE_CREATED
[2026-09-20 22:40:04] Cliente ID 166 <- OK VALUE_UPDATED
[2026-09-20 22:40:04] Cliente ID 158 -> SET bench_tcp_76 200
[2026-09-20 22:40:04] Cliente ID 123 <- OK VALUE_UPDATED
[2026-09-20 22:40:05] Cliente ID 159 -> CREATE bench_tcp_75 100
[2026-09-20 22:40:05] Cliente ID 113 -> SET bench_tcp_29 200
[2026-09-20 22:40:05] Cliente ID 92 -> GET bench_tcp_7
[2026-09-20 22:40:05] Cliente ID 92 <- OK VALUE 200
[2026-09-20 22:40:05] Cliente ID 166 -> RESERVE bench_tcp_81
[2026-09-20 22:40:05] Cliente ID 139 -> CREATE bench_tcp_55 100
[2026-09-20 22:40:05] Cliente ID 154 -> SET bench_tcp_69 200
[2026-09-20 22:40:05] Cliente ID 175 -> RESERVE bench_tcp_91
[2026-09-20 22:40:05] Cliente ID 169 -> GET bench_tcp_84
[2026-09-20 22:40:05] Cliente ID 169 <- OK VALUE 100
[2026-09-20 22:40:05] Cliente ID 110 -> GET bench_tcp_25
[2026-09-20 22:40:05] Cliente ID 110 <- OK VALUE 200
[2026-09-20 22:40:05] Cliente ID 151 <- OK RESOURCE_CREATED
[2026-09-20 22:40:05] Cliente ID 95 -> SET bench_tcp_10 200
[2026-09-20 22:40:05] Cliente ID 172 -> GET bench_tcp_88
[2026-09-20 22:40:05] Cliente ID 97 -> GET bench_tcp_12
[2026-09-20 22:40:05] Cliente ID 97 <- OK VALUE 200
[2026-09-20 22:40:05] Cliente ID 172 <- OK VALUE 100
[2026-09-20 22:40:05] Cliente ID 149 -> GET bench_tcp_64
[2026-09-20 22:40:05] Cliente ID 149 <- OK VALUE 100
[2026-09-20 22:40:05] Cliente ID 143 -> CREATE bench_tcp_58 100
[2026-09-20 22:40:05] Cliente ID 132 -> SET bench_tcp_45 200
[2026-09-20 22:40:05] Cliente ID 153 -> SET bench_tcp_68 200
[2026-09-20 22:40:05] Cliente ID 92 -> SET bench_tcp_7 200
[2026-09-20 22:40:05] Cliente ID 131 -> SET bench_tcp_47 200
[2026-09-20 22:40:05] Cliente ID 105 -> SET bench_tcp_20 200
[2026-09-20 22:40:05] Cliente ID 94 <- OK VALUE_UPDATED
[2026-09-20 22:40:05] Cliente ID 185 -> GET bench_tcp_100
[2026-09-20 22:40:05] Cliente ID 125 -> RESERVE bench_tcp_39
[2026-09-20 22:40:05] Cliente ID 185 <- OK VALUE 100
[2026-09-20 22:40:05] Cliente ID 151 -> GET bench_tcp_66
[2026-09-20 22:40:05] Cliente ID 151 <- OK VALUE 100
[2026-09-20 22:40:05] Cliente ID 134 -> CREATE bench_tcp_50 100
[2026-09-20 22:40:05] Cliente ID 134 <- ERROR RESOURCE_ALREADY_EXISTS
[2026-09-20 22:40:05] Cliente ID 96 -> GET bench_tcp_11
[2026-09-20 22:40:05] Cliente ID 96 <- OK VALUE 200
[2026-09-20 22:40:05] Cliente ID 146 -> CREATE bench_tcp_61 100
[2026-09-20 22:40:05] Cliente ID 174 -> SET bench_tcp_87 200
[2026-09-20 22:40:05] Cliente ID 117 <- OK VALUE_UPDATED
[2026-09-20 22:40:05] Cliente ID 169 -> SET bench_tcp_84 200
[2026-09-20 22:40:05] Cliente ID 110 -> SET bench_tcp_25 200
[2026-09-20 22:40:05] Cliente ID 151 -> SET bench_tcp_66 200
[2026-09-20 22:40:05] Cliente ID 168 -> GET bench_tcp_83
[2026-09-20 22:40:05] Cliente ID 168 <- OK VALUE 100
[2026-09-20 22:40:05] Cliente ID 174 <- OK VALUE_UPDATED
[2026-09-20 22:40:05] Cliente ID 173 -> CREATE bench_tcp_89 100
[2026-09-20 22:40:05] Cliente ID 100 -> GET bench_tcp_16
[2026-09-20 22:40:05] Cliente ID 100 <- OK VALUE 200
[2026-09-20 22:40:05] Cliente ID 89 -> GET bench_tcp_5
[2026-09-20 22:40:05] Cliente ID 89 <- OK VALUE 200
[2026-09-20 22:40:05] Cliente ID 149 -> SET bench_tcp_64 200
[2026-09-20 22:40:05] Cliente ID 94 -> RESERVE bench_tcp_9
[2026-09-20 22:40:05] Cliente ID 144 -> SET bench_tcp_59 200
[2026-09-20 22:40:05] Cliente ID 182 <- OK RESOURCE_RESERVED
[2026-09-20 22:40:05] Cliente ID 108 -> GET bench_tcp_23
[2026-09-20 22:40:05] Cliente ID 185 -> SET bench_tcp_100 200
[2026-09-20 22:40:05] Cliente ID 89 -> SET bench_tcp_5 200
[2026-09-20 22:40:05] Cliente ID 172 -> SET bench_tcp_88 200
[2026-09-20 22:40:05] Cliente ID 184 -> GET bench_tcp_97
[2026-09-20 22:40:05] Cliente ID 184 <- OK VALUE 100
[2026-09-20 22:40:05] Cliente ID 88 -> GET bench_tcp_3
[2026-09-20 22:40:05] Cliente ID 88 <- OK VALUE 200
[2026-09-20 22:40:05] Cliente ID 165 -> GET bench_tcp_80
[2026-09-20 22:40:05] Cliente ID 122 -> RESERVE bench_tcp_37
[2026-09-20 22:40:05] Cliente ID 118 -> SET bench_tcp_33 200
[2026-09-20 22:40:05] Cliente ID 108 <- OK VALUE 200
[2026-09-20 22:40:05] Cliente ID 165 <- OK VALUE 100
[2026-09-20 22:40:05] Cliente ID 115 -> RESERVE bench_tcp_31
[2026-09-20 22:40:05] Cliente ID 179 -> GET bench_tcp_94
[2026-09-20 22:40:05] Cliente ID 179 <- OK VALUE 100
[2026-09-20 22:40:05] Cliente ID 100 -> SET bench_tcp_16 200
[2026-09-20 22:40:05] Cliente ID 107 -> SET bench_tcp_22 200
[2026-09-20 22:40:05] Cliente ID 163 -> GET bench_tcp_78
[2026-09-20 22:40:05] Cliente ID 134 -> GET bench_tcp_50
[2026-09-20 22:40:05] Cliente ID 134 <- OK VALUE 200
[2026-09-20 22:40:05] Cliente ID 163 <- OK VALUE 100
[2026-09-20 22:40:05] Cliente ID 108 -> SET bench_tcp_23 200
[2026-09-20 22:40:05] Cliente ID 117 -> RESERVE bench_tcp_27
[2026-09-20 22:40:05] Cliente ID 165 -> SET bench_tcp_80 200
[2026-09-20 22:40:05] Cliente ID 121 -> SET bench_tcp_36 200
[2026-09-20 22:40:05] Cliente ID 134 -> SET bench_tcp_50 200
[2026-09-20 22:40:05] Cliente ID 129 -> GET bench_tcp_44
[2026-09-20 22:40:05] Cliente ID 129 <- OK VALUE 200
[2026-09-20 22:40:05] Cliente ID 160 <- OK VALUE_UPDATED
[2026-09-20 22:40:05] Cliente ID 129 -> SET bench_tcp_44 200
[2026-09-20 22:40:05] Cliente ID 164 -> GET bench_tcp_79
[2026-09-20 22:40:05] Cliente ID 164 <- OK VALUE 100
[2026-09-20 22:40:05] Cliente ID 152 -> CREATE bench_tcp_67 100
[2026-09-20 22:40:05] Cliente ID 164 -> SET bench_tcp_79 200
[2026-09-20 22:40:05] Cliente ID 161 -> GET bench_tcp_74
[2026-09-20 22:40:05] Cliente ID 161 <- OK VALUE 100
[2026-09-20 22:40:05] Cliente ID 127 -> GET bench_tcp_40
[2026-09-20 22:40:05] Cliente ID 127 <- OK VALUE 200
[2026-09-20 22:40:05] Cliente ID 120 -> RELEASE bench_tcp_35
[2026-09-20 22:40:05] Cliente ID 162 -> GET bench_tcp_77
[2026-09-20 22:40:05] Cliente ID 157 -> CREATE bench_tcp_73 100
[2026-09-20 22:40:05] Cliente ID 174 -> RESERVE bench_tcp_87
[2026-09-20 22:40:05] Cliente ID 97 -> SET bench_tcp_12 200
[2026-09-20 22:40:05] Cliente ID 148 -> SET bench_tcp_63 200
[2026-09-20 22:40:05] Cliente ID 91 -> SET bench_tcp_6 200
[2026-09-20 22:40:05] Cliente ID 98 -> GET bench_tcp_14
[2026-09-20 22:40:05] Cliente ID 98 <- OK VALUE 200
[2026-09-20 22:40:05] Cliente ID 162 <- OK VALUE 100
[2026-09-20 22:40:05] Cliente ID 136 -> CREATE bench_tcp_51 100
[2026-09-20 22:40:05] Cliente ID 169 <- OK VALUE_UPDATED
[2026-09-20 22:40:05] Cliente ID 112 <- OK VALUE_UPDATED
[2026-09-20 22:40:05] Cliente ID 155 <- OK RESOURCE_CREATED
[2026-09-20 22:40:05] Cliente ID 176 <- OK RESOURCE_RELEASED
[2026-09-20 22:40:05] Cliente ID 97 <- OK VALUE_UPDATED
[2026-09-20 22:40:05] Cliente ID 184 -> SET bench_tcp_97 200
[2026-09-20 22:40:05] Cliente ID 138 <- OK RESOURCE_CREATED
[2026-09-20 22:40:05] Cliente ID 112 -> RESERVE bench_tcp_28
[2026-09-20 22:40:05] Cliente ID 170 -> SET bench_tcp_85 200
[2026-09-20 22:40:05] Cliente ID 104 -> SET bench_tcp_19 200
[2026-09-20 22:40:05] Cliente ID 180 -> CREATE bench_tcp_95 100
[2026-09-20 22:40:05] Cliente ID 104 <- OK VALUE_UPDATED
[2026-09-20 22:40:05] Cliente ID 180 <- OK RESOURCE_CREATED
[2026-09-20 22:40:05] Cliente ID 180 -> GET bench_tcp_95
[2026-09-20 22:40:05] Cliente ID 180 <- OK VALUE 100
[2026-09-20 22:40:05] Cliente ID 180 -> SET bench_tcp_95 200
[2026-09-20 22:40:05] Cliente ID 114 <- OK VALUE_UPDATED
[2026-09-20 22:40:05] Cliente ID 133 <- OK VALUE_UPDATED
[2026-09-20 22:40:05] Cliente ID 97 -> RESERVE bench_tcp_12
[2026-09-20 22:40:05] Cliente ID 138 -> GET bench_tcp_53
[2026-09-20 22:40:05] Cliente ID 138 <- OK VALUE 100
[2026-09-20 22:40:05] Cliente ID 127 -> SET bench_tcp_40 200
[2026-09-20 22:40:05] Cliente ID 147 -> GET bench_tcp_62
[2026-09-20 22:40:05] Cliente ID 147 <- OK VALUE 100
[2026-09-20 22:40:05] Cliente ID 104 -> RESERVE bench_tcp_19
[2026-09-20 22:40:05] Cliente ID 141 -> CREATE bench_tcp_56 100
[2026-09-20 22:40:05] Cliente ID 163 -> SET bench_tcp_78 200
[2026-09-20 22:40:05] Cliente ID 142 -> SET bench_tcp_57 200
[2026-09-20 22:40:05] Cliente ID 133 -> RESERVE bench_tcp_48
[2026-09-20 22:40:05] Cliente ID 182 -> RELEASE bench_tcp_98
[2026-09-20 22:40:05] Cliente ID 159 <- OK RESOURCE_CREATED
[2026-09-20 22:40:05] Cliente ID 171 -> GET bench_tcp_86
[2026-09-20 22:40:05] Cliente ID 93 <- OK VALUE_UPDATED
[2026-09-20 22:40:05] Cliente ID 90 -> RESERVE bench_tcp_4
[2026-09-20 22:40:05] Cliente ID 158 <- OK VALUE_UPDATED
[2026-09-20 22:40:05] Cliente ID 88 -> SET bench_tcp_3 200
[2026-09-20 22:40:05] Cliente ID 179 -> SET bench_tcp_94 200
[2026-09-20 22:40:05] Cliente ID 113 <- OK VALUE_UPDATED
[2026-09-20 22:40:05] Cliente ID 161 -> SET bench_tcp_74 200
[2026-09-20 22:40:05] Cliente ID 141 <- OK RESOURCE_CREATED
[2026-09-20 22:40:05] Cliente ID 139 <- OK RESOURCE_CREATED
[2026-09-20 22:40:05] Cliente ID 138 -> SET bench_tcp_53 200
[2026-09-20 22:40:05] Cliente ID 127 <- OK VALUE_UPDATED
[2026-09-20 22:40:05] Cliente ID 101 -> SET bench_tcp_15 200
[2026-09-20 22:40:05] Cliente ID 111 <- OK VALUE_UPDATED
[2026-09-20 22:40:05] Cliente ID 154 <- OK VALUE_UPDATED
[2026-09-20 22:40:05] Cliente ID 166 <- OK RESOURCE_RESERVED
[2026-09-20 22:40:05] Cliente ID 140 -> SET bench_tcp_54 200
[2026-09-20 22:40:05] Cliente ID 95 <- OK VALUE_UPDATED
[2026-09-20 22:40:05] Cliente ID 139 -> GET bench_tcp_55
[2026-09-20 22:40:05] Cliente ID 169 -> RESERVE bench_tcp_84
[2026-09-20 22:40:05] Cliente ID 153 <- OK VALUE_UPDATED
[2026-09-20 22:40:05] Cliente ID 92 <- OK VALUE_UPDATED
[2026-09-20 22:40:05] Cliente ID 143 <- OK RESOURCE_CREATED
[2026-09-20 22:40:05] Cliente ID 131 <- OK VALUE_UPDATED
[2026-09-20 22:40:05] Cliente ID 127 -> RESERVE bench_tcp_40
[2026-09-20 22:40:05] Cliente ID 105 <- OK VALUE_UPDATED
[2026-09-20 22:40:05] Cliente ID 125 <- OK RESOURCE_RESERVED
[2026-09-20 22:40:05] Cliente ID 95 -> RESERVE bench_tcp_10
[2026-09-20 22:40:05] Cliente ID 181 -> CREATE bench_tcp_96 100
[2026-09-20 22:40:05] Cliente ID 135 -> CREATE bench_tcp_49 100
[2026-09-20 22:40:05] Cliente ID 141 -> GET bench_tcp_56
[2026-09-20 22:40:05] Cliente ID 105 -> RESERVE bench_tcp_20
[2026-09-20 22:40:05] Cliente ID 125 -> RELEASE bench_tcp_39
[2026-09-20 22:40:05] Cliente ID 110 <- OK VALUE_UPDATED
[2026-09-20 22:40:05] Cliente ID 146 <- OK RESOURCE_CREATED
[2026-09-20 22:40:05] Cliente ID 113 -> RESERVE bench_tcp_29
[2026-09-20 22:40:05] Cliente ID 151 <- OK VALUE_UPDATED
[2026-09-20 22:40:05] Cliente ID 130 -> GET bench_tcp_46
[2026-09-20 22:40:05] Cliente ID 111 -> RESERVE bench_tcp_26
[2026-09-20 22:40:05] Cliente ID 147 -> SET bench_tcp_62 200
[2026-09-20 22:40:05] Cliente ID 183 -> RESERVE bench_tcp_99
[2026-09-20 22:40:05] Cliente ID 166 -> RELEASE bench_tcp_81
[2026-09-20 22:40:05] Cliente ID 119 -> SET bench_tcp_34 200
[2026-09-20 22:40:05] Cliente ID 92 -> RESERVE bench_tcp_7
[2026-09-20 22:40:05] Cliente ID 132 <- OK VALUE_UPDATED
[2026-09-20 22:40:05] Cliente ID 151 -> RESERVE bench_tcp_66
[2026-09-20 22:40:05] Cliente ID 131 -> RESERVE bench_tcp_47
[2026-09-20 22:40:05] Cliente ID 123 -> RESERVE bench_tcp_38
[2026-09-20 22:40:05] Cliente ID 99 -> SET bench_tcp_13 200
[2026-09-20 22:40:05] Cliente ID 173 <- OK RESOURCE_CREATED
[2026-09-20 22:40:05] Cliente ID 87 -> GET bench_tcp_2
[2026-09-20 22:40:05] Cliente ID 106 -> CREATE bench_tcp_21 100
[2026-09-20 22:40:05] Cliente ID 145 -> CREATE bench_tcp_60 100
[2026-09-20 22:40:05] Cliente ID 94 <- OK RESOURCE_RESERVED
[2026-09-20 22:40:05] Cliente ID 149 <- OK VALUE_UPDATED
[2026-09-20 22:40:05] Cliente ID 114 -> RESERVE bench_tcp_30
[2026-09-20 22:40:05] Cliente ID 149 -> RESERVE bench_tcp_64
[2026-09-20 22:40:05] Cliente ID 103 -> SET bench_tcp_17 200
[2026-09-20 22:40:05] Cliente ID 159 -> GET bench_tcp_75
[2026-09-20 22:40:05] Cliente ID 109 -> SET bench_tcp_24 200
[2026-09-20 22:40:05] Cliente ID 177 -> CREATE bench_tcp_90 100
[2026-09-20 22:40:05] Cliente ID 93 -> RESERVE bench_tcp_8
[2026-09-20 22:40:05] Cliente ID 144 <- OK VALUE_UPDATED
[2026-09-20 22:40:05] Cliente ID 185 <- OK VALUE_UPDATED
[2026-09-20 22:40:05] Cliente ID 153 -> RESERVE bench_tcp_68
[2026-09-20 22:40:05] Cliente ID 116 -> RESERVE bench_tcp_32
[2026-09-20 22:40:05] Cliente ID 89 <- OK VALUE_UPDATED
[2026-09-20 22:40:05] Cliente ID 146 -> GET bench_tcp_61
[2026-09-20 22:40:05] Cliente ID 102 -> GET bench_tcp_18
[2026-09-20 22:40:05] Cliente ID 160 -> RESERVE bench_tcp_70
[2026-09-20 22:40:05] Cliente ID 172 <- OK VALUE_UPDATED
[2026-09-20 22:40:05] Cliente ID 122 <- OK RESOURCE_RESERVED
[2026-09-20 22:40:05] Cliente ID 167 -> RESERVE bench_tcp_82
[2026-09-20 22:40:05] Cliente ID 178 <- OK VALUE_UPDATED
[2026-09-20 22:40:05] Cliente ID 118 <- OK VALUE_UPDATED
[2026-09-20 22:40:05] Cliente ID 115 <- OK RESOURCE_RESERVED
[2026-09-20 22:40:05] Cliente ID 122 -> RELEASE bench_tcp_37
[2026-09-20 22:40:05] Cliente ID 108 <- OK VALUE_UPDATED
[2026-09-20 22:40:05] Cliente ID 108 -> RESERVE bench_tcp_23
[2026-09-20 22:40:05] Cliente ID 137 -> CREATE bench_tcp_52 100
[2026-09-20 22:40:05] Cliente ID 121 <- OK VALUE_UPDATED
[2026-09-20 22:40:05] Cliente ID 165 <- OK VALUE_UPDATED
[2026-09-20 22:40:05] Cliente ID 173 -> GET bench_tcp_89
[2026-09-20 22:40:05] Cliente ID 154 -> RESERVE bench_tcp_69
[2026-09-20 22:40:05] Cliente ID 96 -> SET bench_tcp_11 200
[2026-09-20 22:40:05] Cliente ID 121 -> RESERVE bench_tcp_36
[2026-09-20 22:40:05] Cliente ID 158 -> RESERVE bench_tcp_76
[2026-09-20 22:40:05] Cliente ID 117 <- OK RESOURCE_RESERVED
[2026-09-20 22:40:05] Cliente ID 86 -> CREATE bench_tcp_1 100
[2026-09-20 22:40:05] Cliente ID 134 <- OK VALUE_UPDATED
[2026-09-20 22:40:05] Cliente ID 129 <- OK VALUE_UPDATED
[2026-09-20 22:40:05] Cliente ID 165 -> RESERVE bench_tcp_80
[2026-09-20 22:40:05] Cliente ID 89 -> RESERVE bench_tcp_5
[2026-09-20 22:40:05] Cliente ID 152 <- OK RESOURCE_CREATED
[2026-09-20 22:40:05] Cliente ID 152 -> GET bench_tcp_67
[2026-09-20 22:40:05] Cliente ID 132 -> RESERVE bench_tcp_45
[2026-09-20 22:40:05] Cliente ID 107 <- OK VALUE_UPDATED
[2026-09-20 22:40:05] Cliente ID 164 <- OK VALUE_UPDATED
[2026-09-20 22:40:05] Cliente ID 144 -> RESERVE bench_tcp_59
[2026-09-20 22:40:05] Cliente ID 120 <- OK RESOURCE_RELEASED
[2026-09-20 22:40:05] Cliente ID 100 <- OK VALUE_UPDATED
[2026-09-20 22:40:05] Cliente ID 94 -> RELEASE bench_tcp_9
[2026-09-20 22:40:05] Cliente ID 117 -> RELEASE bench_tcp_27
[2026-09-20 22:40:05] Cliente ID 174 <- OK RESOURCE_RESERVED
[2026-09-20 22:40:05] Cliente ID 128 <- OK RESOURCE_RESERVED
[2026-09-20 22:40:05] Cliente ID 150 -> GET bench_tcp_65
[2026-09-20 22:40:05] Cliente ID 157 <- OK RESOURCE_CREATED
[2026-09-20 22:40:05] Cliente ID 148 <- OK VALUE_UPDATED
[2026-09-20 22:40:05] Cliente ID 91 <- OK VALUE_UPDATED
[2026-09-20 22:40:05] Cliente ID 136 <- OK RESOURCE_CREATED
[2026-09-20 22:40:05] Cliente ID 155 -> GET bench_tcp_71
[2026-09-20 22:40:05] Cliente ID 143 -> GET bench_tcp_58
[2026-09-20 22:40:05] Cliente ID 184 <- OK VALUE_UPDATED
[2026-09-20 22:40:05] Cliente ID 98 -> SET bench_tcp_14 200
[2026-09-20 22:40:05] Cliente ID 174 -> RELEASE bench_tcp_87
[2026-09-20 22:40:05] Cliente ID 164 -> RESERVE bench_tcp_79
[2026-09-20 22:40:05] Cliente ID 112 <- OK RESOURCE_RESERVED
[2026-09-20 22:40:05] Cliente ID 170 <- OK VALUE_UPDATED
[2026-09-20 22:40:05] Cliente ID 124 <- OK VALUE_UPDATED
[2026-09-20 22:40:05] Cliente ID 97 <- OK RESOURCE_RESERVED
[2026-09-20 22:40:05] Cliente ID 180 <- OK VALUE_UPDATED
[2026-09-20 22:40:05] Cliente ID 185 -> RESERVE bench_tcp_100
[2026-09-20 22:40:05] Cliente ID 124 -> RESERVE bench_tcp_42
[2026-09-20 22:40:05] Cliente ID 104 <- OK RESOURCE_RESERVED
[2026-09-20 22:40:05] Cliente ID 163 <- OK VALUE_UPDATED
[2026-09-20 22:40:05] Cliente ID 133 <- OK RESOURCE_RESERVED
[2026-09-20 22:40:05] Cliente ID 182 <- OK RESOURCE_RELEASED
[2026-09-20 22:40:05] Recursos do cliente ID 176 liberados automaticamente
[2026-09-20 22:40:05] Cliente ID 142 <- OK VALUE_UPDATED
[2026-09-20 22:40:05] Cliente ID 175 <- OK RESOURCE_RESERVED
[2026-09-20 22:40:05] Cliente ID 171 <- OK VALUE 100
[2026-09-20 22:40:05] Cliente ID 176 desconectado
[2026-09-20 22:40:05] Cliente ID 88 <- OK VALUE_UPDATED
[2026-09-20 22:40:05] Cliente ID 104 -> RELEASE bench_tcp_19
[2026-09-20 22:40:05] Cliente ID 168 -> SET bench_tcp_83 200
[2026-09-20 22:40:05] Cliente ID 157 -> GET bench_tcp_73
[2026-09-20 22:40:05] Cliente ID 170 -> RESERVE bench_tcp_85
[2026-09-20 22:40:05] Cliente ID 179 <- OK VALUE_UPDATED
[2026-09-20 22:40:05] Cliente ID 157 <- OK VALUE 100
[2026-09-20 22:40:05] Cliente ID 110 -> RESERVE bench_tcp_25
[2026-09-20 22:40:05] Cliente ID 162 -> SET bench_tcp_77 200
[2026-09-20 22:40:05] Cliente ID 139 <- OK VALUE 100
[2026-09-20 22:40:05] Cliente ID 135 <- ERROR RESOURCE_ALREADY_EXISTS
[2026-09-20 22:40:05] Cliente ID 141 <- OK VALUE 100
[2026-09-20 22:40:05] Cliente ID 90 <- OK RESOURCE_RESERVED
[2026-09-20 22:40:05] Cliente ID 129 -> RESERVE bench_tcp_44
[2026-09-20 22:40:05] Cliente ID 148 -> RESERVE bench_tcp_63
[2026-09-20 22:40:05] Cliente ID 130 <- OK VALUE 200
[2026-09-20 22:40:05] Cliente ID 100 -> RESERVE bench_tcp_16
[2026-09-20 22:40:05] Cliente ID 172 -> RESERVE bench_tcp_88
[2026-09-20 22:40:05] Cliente ID 115 -> RELEASE bench_tcp_31
[2026-09-20 22:40:05] Cliente ID 135 -> GET bench_tcp_49
[2026-09-20 22:40:05] Cliente ID 118 -> RESERVE bench_tcp_33
[2026-09-20 22:40:05] Cliente ID 156 -> CREATE bench_tcp_72 100
[2026-09-20 22:40:05] Cliente ID 151 <- OK RESOURCE_RESERVED
[2026-09-20 22:40:05] Cliente ID 161 <- OK VALUE_UPDATED
[2026-09-20 22:40:05] Cliente ID 135 <- OK VALUE 200
[2026-09-20 22:40:05] Cliente ID 133 -> RELEASE bench_tcp_48
[2026-09-20 22:40:05] Cliente ID 180 -> RESERVE bench_tcp_95
[2026-09-20 22:40:05] Cliente ID 161 -> RESERVE bench_tcp_74
[2026-09-20 22:40:05] Cliente ID 87 <- OK VALUE 200
[2026-09-20 22:40:05] Cliente ID 104 <- OK RESOURCE_RELEASED
[2026-09-20 22:40:05] Cliente ID 133 <- OK RESOURCE_RELEASED
[2026-09-20 22:40:05] Cliente ID 159 <- OK VALUE 100
[2026-09-20 22:40:05] Cliente ID 106 <- ERROR RESOURCE_ALREADY_EXISTS
[2026-09-20 22:40:05] Cliente ID 184 -> RESERVE bench_tcp_97
[2026-09-20 22:40:05] Cliente ID 126 -> GET bench_tcp_41
[2026-09-20 22:40:05] Cliente ID 91 -> RESERVE bench_tcp_6
[2026-09-20 22:40:05] Cliente ID 175 -> RELEASE bench_tcp_91
[2026-09-20 22:40:05] Cliente ID 159 -> SET bench_tcp_75 200
[2026-09-20 22:40:05] Cliente ID 171 -> SET bench_tcp_86 200
[2026-09-20 22:40:05] Cliente ID 101 <- OK VALUE_UPDATED
[2026-09-20 22:40:05] Cliente ID 178 -> RESERVE bench_tcp_93
[2026-09-20 22:40:05] Cliente ID 106 -> GET bench_tcp_21
[2026-09-20 22:40:05] Cliente ID 161 <- OK RESOURCE_RESERVED
[2026-09-20 22:40:05] Cliente ID 136 -> GET bench_tcp_51
[2026-09-20 22:40:05] Cliente ID 134 -> RESERVE bench_tcp_50
[2026-09-20 22:40:05] Cliente ID 112 -> RELEASE bench_tcp_28
[2026-09-20 22:40:05] Cliente ID 168 <- OK VALUE_UPDATED
[2026-09-20 22:40:05] Cliente ID 101 -> RESERVE bench_tcp_15
[2026-09-20 22:40:05] Cliente ID 107 -> RESERVE bench_tcp_22
[2026-09-20 22:40:05] Cliente ID 140 <- OK VALUE_UPDATED
[2026-09-20 22:40:05] Cliente ID 168 -> RESERVE bench_tcp_83
[2026-09-20 22:40:05] Cliente ID 170 <- OK RESOURCE_RESERVED
[2026-09-20 22:40:05] Cliente ID 87 -> SET bench_tcp_2 200
[2026-09-20 22:40:05] Cliente ID 130 -> SET bench_tcp_46 200
[2026-09-20 22:40:05] Cliente ID 157 -> SET bench_tcp_73 200
[2026-09-20 22:40:05] Cliente ID 140 -> RESERVE bench_tcp_54
[2026-09-20 22:40:05] Cliente ID 169 <- OK RESOURCE_RESERVED
[2026-09-20 22:40:05] Cliente ID 135 -> SET bench_tcp_49 200
[2026-09-20 22:40:05] Cliente ID 142 -> RESERVE bench_tcp_57
[2026-09-20 22:40:05] Cliente ID 110 <- OK RESOURCE_RESERVED
[2026-09-20 22:40:05] Cliente ID 163 -> RESERVE bench_tcp_78
[2026-09-20 22:40:05] Cliente ID 181 <- OK RESOURCE_CREATED
[2026-09-20 22:40:05] Cliente ID 169 -> RELEASE bench_tcp_84
[2026-09-20 22:40:05] Cliente ID 110 -> RELEASE bench_tcp_25
[2026-09-20 22:40:05] Cliente ID 161 -> RELEASE bench_tcp_74
[2026-09-20 22:40:05] Cliente ID 90 -> RELEASE bench_tcp_4
[2026-09-20 22:40:05] Cliente ID 129 <- OK RESOURCE_RESERVED
[2026-09-20 22:40:05] Cliente ID 105 <- OK RESOURCE_RESERVED
[2026-09-20 22:40:05] Cliente ID 181 -> GET bench_tcp_96
[2026-09-20 22:40:05] Cliente ID 125 <- OK RESOURCE_RELEASED
[2026-09-20 22:40:05] Cliente ID 128 -> RELEASE bench_tcp_43
[2026-09-20 22:40:05] Cliente ID 148 <- OK RESOURCE_RESERVED
[2026-09-20 22:40:05] Cliente ID 139 -> SET bench_tcp_55 200
[2026-09-20 22:40:05] Cliente ID 151 -> RELEASE bench_tcp_66
[2026-09-20 22:40:05] Cliente ID 88 -> RESERVE bench_tcp_3
[2026-09-20 22:40:05] Cliente ID 170 -> RELEASE bench_tcp_85
[2026-09-20 22:40:05] Cliente ID 129 -> RELEASE bench_tcp_44
[2026-09-20 22:40:05] Cliente ID 105 -> RELEASE bench_tcp_20
[2026-09-20 22:40:05] Cliente ID 111 <- OK RESOURCE_RESERVED
[2026-09-20 22:40:05] Cliente ID 147 <- OK VALUE_UPDATED
[2026-09-20 22:40:05] Cliente ID 147 -> RESERVE bench_tcp_62
[2026-09-20 22:40:05] Cliente ID 111 -> RELEASE bench_tcp_26
[2026-09-20 22:40:05] Cliente ID 183 <- OK RESOURCE_RESERVED
[2026-09-20 22:40:05] Cliente ID 179 -> RESERVE bench_tcp_94
[2026-09-20 22:40:05] Cliente ID 166 <- OK RESOURCE_RELEASED
[2026-09-20 22:40:05] Cliente ID 183 -> RELEASE bench_tcp_99
[2026-09-20 22:40:05] Cliente ID 148 -> RELEASE bench_tcp_63
[2026-09-20 22:40:05] Cliente ID 97 -> RELEASE bench_tcp_12
[2026-09-20 22:40:05] Cliente ID 141 -> SET bench_tcp_56 200
[2026-09-20 22:40:05] Cliente ID 92 <- OK RESOURCE_RESERVED
[2026-09-20 22:40:05] Cliente ID 100 <- OK RESOURCE_RESERVED
[2026-09-20 22:40:05] Cliente ID 92 -> RELEASE bench_tcp_7
[2026-09-20 22:40:05] Cliente ID 172 <- OK RESOURCE_RESERVED
[2026-09-20 22:40:05] Cliente ID 118 <- OK RESOURCE_RESERVED
[2026-09-20 22:40:05] Cliente ID 131 <- OK RESOURCE_RESERVED
[2026-09-20 22:40:05] Cliente ID 172 -> RELEASE bench_tcp_88
[2026-09-20 22:40:05] Cliente ID 100 -> RELEASE bench_tcp_16
[2026-09-20 22:40:05] Cliente ID 156 <- OK RESOURCE_CREATED
[2026-09-20 22:40:05] Cliente ID 118 -> RELEASE bench_tcp_33
[2026-09-20 22:40:05] Cliente ID 156 -> GET bench_tcp_72
[2026-09-20 22:40:05] Cliente ID 131 -> RELEASE bench_tcp_47
[2026-09-20 22:40:05] Cliente ID 145 <- OK RESOURCE_CREATED
[2026-09-20 22:40:05] Cliente ID 180 <- OK RESOURCE_RESERVED
[2026-09-20 22:40:05] Cliente ID 99 <- OK VALUE_UPDATED
[2026-09-20 22:40:05] Cliente ID 145 -> GET bench_tcp_60
[2026-09-20 22:40:05] Cliente ID 149 <- OK RESOURCE_RESERVED
[2026-09-20 22:40:05] Cliente ID 138 <- OK VALUE_UPDATED
[2026-09-20 22:40:05] Cliente ID 99 -> RESERVE bench_tcp_13
[2026-09-20 22:40:05] Cliente ID 180 -> RELEASE bench_tcp_95
[2026-09-20 22:40:05] Cliente ID 149 -> RELEASE bench_tcp_64
[2026-09-20 22:40:05] Cliente ID 138 -> RESERVE bench_tcp_53
[2026-09-20 22:40:05] Cliente ID 103 <- OK VALUE_UPDATED
[2026-09-20 22:40:05] Cliente ID 109 <- OK VALUE_UPDATED
[2026-09-20 22:40:05] Cliente ID 103 -> RESERVE bench_tcp_17
[2026-09-20 22:40:05] Cliente ID 93 <- OK RESOURCE_RESERVED
[2026-09-20 22:40:05] Cliente ID 93 -> RELEASE bench_tcp_8
[2026-09-20 22:40:05] Recursos do cliente ID 182 liberados automaticamente
[2026-09-20 22:40:05] Cliente ID 109 -> RESERVE bench_tcp_24
[2026-09-20 22:40:05] Cliente ID 182 desconectado
[2026-09-20 22:40:05] Cliente ID 146 <- OK VALUE 100
[2026-09-20 22:40:05] Cliente ID 102 <- OK VALUE 200
[2026-09-20 22:40:05] Cliente ID 146 -> SET bench_tcp_61 200
[2026-09-20 22:40:05] Cliente ID 102 -> SET bench_tcp_18 200
[2026-09-20 22:40:05] Cliente ID 109 <- OK RESOURCE_RESERVED
[2026-09-20 22:40:05] Cliente ID 114 <- OK RESOURCE_RESERVED
[2026-09-20 22:40:05] Cliente ID 127 <- OK RESOURCE_RESERVED
[2026-09-20 22:40:05] Cliente ID 114 -> RELEASE bench_tcp_30
[2026-09-20 22:40:05] Cliente ID 184 <- OK RESOURCE_RESERVED
[2026-09-20 22:40:05] Cliente ID 109 -> RELEASE bench_tcp_24
[2026-09-20 22:40:05] Cliente ID 167 <- OK RESOURCE_RESERVED
[2026-09-20 22:40:05] Cliente ID 167 -> RELEASE bench_tcp_82
[2026-09-20 22:40:05] Cliente ID 127 -> RELEASE bench_tcp_40
[2026-09-20 22:40:05] Cliente ID 184 -> RELEASE bench_tcp_97
[2026-09-20 22:40:05] Cliente ID 173 <- OK VALUE 100
[2026-09-20 22:40:05] Cliente ID 162 <- OK VALUE_UPDATED
[2026-09-20 22:40:05] Cliente ID 95 <- OK RESOURCE_RESERVED
[2026-09-20 22:40:05] Cliente ID 95 -> RELEASE bench_tcp_10
[2026-09-20 22:40:05] Cliente ID 162 -> RESERVE bench_tcp_77
[2026-09-20 22:40:05] Cliente ID 173 -> SET bench_tcp_89 200
[2026-09-20 22:40:05] Cliente ID 137 <- OK RESOURCE_CREATED
[2026-09-20 22:40:05] Cliente ID 113 <- OK RESOURCE_RESERVED
[2026-09-20 22:40:05] Cliente ID 86 <- ERROR RESOURCE_ALREADY_EXISTS
[2026-09-20 22:40:05] Cliente ID 86 -> GET bench_tcp_1
[2026-09-20 22:40:05] Cliente ID 86 <- OK VALUE 200
[2026-09-20 22:40:05] Cliente ID 86 -> SET bench_tcp_1 200
[2026-09-20 22:40:05] Cliente ID 137 -> GET bench_tcp_52
[2026-09-20 22:40:05] Cliente ID 137 <- OK VALUE 100
[2026-09-20 22:40:05] Cliente ID 113 -> RELEASE bench_tcp_29
[2026-09-20 22:40:05] Cliente ID 152 <- OK VALUE 100
[2026-09-20 22:40:05] Cliente ID 137 -> SET bench_tcp_52 200
[2026-09-20 22:40:05] Cliente ID 122 <- OK RESOURCE_RELEASED
[2026-09-20 22:40:05] Cliente ID 121 <- OK RESOURCE_RESERVED
[2026-09-20 22:40:05] Cliente ID 119 <- OK VALUE_UPDATED
[2026-09-20 22:40:05] Cliente ID 115 <- OK RESOURCE_RELEASED
[2026-09-20 22:40:05] Cliente ID 123 <- OK RESOURCE_RESERVED
[2026-09-20 22:40:05] Cliente ID 152 -> SET bench_tcp_67 200
[2026-09-20 22:40:05] Cliente ID 116 <- OK RESOURCE_RESERVED
[2026-09-20 22:40:05] Cliente ID 132 <- OK RESOURCE_RESERVED
[2026-09-20 22:40:05] Cliente ID 123 -> RELEASE bench_tcp_38
[2026-09-20 22:40:05] Cliente ID 102 <- OK VALUE_UPDATED
[2026-09-20 22:40:05] Cliente ID 160 <- OK RESOURCE_RESERVED
[2026-09-20 22:40:05] Cliente ID 121 -> RELEASE bench_tcp_36
[2026-09-20 22:40:05] Cliente ID 132 -> RELEASE bench_tcp_45
[2026-09-20 22:40:05] Cliente ID 116 -> RELEASE bench_tcp_32
[2026-09-20 22:40:05] Cliente ID 160 -> RELEASE bench_tcp_70
[2026-09-20 22:40:05] Cliente ID 102 -> RESERVE bench_tcp_18
[2026-09-20 22:40:05] Cliente ID 119 -> RESERVE bench_tcp_34
[2026-09-20 22:40:05] Cliente ID 114 <- OK RESOURCE_RELEASED
[2026-09-20 22:40:05] Cliente ID 109 <- OK RESOURCE_RELEASED
[2026-09-20 22:40:05] Cliente ID 167 <- OK RESOURCE_RELEASED
[2026-09-20 22:40:05] Cliente ID 127 <- OK RESOURCE_RELEASED
[2026-09-20 22:40:05] Cliente ID 184 <- OK RESOURCE_RELEASED
[2026-09-20 22:40:05] Cliente ID 108 <- OK RESOURCE_RESERVED
[2026-09-20 22:40:05] Cliente ID 108 -> RELEASE bench_tcp_23
[2026-09-20 22:40:05] Cliente ID 154 <- OK RESOURCE_RESERVED
[2026-09-20 22:40:05] Cliente ID 96 <- OK VALUE_UPDATED
[2026-09-20 22:40:05] Cliente ID 96 -> RESERVE bench_tcp_11
[2026-09-20 22:40:05] Cliente ID 154 -> RELEASE bench_tcp_69
[2026-09-20 22:40:05] Cliente ID 158 <- OK RESOURCE_RESERVED
[2026-09-20 22:40:05] Cliente ID 162 <- OK RESOURCE_RESERVED
[2026-09-20 22:40:05] Cliente ID 95 <- OK RESOURCE_RELEASED
[2026-09-20 22:40:05] Cliente ID 162 -> RELEASE bench_tcp_77
[2026-09-20 22:40:05] Cliente ID 158 -> RELEASE bench_tcp_76
[2026-09-20 22:40:05] Cliente ID 173 <- OK VALUE_UPDATED
[2026-09-20 22:40:05] Cliente ID 173 -> RESERVE bench_tcp_89
[2026-09-20 22:40:05] Cliente ID 86 <- OK VALUE_UPDATED
[2026-09-20 22:40:05] Cliente ID 86 -> RESERVE bench_tcp_1
[2026-09-20 22:40:05] Cliente ID 165 <- OK RESOURCE_RESERVED
[2026-09-20 22:40:05] Cliente ID 165 -> RELEASE bench_tcp_80
[2026-09-20 22:40:05] Cliente ID 89 <- OK RESOURCE_RESERVED
[2026-09-20 22:40:05] Cliente ID 113 <- OK RESOURCE_RELEASED
[2026-09-20 22:40:05] Cliente ID 137 <- OK VALUE_UPDATED
[2026-09-20 22:40:05] Cliente ID 89 -> RELEASE bench_tcp_5
[2026-09-20 22:40:05] Cliente ID 137 -> RESERVE bench_tcp_52
[2026-09-20 22:40:05] Cliente ID 152 <- OK VALUE_UPDATED
[2026-09-20 22:40:05] Cliente ID 146 <- OK VALUE_UPDATED
[2026-09-20 22:40:05] Recursos do cliente ID 122 liberados automaticamente
[2026-09-20 22:40:05] Cliente ID 94 <- OK RESOURCE_RELEASED
[2026-09-20 22:40:05] Cliente ID 122 desconectado
[2026-09-20 22:40:05] Cliente ID 152 -> RESERVE bench_tcp_67
[2026-09-20 22:40:05] Cliente ID 146 -> RESERVE bench_tcp_61
[2026-09-20 22:40:05] Cliente ID 150 <- OK VALUE 100
[2026-09-20 22:40:05] Cliente ID 155 <- OK VALUE 100
[2026-09-20 22:40:05] Cliente ID 143 <- OK VALUE 100
[2026-09-20 22:40:05] Cliente ID 152 <- OK RESOURCE_RESERVED
[2026-09-20 22:40:05] Cliente ID 150 -> SET bench_tcp_65 200
[2026-09-20 22:40:05] Cliente ID 155 -> SET bench_tcp_71 200
[2026-09-20 22:40:05] Cliente ID 152 -> RELEASE bench_tcp_67
[2026-09-20 22:40:05] Cliente ID 117 <- OK RESOURCE_RELEASED
[2026-09-20 22:40:05] Cliente ID 143 -> SET bench_tcp_58 200
[2026-09-20 22:40:05] Cliente ID 146 <- OK RESOURCE_RESERVED
[2026-09-20 22:40:05] Cliente ID 98 <- OK VALUE_UPDATED
[2026-09-20 22:40:05] Cliente ID 146 -> RELEASE bench_tcp_61
[2026-09-20 22:40:05] Cliente ID 98 -> RESERVE bench_tcp_14
[2026-09-20 22:40:05] Recursos do cliente ID 94 liberados automaticamente
[2026-09-20 22:40:05] Cliente ID 94 desconectado
[2026-09-20 22:40:05] Cliente ID 164 <- OK RESOURCE_RESERVED
[2026-09-20 22:40:05] Cliente ID 164 -> RELEASE bench_tcp_79
[2026-09-20 22:40:05] Recursos do cliente ID 120 liberados automaticamente
[2026-09-20 22:40:05] Cliente ID 120 desconectado
[2026-09-20 22:40:05] Cliente ID 126 <- OK VALUE 200
[2026-09-20 22:40:05] Cliente ID 185 <- OK RESOURCE_RESERVED
[2026-09-20 22:40:05] Cliente ID 126 -> SET bench_tcp_41 200
[2026-09-20 22:40:05] Cliente ID 185 -> RELEASE bench_tcp_100
[2026-09-20 22:40:05] Cliente ID 106 <- OK VALUE 200
[2026-09-20 22:40:05] Cliente ID 136 <- OK VALUE 100
[2026-09-20 22:40:05] Cliente ID 124 <- OK RESOURCE_RESERVED
[2026-09-20 22:40:05] Cliente ID 106 -> SET bench_tcp_21 200
[2026-09-20 22:40:05] Cliente ID 178 <- OK RESOURCE_RESERVED
[2026-09-20 22:40:05] Cliente ID 153 <- OK RESOURCE_RESERVED
[2026-09-20 22:40:05] Cliente ID 136 -> SET bench_tcp_51 200
[2026-09-20 22:40:05] Cliente ID 126 <- OK VALUE_UPDATED
[2026-09-20 22:40:05] Cliente ID 157 <- OK VALUE_UPDATED
[2026-09-20 22:40:05] Cliente ID 126 -> RESERVE bench_tcp_41
[2026-09-20 22:40:05] Cliente ID 124 -> RELEASE bench_tcp_42
[2026-09-20 22:40:05] Cliente ID 178 -> RELEASE bench_tcp_93
[2026-09-20 22:40:05] Cliente ID 177 <- OK RESOURCE_CREATED
[2026-09-20 22:40:05] Cliente ID 157 -> RESERVE bench_tcp_73
[2026-09-20 22:40:05] Cliente ID 177 -> GET bench_tcp_90
[2026-09-20 22:40:05] Cliente ID 177 <- OK VALUE 100
[2026-09-20 22:40:05] Cliente ID 140 <- OK RESOURCE_RESERVED
[2026-09-20 22:40:05] Cliente ID 177 -> SET bench_tcp_90 200
[2026-09-20 22:40:05] Cliente ID 110 <- OK RESOURCE_RELEASED
[2026-09-20 22:40:05] Cliente ID 153 -> RELEASE bench_tcp_68
[2026-09-20 22:40:05] Cliente ID 140 -> RELEASE bench_tcp_54
[2026-09-20 22:40:05] Cliente ID 181 <- OK VALUE 100
[2026-09-20 22:40:05] Cliente ID 91 <- OK RESOURCE_RESERVED
[2026-09-20 22:40:05] Cliente ID 161 <- OK RESOURCE_RELEASED
[2026-09-20 22:40:05] Cliente ID 181 -> SET bench_tcp_96 200
[2026-09-20 22:40:05] Cliente ID 175 <- OK RESOURCE_RELEASED
[2026-09-20 22:40:05] Cliente ID 91 -> RELEASE bench_tcp_6
[2026-09-20 22:40:05] Cliente ID 159 <- OK VALUE_UPDATED
[2026-09-20 22:40:05] Cliente ID 171 <- OK VALUE_UPDATED
[2026-09-20 22:40:05] Cliente ID 159 -> RESERVE bench_tcp_75
[2026-09-20 22:40:05] Cliente ID 171 -> RESERVE bench_tcp_86
[2026-09-20 22:40:05] Cliente ID 185 <- OK RESOURCE_RELEASED
[2026-09-20 22:40:05] Cliente ID 134 <- OK RESOURCE_RESERVED
[2026-09-20 22:40:05] Cliente ID 134 -> RELEASE bench_tcp_50
[2026-09-20 22:40:05] Cliente ID 112 <- OK RESOURCE_RELEASED
[2026-09-20 22:40:05] Cliente ID 101 <- OK RESOURCE_RESERVED
[2026-09-20 22:40:05] Cliente ID 101 -> RELEASE bench_tcp_15
[2026-09-20 22:40:05] Cliente ID 107 <- OK RESOURCE_RESERVED
[2026-09-20 22:40:05] Cliente ID 107 -> RELEASE bench_tcp_22
[2026-09-20 22:40:05] Cliente ID 168 <- OK RESOURCE_RESERVED
[2026-09-20 22:40:05] Cliente ID 87 <- OK VALUE_UPDATED
[2026-09-20 22:40:05] Cliente ID 168 -> RELEASE bench_tcp_83
[2026-09-20 22:40:05] Cliente ID 130 <- OK VALUE_UPDATED
[2026-09-20 22:40:05] Cliente ID 87 -> RESERVE bench_tcp_2
[2026-09-20 22:40:05] Cliente ID 130 -> RESERVE bench_tcp_46
[2026-09-20 22:40:05] Cliente ID 136 <- OK VALUE_UPDATED
[2026-09-20 22:40:05] Cliente ID 106 <- OK VALUE_UPDATED
[2026-09-20 22:40:05] Cliente ID 136 -> RESERVE bench_tcp_51
[2026-09-20 22:40:05] Cliente ID 106 -> RESERVE bench_tcp_21
[2026-09-20 22:40:05] Cliente ID 126 <- OK RESOURCE_RESERVED
[2026-09-20 22:40:05] Cliente ID 126 -> RELEASE bench_tcp_41
[2026-09-20 22:40:05] Cliente ID 124 <- OK RESOURCE_RELEASED
[2026-09-20 22:40:05] Cliente ID 163 <- OK RESOURCE_RESERVED
[2026-09-20 22:40:05] Cliente ID 142 <- OK RESOURCE_RESERVED
[2026-09-20 22:40:05] Cliente ID 163 -> RELEASE bench_tcp_78
[2026-09-20 22:40:05] Cliente ID 142 -> RELEASE bench_tcp_57
[2026-09-20 22:40:05] Cliente ID 178 <- OK RESOURCE_RELEASED
[2026-09-20 22:40:05] Cliente ID 169 <- OK RESOURCE_RELEASED
[2026-09-20 22:40:05] Cliente ID 157 <- OK RESOURCE_RESERVED
[2026-09-20 22:40:05] Cliente ID 177 <- OK VALUE_UPDATED
[2026-09-20 22:40:05] Cliente ID 157 -> RELEASE bench_tcp_73
[2026-09-20 22:40:05] Cliente ID 177 -> RESERVE bench_tcp_90
[2026-09-20 22:40:05] Cliente ID 153 <- OK RESOURCE_RELEASED
[2026-09-20 22:40:05] Cliente ID 140 <- OK RESOURCE_RELEASED
[2026-09-20 22:40:05] Cliente ID 90 <- OK RESOURCE_RELEASED
[2026-09-20 22:40:05] Cliente ID 135 <- OK VALUE_UPDATED
[2026-09-20 22:40:05] Recursos do cliente ID 110 liberados automaticamente
[2026-09-20 22:40:05] Cliente ID 110 desconectado
[2026-09-20 22:40:05] Cliente ID 139 <- OK VALUE_UPDATED
[2026-09-20 22:40:05] Cliente ID 151 <- OK RESOURCE_RELEASED
[2026-09-20 22:40:05] Cliente ID 135 -> RESERVE bench_tcp_49
[2026-09-20 22:40:05] Cliente ID 139 -> RESERVE bench_tcp_55
[2026-09-20 22:40:05] Cliente ID 88 <- OK RESOURCE_RESERVED
[2026-09-20 22:40:05] Cliente ID 88 -> RELEASE bench_tcp_3
[2026-09-20 22:40:05] Cliente ID 135 <- OK RESOURCE_RESERVED
[2026-09-20 22:40:05] Cliente ID 135 -> RELEASE bench_tcp_49
[2026-09-20 22:40:05] Cliente ID 170 <- OK RESOURCE_RELEASED
[2026-09-20 22:40:05] Cliente ID 129 <- OK RESOURCE_RELEASED
[2026-09-20 22:40:05] Recursos do cliente ID 151 liberados automaticamente
[2026-09-20 22:40:05] Cliente ID 151 desconectado
[2026-09-20 22:40:05] Cliente ID 105 <- OK RESOURCE_RELEASED
[2026-09-20 22:40:05] Recursos do cliente ID 125 liberados automaticamente
[2026-09-20 22:40:05] Cliente ID 125 desconectado
[2026-09-20 22:40:05] Recursos do cliente ID 133 liberados automaticamente
[2026-09-20 22:40:05] Cliente ID 133 desconectado
[2026-09-20 22:40:05] Cliente ID 147 <- OK RESOURCE_RESERVED
[2026-09-20 22:40:05] Cliente ID 111 <- OK RESOURCE_RELEASED
[2026-09-20 22:40:05] Cliente ID 183 <- OK RESOURCE_RELEASED
[2026-09-20 22:40:05] Cliente ID 147 -> RELEASE bench_tcp_62
[2026-09-20 22:40:05] Cliente ID 179 <- OK RESOURCE_RESERVED
[2026-09-20 22:40:05] Cliente ID 179 -> RELEASE bench_tcp_94
[2026-09-20 22:40:05] Cliente ID 148 <- OK RESOURCE_RELEASED
[2026-09-20 22:40:05] Cliente ID 147 <- OK RESOURCE_RELEASED
[2026-09-20 22:40:05] Cliente ID 97 <- OK RESOURCE_RELEASED
[2026-09-20 22:40:05] Recursos do cliente ID 183 liberados automaticamente
[2026-09-20 22:40:05] Cliente ID 183 desconectado
[2026-09-20 22:40:05] Recursos do cliente ID 148 liberados automaticamente
[2026-09-20 22:40:05] Cliente ID 148 desconectado
[2026-09-20 22:40:05] Cliente ID 172 <- OK RESOURCE_RELEASED
[2026-09-20 22:40:05] Cliente ID 100 <- OK RESOURCE_RELEASED
[2026-09-20 22:40:05] Recursos do cliente ID 166 liberados automaticamente
[2026-09-20 22:40:05] Cliente ID 166 desconectado
[2026-09-20 22:40:05] Cliente ID 156 <- OK VALUE 100
[2026-09-20 22:40:05] Cliente ID 156 -> SET bench_tcp_72 200
[2026-09-20 22:40:05] Cliente ID 118 <- OK RESOURCE_RELEASED
[2026-09-20 22:40:05] Cliente ID 145 <- OK VALUE 100
[2026-09-20 22:40:05] Cliente ID 145 -> SET bench_tcp_60 200
[2026-09-20 22:40:05] Cliente ID 131 <- OK RESOURCE_RELEASED
[2026-09-20 22:40:05] Cliente ID 156 <- OK VALUE_UPDATED
[2026-09-20 22:40:05] Cliente ID 145 <- OK VALUE_UPDATED
[2026-09-20 22:40:05] Cliente ID 99 <- OK RESOURCE_RESERVED
[2026-09-20 22:40:05] Cliente ID 180 <- OK RESOURCE_RELEASED
[2026-09-20 22:40:05] Cliente ID 99 -> RELEASE bench_tcp_13
[2026-09-20 22:40:05] Cliente ID 138 <- OK RESOURCE_RESERVED
[2026-09-20 22:40:05] Cliente ID 145 -> RESERVE bench_tcp_60
[2026-09-20 22:40:05] Cliente ID 138 -> RELEASE bench_tcp_53
[2026-09-20 22:40:05] Cliente ID 156 -> RESERVE bench_tcp_72
[2026-09-20 22:40:05] Cliente ID 93 <- OK RESOURCE_RELEASED
[2026-09-20 22:40:05] Cliente ID 144 <- OK RESOURCE_RESERVED
[2026-09-20 22:40:05] Recursos do cliente ID 118 liberados automaticamente
[2026-09-20 22:40:05] Cliente ID 144 -> RELEASE bench_tcp_59
[2026-09-20 22:40:05] Cliente ID 118 desconectado
[2026-09-20 22:40:05] Cliente ID 103 <- OK RESOURCE_RESERVED
[2026-09-20 22:40:05] Cliente ID 103 -> RELEASE bench_tcp_17
[2026-09-20 22:40:05] Cliente ID 116 <- OK RESOURCE_RELEASED
[2026-09-20 22:40:05] Cliente ID 103 <- OK RESOURCE_RELEASED
[2026-09-20 22:40:05] Cliente ID 149 <- OK RESOURCE_RELEASED
[2026-09-20 22:40:05] Cliente ID 123 <- OK RESOURCE_RELEASED
[2026-09-20 22:40:05] Cliente ID 132 <- OK RESOURCE_RELEASED
[2026-09-20 22:40:05] Cliente ID 121 <- OK RESOURCE_RELEASED
[2026-09-20 22:40:05] Cliente ID 160 <- OK RESOURCE_RELEASED
[2026-09-20 22:40:05] Cliente ID 102 <- OK RESOURCE_RESERVED
[2026-09-20 22:40:05] Cliente ID 102 -> RELEASE bench_tcp_18
[2026-09-20 22:40:05] Cliente ID 119 <- OK RESOURCE_RESERVED
[2026-09-20 22:40:05] Cliente ID 119 -> RELEASE bench_tcp_34
[2026-09-20 22:40:05] Recursos do cliente ID 103 liberados automaticamente
[2026-09-20 22:40:05] Cliente ID 103 desconectado
[2026-09-20 22:40:05] Recursos do cliente ID 109 liberados automaticamente
[2026-09-20 22:40:05] Cliente ID 109 desconectado
[2026-09-20 22:40:05] Recursos do cliente ID 167 liberados automaticamente
[2026-09-20 22:40:05] Cliente ID 144 <- OK RESOURCE_RELEASED
[2026-09-20 22:40:05] Cliente ID 167 desconectado
[2026-09-20 22:40:05] Recursos do cliente ID 144 liberados automaticamente
[2026-09-20 22:40:05] Cliente ID 144 desconectado
[2026-09-20 22:40:05] Cliente ID 108 <- OK RESOURCE_RELEASED
[2026-09-20 22:40:05] Recursos do cliente ID 184 liberados automaticamente
[2026-09-20 22:40:05] Cliente ID 96 <- OK RESOURCE_RESERVED
[2026-09-20 22:40:05] Cliente ID 184 desconectado
[2026-09-20 22:40:05] Cliente ID 154 <- OK RESOURCE_RELEASED
[2026-09-20 22:40:05] Cliente ID 96 -> RELEASE bench_tcp_11
[2026-09-20 22:40:05] Cliente ID 162 <- OK RESOURCE_RELEASED
[2026-09-20 22:40:05] Recursos do cliente ID 95 liberados automaticamente
[2026-09-20 22:40:05] Cliente ID 95 desconectado
[2026-09-20 22:40:05] Cliente ID 158 <- OK RESOURCE_RELEASED
[2026-09-20 22:40:05] Recursos do cliente ID 162 liberados automaticamente
[2026-09-20 22:40:05] Cliente ID 162 desconectado
[2026-09-20 22:40:05] Cliente ID 165 <- OK RESOURCE_RELEASED
[2026-09-20 22:40:05] Cliente ID 86 <- OK RESOURCE_RESERVED
[2026-09-20 22:40:05] Cliente ID 86 -> RELEASE bench_tcp_1
[2026-09-20 22:40:05] Cliente ID 89 <- OK RESOURCE_RELEASED
[2026-09-20 22:40:05] Recursos do cliente ID 165 liberados automaticamente
[2026-09-20 22:40:05] Cliente ID 165 desconectado
[2026-09-20 22:40:05] Cliente ID 86 <- OK RESOURCE_RELEASED
[2026-09-20 22:40:05] Recursos do cliente ID 113 liberados automaticamente
[2026-09-20 22:40:05] Cliente ID 113 desconectado
[2026-09-20 22:40:05] Cliente ID 137 <- OK RESOURCE_RESERVED
[2026-09-20 22:40:05] Cliente ID 137 -> RELEASE bench_tcp_52
[2026-09-20 22:40:05] Cliente ID 174 <- OK RESOURCE_RELEASED
[2026-09-20 22:40:05] Recursos do cliente ID 86 liberados automaticamente
[2026-09-20 22:40:05] Cliente ID 86 desconectado
[2026-09-20 22:40:05] Cliente ID 155 <- OK VALUE_UPDATED
[2026-09-20 22:40:05] Cliente ID 152 <- OK RESOURCE_RELEASED
[2026-09-20 22:40:05] Recursos do cliente ID 174 liberados automaticamente
[2026-09-20 22:40:05] Cliente ID 155 -> RESERVE bench_tcp_71
[2026-09-20 22:40:05] Cliente ID 174 desconectado
[2026-09-20 22:40:05] Cliente ID 143 <- OK VALUE_UPDATED
[2026-09-20 22:40:05] Cliente ID 143 -> RESERVE bench_tcp_58
[2026-09-20 22:40:05] Cliente ID 155 <- OK RESOURCE_RESERVED
[2026-09-20 22:40:05] Cliente ID 155 -> RELEASE bench_tcp_71
[2026-09-20 22:40:05] Cliente ID 98 <- OK RESOURCE_RESERVED
[2026-09-20 22:40:05] Cliente ID 98 -> RELEASE bench_tcp_14
[2026-09-20 22:40:05] Cliente ID 164 <- OK RESOURCE_RELEASED
[2026-09-20 22:40:05] Cliente ID 181 <- OK VALUE_UPDATED
[2026-09-20 22:40:05] Cliente ID 181 -> RESERVE bench_tcp_96
[2026-09-20 22:40:05] Cliente ID 146 <- OK RESOURCE_RELEASED
[2026-09-20 22:40:05] Recursos do cliente ID 152 liberados automaticamente
[2026-09-20 22:40:05] Cliente ID 152 desconectado
[2026-09-20 22:40:05] Recursos do cliente ID 146 liberados automaticamente
[2026-09-20 22:40:05] Cliente ID 146 desconectado
[2026-09-20 22:40:05] Cliente ID 128 <- OK RESOURCE_RELEASED
[2026-09-20 22:40:05] Cliente ID 91 <- OK RESOURCE_RELEASED
[2026-09-20 22:40:05] Recursos do cliente ID 175 liberados automaticamente
[2026-09-20 22:40:05] Cliente ID 159 <- OK RESOURCE_RESERVED
[2026-09-20 22:40:05] Cliente ID 175 desconectado
[2026-09-20 22:40:05] Cliente ID 159 -> RELEASE bench_tcp_75
[2026-09-20 22:40:05] Recursos do cliente ID 91 liberados automaticamente
[2026-09-20 22:40:05] Cliente ID 91 desconectado
[2026-09-20 22:40:05] Recursos do cliente ID 185 liberados automaticamente
[2026-09-20 22:40:05] Cliente ID 185 desconectado
[2026-09-20 22:40:05] Cliente ID 134 <- OK RESOURCE_RELEASED
[2026-09-20 22:40:05] Recursos do cliente ID 112 liberados automaticamente
[2026-09-20 22:40:05] Cliente ID 112 desconectado
[2026-09-20 22:40:05] Cliente ID 107 <- OK RESOURCE_RELEASED
[2026-09-20 22:40:05] Cliente ID 101 <- OK RESOURCE_RELEASED
[2026-09-20 22:40:05] Cliente ID 168 <- OK RESOURCE_RELEASED
[2026-09-20 22:40:05] Cliente ID 87 <- OK RESOURCE_RESERVED
[2026-09-20 22:40:05] Cliente ID 130 <- OK RESOURCE_RESERVED
[2026-09-20 22:40:05] Cliente ID 87 -> RELEASE bench_tcp_2
[2026-09-20 22:40:05] Cliente ID 130 -> RELEASE bench_tcp_46
[2026-09-20 22:40:05] Cliente ID 136 <- OK RESOURCE_RESERVED
[2026-09-20 22:40:05] Cliente ID 136 -> RELEASE bench_tcp_51
[2026-09-20 22:40:05] Cliente ID 106 <- OK RESOURCE_RESERVED
[2026-09-20 22:40:05] Cliente ID 106 -> RELEASE bench_tcp_21
[2026-09-20 22:40:05] Cliente ID 126 <- OK RESOURCE_RELEASED
[2026-09-20 22:40:05] Recursos do cliente ID 124 liberados automaticamente
[2026-09-20 22:40:05] Cliente ID 124 desconectado
[2026-09-20 22:40:05] Cliente ID 163 <- OK RESOURCE_RELEASED
[2026-09-20 22:40:05] Cliente ID 142 <- OK RESOURCE_RELEASED
[2026-09-20 22:40:05] Recursos do cliente ID 169 liberados automaticamente
[2026-09-20 22:40:05] Cliente ID 169 desconectado
[2026-09-20 22:40:05] Recursos do cliente ID 178 liberados automaticamente
[2026-09-20 22:40:05] Cliente ID 178 desconectado
[2026-09-20 22:40:05] Cliente ID 157 <- OK RESOURCE_RELEASED
[2026-09-20 22:40:05] Cliente ID 177 <- OK RESOURCE_RESERVED
[2026-09-20 22:40:05] Recursos do cliente ID 153 liberados automaticamente
[2026-09-20 22:40:05] Cliente ID 177 -> RELEASE bench_tcp_90
[2026-09-20 22:40:05] Cliente ID 153 desconectado
[2026-09-20 22:40:05] Cliente ID 177 <- OK RESOURCE_RELEASED
[2026-09-20 22:40:05] Recursos do cliente ID 140 liberados automaticamente
[2026-09-20 22:40:05] Cliente ID 140 desconectado
[2026-09-20 22:40:05] Recursos do cliente ID 90 liberados automaticamente
[2026-09-20 22:40:05] Cliente ID 90 desconectado
[2026-09-20 22:40:05] Recursos do cliente ID 104 liberados automaticamente
[2026-09-20 22:40:05] Cliente ID 104 desconectado
[2026-09-20 22:40:05] Cliente ID 139 <- OK RESOURCE_RESERVED
[2026-09-20 22:40:05] Cliente ID 88 <- OK RESOURCE_RELEASED
[2026-09-20 22:40:05] Cliente ID 135 <- OK RESOURCE_RELEASED
[2026-09-20 22:40:05] Cliente ID 139 -> RELEASE bench_tcp_55
[2026-09-20 22:40:05] Recursos do cliente ID 170 liberados automaticamente
[2026-09-20 22:40:05] Cliente ID 170 desconectado
[2026-09-20 22:40:05] Recursos do cliente ID 135 liberados automaticamente
[2026-09-20 22:40:05] Cliente ID 135 desconectado
[2026-09-20 22:40:05] Recursos do cliente ID 129 liberados automaticamente
[2026-09-20 22:40:05] Cliente ID 129 desconectado
[2026-09-20 22:40:05] Cliente ID 141 <- OK VALUE_UPDATED
[2026-09-20 22:40:05] Cliente ID 141 -> RESERVE bench_tcp_56
[2026-09-20 22:40:05] Recursos do cliente ID 111 liberados automaticamente
[2026-09-20 22:40:05] Cliente ID 111 desconectado
[2026-09-20 22:40:05] Cliente ID 179 <- OK RESOURCE_RELEASED
[2026-09-20 22:40:05] Cliente ID 92 <- OK RESOURCE_RELEASED
[2026-09-20 22:40:05] Recursos do cliente ID 97 liberados automaticamente
[2026-09-20 22:40:05] Cliente ID 97 desconectado
[2026-09-20 22:40:05] Recursos do cliente ID 147 liberados automaticamente
[2026-09-20 22:40:05] Cliente ID 147 desconectado
[2026-09-20 22:40:05] Recursos do cliente ID 172 liberados automaticamente
[2026-09-20 22:40:05] Cliente ID 172 desconectado
[2026-09-20 22:40:05] Recursos do cliente ID 100 liberados automaticamente
[2026-09-20 22:40:05] Cliente ID 100 desconectado
[2026-09-20 22:40:05] Recursos do cliente ID 115 liberados automaticamente
[2026-09-20 22:40:05] Cliente ID 115 desconectado
[2026-09-20 22:40:05] Recursos do cliente ID 131 liberados automaticamente
[2026-09-20 22:40:05] Cliente ID 131 desconectado
[2026-09-20 22:40:05] Recursos do cliente ID 180 liberados automaticamente
[2026-09-20 22:40:05] Cliente ID 180 desconectado
[2026-09-20 22:40:05] Cliente ID 99 <- OK RESOURCE_RELEASED
[2026-09-20 22:40:05] Cliente ID 145 <- OK RESOURCE_RESERVED
[2026-09-20 22:40:05] Cliente ID 145 -> RELEASE bench_tcp_60
[2026-09-20 22:40:05] Cliente ID 138 <- OK RESOURCE_RELEASED
[2026-09-20 22:40:05] Cliente ID 156 <- OK RESOURCE_RESERVED
[2026-09-20 22:40:05] Cliente ID 156 -> RELEASE bench_tcp_72
[2026-09-20 22:40:05] Recursos do cliente ID 93 liberados automaticamente
[2026-09-20 22:40:05] Cliente ID 93 desconectado
[2026-09-20 22:40:05] Recursos do cliente ID 114 liberados automaticamente
[2026-09-20 22:40:05] Cliente ID 114 desconectado
[2026-09-20 22:40:05] Recursos do cliente ID 116 liberados automaticamente
[2026-09-20 22:40:05] Cliente ID 116 desconectado
[2026-09-20 22:40:05] Recursos do cliente ID 149 liberados automaticamente
[2026-09-20 22:40:05] Cliente ID 149 desconectado
[2026-09-20 22:40:05] Recursos do cliente ID 123 liberados automaticamente
[2026-09-20 22:40:05] Cliente ID 123 desconectado
[2026-09-20 22:40:05] Recursos do cliente ID 132 liberados automaticamente
[2026-09-20 22:40:05] Cliente ID 132 desconectado
[2026-09-20 22:40:05] Recursos do cliente ID 121 liberados automaticamente
[2026-09-20 22:40:05] Cliente ID 121 desconectado
[2026-09-20 22:40:05] Recursos do cliente ID 160 liberados automaticamente
[2026-09-20 22:40:05] Cliente ID 160 desconectado
[2026-09-20 22:40:05] Cliente ID 119 <- OK RESOURCE_RELEASED
[2026-09-20 22:40:05] Cliente ID 102 <- OK RESOURCE_RELEASED
[2026-09-20 22:40:05] Recursos do cliente ID 127 liberados automaticamente
[2026-09-20 22:40:05] Cliente ID 127 desconectado
[2026-09-20 22:40:05] Recursos do cliente ID 102 liberados automaticamente
[2026-09-20 22:40:05] Cliente ID 102 desconectado
[2026-09-20 22:40:05] Cliente ID 96 <- OK RESOURCE_RELEASED
[2026-09-20 22:40:05] Recursos do cliente ID 154 liberados automaticamente
[2026-09-20 22:40:05] Cliente ID 154 desconectado
[2026-09-20 22:40:05] Recursos do cliente ID 96 liberados automaticamente
[2026-09-20 22:40:05] Recursos do cliente ID 158 liberados automaticamente
[2026-09-20 22:40:05] Cliente ID 96 desconectado
[2026-09-20 22:40:05] Cliente ID 158 desconectado
[2026-09-20 22:40:05] Recursos do cliente ID 89 liberados automaticamente
[2026-09-20 22:40:05] Cliente ID 89 desconectado
[2026-09-20 22:40:05] Cliente ID 150 <- OK VALUE_UPDATED
[2026-09-20 22:40:05] Cliente ID 150 -> RESERVE bench_tcp_65
[2026-09-20 22:40:05] Cliente ID 137 <- OK RESOURCE_RELEASED
[2026-09-20 22:40:05] Recursos do cliente ID 117 liberados automaticamente
[2026-09-20 22:40:05] Cliente ID 117 desconectado
[2026-09-20 22:40:05] Recursos do cliente ID 137 liberados automaticamente
[2026-09-20 22:40:05] Cliente ID 137 desconectado
[2026-09-20 22:40:05] Recursos do cliente ID 161 liberados automaticamente
[2026-09-20 22:40:05] Cliente ID 161 desconectado
[2026-09-20 22:40:05] Cliente ID 155 <- OK RESOURCE_RELEASED
[2026-09-20 22:40:05] Recursos do cliente ID 164 liberados automaticamente
[2026-09-20 22:40:05] Cliente ID 164 desconectado
[2026-09-20 22:40:05] Cliente ID 98 <- OK RESOURCE_RELEASED
[2026-09-20 22:40:05] Recursos do cliente ID 128 liberados automaticamente
[2026-09-20 22:40:05] Cliente ID 128 desconectado
[2026-09-20 22:40:05] Cliente ID 181 <- OK RESOURCE_RESERVED
[2026-09-20 22:40:05] Cliente ID 171 <- OK RESOURCE_RESERVED
[2026-09-20 22:40:05] Cliente ID 181 -> RELEASE bench_tcp_96
[2026-09-20 22:40:05] Cliente ID 159 <- OK RESOURCE_RELEASED
[2026-09-20 22:40:05] Cliente ID 171 -> RELEASE bench_tcp_86
[2026-09-20 22:40:05] Recursos do cliente ID 134 liberados automaticamente
[2026-09-20 22:40:05] Recursos do cliente ID 101 liberados automaticamente
[2026-09-20 22:40:05] Cliente ID 134 desconectado
[2026-09-20 22:40:05] Cliente ID 101 desconectado
[2026-09-20 22:40:05] Recursos do cliente ID 107 liberados automaticamente
[2026-09-20 22:40:05] Cliente ID 107 desconectado
[2026-09-20 22:40:05] Recursos do cliente ID 168 liberados automaticamente
[2026-09-20 22:40:05] Cliente ID 168 desconectado
[2026-09-20 22:40:05] Cliente ID 87 <- OK RESOURCE_RELEASED
[2026-09-20 22:40:05] Cliente ID 130 <- OK RESOURCE_RELEASED
[2026-09-20 22:40:05] Cliente ID 136 <- OK RESOURCE_RELEASED
[2026-09-20 22:40:05] Cliente ID 106 <- OK RESOURCE_RELEASED
[2026-09-20 22:40:05] Recursos do cliente ID 126 liberados automaticamente
[2026-09-20 22:40:05] Cliente ID 126 desconectado
[2026-09-20 22:40:05] Recursos do cliente ID 106 liberados automaticamente
[2026-09-20 22:40:05] Cliente ID 106 desconectado
[2026-09-20 22:40:05] Recursos do cliente ID 142 liberados automaticamente
[2026-09-20 22:40:05] Cliente ID 142 desconectado
[2026-09-20 22:40:05] Recursos do cliente ID 157 liberados automaticamente
[2026-09-20 22:40:05] Cliente ID 157 desconectado
[2026-09-20 22:40:05] Recursos do cliente ID 177 liberados automaticamente
[2026-09-20 22:40:05] Cliente ID 177 desconectado
[2026-09-20 22:40:05] Cliente ID 139 <- OK RESOURCE_RELEASED
[2026-09-20 22:40:05] Recursos do cliente ID 88 liberados automaticamente
[2026-09-20 22:40:05] Cliente ID 88 desconectado
[2026-09-20 22:40:05] Recursos do cliente ID 105 liberados automaticamente
[2026-09-20 22:40:05] Cliente ID 105 desconectado
[2026-09-20 22:40:05] Cliente ID 141 <- OK RESOURCE_RESERVED
[2026-09-20 22:40:06] Cliente ID 141 -> RELEASE bench_tcp_56
[2026-09-20 22:40:06] Recursos do cliente ID 179 liberados automaticamente
[2026-09-20 22:40:06] Cliente ID 179 desconectado
[2026-09-20 22:40:06] Recursos do cliente ID 92 liberados automaticamente
[2026-09-20 22:40:06] Cliente ID 92 desconectado
[2026-09-20 22:40:06] Recursos do cliente ID 99 liberados automaticamente
[2026-09-20 22:40:06] Cliente ID 99 desconectado
[2026-09-20 22:40:06] Cliente ID 145 <- OK RESOURCE_RELEASED
[2026-09-20 22:40:06] Recursos do cliente ID 138 liberados automaticamente
[2026-09-20 22:40:06] Cliente ID 138 desconectado
[2026-09-20 22:40:06] Cliente ID 156 <- OK RESOURCE_RELEASED
[2026-09-20 22:40:06] Recursos do cliente ID 119 liberados automaticamente
[2026-09-20 22:40:06] Cliente ID 119 desconectado
[2026-09-20 22:40:06] Recursos do cliente ID 108 liberados automaticamente
[2026-09-20 22:40:06] Cliente ID 108 desconectado
[2026-09-20 22:40:06] Cliente ID 173 <- OK RESOURCE_RESERVED
[2026-09-20 22:40:06] Cliente ID 173 -> RELEASE bench_tcp_89
[2026-09-20 22:40:06] Cliente ID 150 <- OK RESOURCE_RESERVED
[2026-09-20 22:40:06] Cliente ID 150 -> RELEASE bench_tcp_65
[2026-09-20 22:40:06] Cliente ID 143 <- OK RESOURCE_RESERVED
[2026-09-20 22:40:06] Cliente ID 143 -> RELEASE bench_tcp_58
[2026-09-20 22:40:06] Recursos do cliente ID 155 liberados automaticamente
[2026-09-20 22:40:06] Cliente ID 155 desconectado
[2026-09-20 22:40:06] Recursos do cliente ID 98 liberados automaticamente
[2026-09-20 22:40:06] Cliente ID 98 desconectado
[2026-09-20 22:40:06] Cliente ID 181 <- OK RESOURCE_RELEASED
[2026-09-20 22:40:06] Cliente ID 171 <- OK RESOURCE_RELEASED
[2026-09-20 22:40:06] Recursos do cliente ID 159 liberados automaticamente
[2026-09-20 22:40:06] Cliente ID 159 desconectado
[2026-09-20 22:40:06] Recursos do cliente ID 130 liberados automaticamente
[2026-09-20 22:40:06] Cliente ID 130 desconectado
[2026-09-20 22:40:06] Recursos do cliente ID 87 liberados automaticamente
[2026-09-20 22:40:06] Cliente ID 87 desconectado
[2026-09-20 22:40:06] Recursos do cliente ID 136 liberados automaticamente
[2026-09-20 22:40:06] Cliente ID 136 desconectado
[2026-09-20 22:40:06] Recursos do cliente ID 163 liberados automaticamente
[2026-09-20 22:40:06] Cliente ID 163 desconectado
[2026-09-20 22:40:06] Recursos do cliente ID 139 liberados automaticamente
[2026-09-20 22:40:06] Cliente ID 139 desconectado
[2026-09-20 22:40:06] Cliente ID 141 <- OK RESOURCE_RELEASED
[2026-09-20 22:40:06] Recursos do cliente ID 145 liberados automaticamente
[2026-09-20 22:40:06] Cliente ID 145 desconectado
[2026-09-20 22:40:06] Recursos do cliente ID 156 liberados automaticamente
[2026-09-20 22:40:06] Cliente ID 156 desconectado
[2026-09-20 22:40:06] Cliente ID 173 <- OK RESOURCE_RELEASED
[2026-09-20 22:40:06] Cliente ID 150 <- OK RESOURCE_RELEASED
[2026-09-20 22:40:06] Cliente ID 143 <- OK RESOURCE_RELEASED
[2026-09-20 22:40:06] Recursos do cliente ID 181 liberados automaticamente
[2026-09-20 22:40:06] Cliente ID 181 desconectado
[2026-09-20 22:40:06] Recursos do cliente ID 171 liberados automaticamente
[2026-09-20 22:40:06] Cliente ID 171 desconectado
[2026-09-20 22:40:06] Recursos do cliente ID 141 liberados automaticamente
[2026-09-20 22:40:06] Cliente ID 141 desconectado
[2026-09-20 22:40:06] Recursos do cliente ID 173 liberados automaticamente
[2026-09-20 22:40:06] Cliente ID 173 desconectado
[2026-09-20 22:40:06] Recursos do cliente ID 150 liberados automaticamente
[2026-09-20 22:40:06] Cliente ID 150 desconectado
[2026-09-20 22:40:06] Recursos do cliente ID 143 liberados automaticamente
[2026-09-20 22:40:06] Cliente ID 143 desconectado
